date,time,tno,tvol,tval,pmin,pmax,py,pf,pl,plc,plp,pc,pcc,pcp
1405-03-13,17:49:10,781,117804678,133255118832,1131,1163,1165,1131,1131,-34,-2.92,1131,-34,-2.92
1405-03-12,13:29:56,3471,343252264,399855028347,1145,1199,1180,1156,1148,-32,-2.71,1165,-15,-1.27
1405-03-11,13:29:57,3583,478636064,564563363586,1160,1187,1153,1187,1168,15,1.3,1180,27,2.34
1405-03-10,13:28:45,218,42392639,48878712767,1153,1153,1120,1153,1153,33,2.95,1153,33,2.95
1405-03-09,13:28:55,273,50019699,56022062880,1120,1120,1088,1120,1120,32,2.94,1120,32,2.94
1405-03-05,13:29:25,1193,269010624,292616578958,1070,1088,1057,1088,1088,31,2.93,1088,31,2.93
1405-03-04,13:29:56,327,65536892,69272494844,1057,1057,1027,1057,1057,30,2.92,1057,30,2.92
1405-03-03,13:19:47,253,61168505,62820054635,1027,1027,998,1027,1027,29,2.91,1027,29,2.91
1405-03-02,06:14:32,0,0,0,0,0,998,0,998,0,0.0,998,0,0.0
1405-02-30,06:10:26,0,0,0,0,0,998,0,998,0,0.0,998,0,0.0
1405-02-29,06:10:20,0,0,0,0,0,998,0,998,0,0.0,998,0,0.0
1405-02-28,06:11:08,0,0,0,0,0,998,0,998,0,0.0,998,0,0.0
1405-02-27,06:10:15,0,0,0,0,0,998,0,998,0,0.0,998,0,0.0
1405-02-26,06:10:37,0,0,0,0,0,998,0,998,0,0.0,998,0,0.0
1405-02-23,06:11:07,0,0,0,0,0,998,0,998,0,0.0,998,0,0.0
1405-02-22,06:10:57,0,0,0,0,0,998,0,998,0,0.0,998,0,0.0
1405-02-21,06:10:56,0,0,0,0,0,998,0,998,0,0.0,998,0,0.0
1405-02-20,06:10:43,0,0,0,0,0,998,0,998,0,0.0,998,0,0.0
1405-02-19,06:10:16,0,0,0,0,0,998,0,998,-29,-2.91,998,0,0.0
1405-02-16,06:10:23,0,0,0,0,0,998,0,998,0,0.0,998,0,0.0
1405-02-15,06:10:51,0,0,0,0,0,998,0,998,0,0.0,998,0,0.0
1405-02-14,06:11:07,0,0,0,0,0,998,0,998,0,0.0,998,0,0.0
1405-02-13,06:15:08,0,0,0,0,0,998,0,998,0,0.0,998,0,0.0
1405-02-12,06:10:19,0,0,0,0,0,998,0,998,0,0.0,998,0,0.0
1405-02-09,06:11:05,0,0,0,0,0,998,0,998,0,0.0,998,0,0.0
1405-02-08,06:10:56,0,0,0,0,0,998,0,998,0,0.0,998,0,0.0
1405-02-07,06:10:49,0,0,0,0,0,998,0,998,0,0.0,998,0,0.0
1405-02-06,06:11:05,0,0,0,0,0,998,0,998,0,0.0,998,0,0.0
1405-02-05,06:16:06,0,0,0,0,0,998,0,998,0,0.0,998,0,0.0
1405-02-02,06:10:11,0,0,0,0,0,998,0,998,0,0.0,998,0,0.0
1405-02-01,06:10:50,0,0,0,0,0,998,0,998,0,0.0,998,0,0.0
1405-01-31,06:11:03,0,0,0,0,0,998,0,998,0,0.0,998,0,0.0
1405-01-30,06:10:57,0,0,0,0,0,998,0,998,0,0.0,998,0,0.0
1405-01-29,06:10:42,0,0,0,0,0,998,0,998,0,0.0,998,0,0.0
1405-01-26,06:10:11,0,0,0,0,0,998,0,998,0,0.0,998,0,0.0
1405-01-24,06:10:15,0,0,0,0,0,998,0,998,0,0.0,998,0,0.0
1405-01-23,06:11:05,0,0,0,0,0,998,0,998,0,0.0,998,0,0.0
1405-01-22,06:10:43,0,0,0,0,0,998,0,998,0,0.0,998,0,0.0
1405-01-19,06:10:09,0,0,0,0,0,998,0,998,0,0.0,998,0,0.0
1405-01-18,06:11:05,0,0,0,0,0,998,0,998,0,0.0,998,0,0.0
1405-01-17,06:10:55,0,0,0,0,0,998,0,998,0,0.0,998,0,0.0
1405-01-16,06:11:01,0,0,0,0,0,998,0,998,0,0.0,998,0,0.0
1405-01-11,06:10:12,0,0,0,0,0,998,0,998,0,0.0,998,0,0.0
1405-01-10,06:10:09,0,0,0,0,0,998,0,998,0,0.0,998,0,0.0
1405-01-09,06:11:07,0,0,0,0,0,998,0,998,0,0.0,998,0,0.0
1405-01-08,06:10:25,0,0,0,0,0,998,0,998,0,0.0,998,0,0.0
1405-01-05,06:11:03,0,0,0,0,0,998,0,998,0,0.0,998,0,0.0
1404-12-27,06:10:26,0,0,0,0,0,998,0,998,0,0.0,998,0,0.0
1404-12-26,06:13:55,0,0,0,0,0,998,0,998,0,0.0,998,0,0.0
1404-12-25,06:13:18,0,0,0,0,0,998,0,998,0,0.0,998,0,0.0
1404-12-24,06:10:26,0,0,0,0,0,998,0,998,0,0.0,998,0,0.0
1404-12-23,06:10:42,0,0,0,0,0,998,0,998,0,0.0,998,0,0.0
1404-12-19,06:11:07,0,0,0,0,0,998,0,998,0,0.0,998,0,0.0
1404-12-18,06:10:53,0,0,0,0,0,998,0,998,-29,-2.91,998,0,0.0
1404-12-17,06:11:08,0,0,0,0,0,998,0,998,0,0.0,998,0,0.0
1404-12-16,06:15:31,0,0,0,0,0,998,0,998,0,0.0,998,0,0.0
1404-12-13,06:12:14,0,0,0,0,0,998,0,998,0,0.0,998,0,0.0
1404-12-12,06:14:07,0,0,0,0,0,998,0,998,0,0.0,998,0,0.0
1404-12-11,06:10:40,0,0,0,0,0,998,0,998,0,0.0,998,0,0.0
1404-12-09,12:19:20,0,0,0,0,0,998,0,998,-29,-2.91,998,0,0.0
1404-12-06,12:30:00,3793,841257805,839576307228,998,1009,1028,998,998,-30,-2.92,998,-30,-2.92
1404-12-05,12:29:41,221,31567054,32450931512,1028,1028,1059,1028,1028,-31,-2.93,1028,-31,-2.93
1404-12-04,12:29:59,2324,482691547,511289110178,1059,1075,1091,1059,1059,-32,-2.93,1059,-32,-2.93
1404-12-03,12:26:20,172,24748191,27000276381,1091,1091,1124,1091,1091,-33,-2.94,1091,-33,-2.94
1404-12-02,12:29:24,74,8070912,9071705088,1124,1124,1158,1124,1124,-34,-2.94,1124,-34,-2.94
1404-11-29,12:29:25,337,54814811,63475551138,1158,1158,1193,1158,1158,-35,-2.93,1158,-35,-2.93
1404-11-28,12:29:48,246,33008621,39379284853,1193,1193,1229,1193,1193,-36,-2.93,1193,-36,-2.93
1404-11-27,06:10:16,0,0,0,0,0,1233,0,1233,0,0.0,1233,0,0.0
1404-11-26,06:11:01,0,0,0,0,0,1233,0,1233,0,0.0,1233,0,0.0
1404-11-25,06:10:22,0,0,0,0,0,1233,0,1233,0,0.0,1233,0,0.0
1404-11-21,06:11:05,0,0,0,0,0,1233,0,1233,0,0.0,1233,0,0.0
1404-11-20,14:09:46,0,0,0,0,0,1233,1240,1233,0,0.0,1233,0,0.0
1404-11-19,06:11:01,0,0,0,0,0,1233,0,1233,0,0.0,1233,0,0.0
1404-11-18,12:28:50,665,137519638,169561713654,1233,1233,1198,1233,1233,35,2.92,1233,35,2.92
1404-11-14,12:29:43,3660,570302794,682995975289,1161,1207,1172,1207,1207,35,2.99,1198,26,2.22
1404-11-13,12:29:50,3052,468071842,548553996617,1132,1189,1155,1132,1189,34,2.94,1172,17,1.47
1404-11-12,12:29:58,308,39495007,45616733085,1155,1155,1190,1155,1155,-35,-2.94,1155,-35,-2.94
1404-11-11,12:29:46,233,37347566,44443603540,1190,1190,1226,1190,1190,-36,-2.94,1190,-36,-2.94
1404-11-08,12:29:42,378,62996930,77234236180,1226,1226,1263,1226,1226,-37,-2.93,1226,-37,-2.93
1404-11-07,12:26:21,155,23919685,30210562155,1263,1263,1302,1263,1263,-39,-3.0,1263,-39,-3.0
1404-11-06,12:27:11,150,29406232,38286914064,1302,1302,1342,1302,1302,-40,-2.98,1302,-40,-2.98
1404-11-05,12:25:00,3833,630886706,846508458484,1339,1380,1380,1340,1339,-41,-2.97,1342,-38,-2.75
1404-11-04,12:29:59,8205,1776270270,2451089800576,1342,1381,1341,1381,1381,40,2.98,1380,39,2.91
1404-11-01,12:27:22,655,109145947,146364714927,1341,1341,1302,1341,1341,39,3.0,1341,39,3.0
1404-10-30,12:28:34,440,43494187,56629431474,1302,1302,1265,1302,1302,37,2.92,1302,37,2.92
1404-10-29,12:29:41,3102,721369773,912527417845,1259,1265,1229,1265,1265,36,2.93,1265,36,2.93
1404-10-28,12:29:29,522,89740804,110291448116,1229,1229,1194,1229,1229,35,2.93,1229,35,2.93
1404-10-24,12:29:55,4280,851072511,1016302371818,1150,1196,1162,1195,1196,34,2.93,1194,32,2.75
1404-10-23,12:29:57,3803,802725689,932518346402,1133,1162,1129,1162,1162,33,2.92,1162,33,2.92
1404-10-22,12:29:25,1428,301112891,339956453939,1129,1129,1097,1129,1129,32,2.92,1129,32,2.92
1404-10-21,12:29:59,2189,436231114,478431618622,1055,1102,1070,1055,1102,32,2.99,1097,27,2.52
1404-10-20,12:29:56,1977,567648047,607356556847,1069,1086,1102,1069,1080,-22,-2.0,1070,-32,-2.9
1404-10-17,06:13:48,0,0,0,0,0,1102,0,1104,0,0.0,1102,0,0.0
1404-10-16,12:29:54,2368,371687490,409602710262,1081,1104,1072,1097,1104,32,2.99,1102,30,2.8
1404-10-15,12:29:58,3187,333498614,357662876383,1033,1094,1064,1033,1071,7,0.66,1072,8,0.75
1404-10-14,12:29:39,563,62421391,66435512372,1064,1090,1096,1064,1064,-32,-2.92,1064,-32,-2.92
1404-10-10,14:40:16,3815,463772522,508136802291,1093,1118,1126,1093,1093,-33,-2.93,1096,-30,-2.66
1404-10-09,12:28:47,821,143937742,162137705089,1124,1149,1158,1124,1124,-34,-2.94,1126,-32,-2.76
1404-10-08,12:29:54,5489,795342207,921374681103,1113,1169,1135,1169,1164,29,2.56,1158,23,2.03
1404-10-07,12:29:52,5099,1004266257,1139833944503,1100,1139,1106,1120,1139,33,2.98,1135,29,2.62
1404-10-06,12:30:01,3583,364752079,403401135867,1080,1135,1106,1135,1100,-6,-0.54,1106,0,0.0
1404-10-03,12:29:59,2883,289749990,320378004788,1089,1114,1082,1099,1107,25,2.31,1106,24,2.22
1404-10-02,12:29:58,1943,159607029,172642830296,1059,1098,1079,1068,1090,11,1.02,1082,3,0.28
1404-10-01,12:29:58,4522,506844529,546937661546,1071,1128,1104,1084,1071,-33,-2.99,1079,-25,-2.26
1404-09-30,12:29:58,4126,458257889,505942338426,1073,1133,1100,1120,1090,-10,-0.91,1104,4,0.36
1404-09-29,12:29:59,857,115911168,127498431042,1082,1100,1068,1100,1100,32,3.0,1100,32,3.0
1404-09-26,12:29:16,2557,325320112,347462996858,1025,1081,1050,1040,1081,31,2.95,1068,18,1.71
1404-09-25,12:29:19,3851,444052006,466401428537,1027,1089,1058,1059,1027,-31,-2.93,1050,-8,-0.76
1404-09-24,12:30:00,1127,183280801,193863539214,1034,1061,1031,1056,1061,30,2.91,1058,27,2.62
1404-09-23,14:33:32,3321,546764255,563824059444,1000,1034,1004,1034,1034,30,2.99,1031,27,2.69
1404-09-22,12:29:48,1179,170144473,170903950755,984,1006,977,984,1006,29,2.97,1004,27,2.76
1404-09-19,12:29:58,3962,520807863,508833454485,963,992,978,980,984,6,0.61,977,-1,-0.1
1404-09-18,12:29:09,2372,388367875,379913223097,953,982,954,953,982,28,2.94,978,24,2.52
1404-09-17,12:29:59,1650,170499906,162716984079,940,970,960,956,951,-9,-0.94,954,-6,-0.63
1404-09-16,12:29:45,2038,179424581,172175125950,942,996,971,972,942,-29,-2.99,960,-11,-1.13
1404-09-15,12:29:59,1329,215162491,208895620890,962,971,943,971,971,28,2.97,971,28,2.97
1404-09-12,12:29:16,1492,163099971,153779232146,926,949,922,929,949,27,2.93,943,21,2.28
1404-09-11,16:35:43,2013,194766088,179575086796,908,937,916,918,927,11,1.2,922,6,0.66
1404-09-10,12:29:58,2178,212382462,194462733991,901,942,915,916,911,-4,-0.44,916,1,0.11
1404-09-09,12:29:55,1842,193137435,176747288859,900,929,927,902,912,-15,-1.62,915,-12,-1.29
1404-09-08,12:29:49,1213,140328517,130103299247,926,939,954,926,926,-28,-2.94,927,-27,-2.83
1404-09-05,12:29:35,1391,117707051,112343288048,952,973,981,973,952,-29,-2.96,954,-27,-2.75
1404-09-04,12:29:55,1774,116594346,114431447620,961,1003,979,979,973,-6,-0.61,981,2,0.2
1404-09-02,16:55:07,1988,169572798,166007490508,960,995,986,960,963,-23,-2.33,979,-7,-0.71
1404-09-01,12:29:58,1817,142201072,140257249440,964,1015,993,1010,964,-29,-2.92,986,-7,-0.7
1404-08-28,12:29:59,1717,196191002,194842769462,966,1006,978,998,1006,28,2.86,993,15,1.53
1404-08-27,12:29:24,2161,309677501,302959860874,957,979,951,979,979,28,2.94,978,27,2.84
1404-08-26,12:29:05,328,21818552,20749442952,951,951,924,951,951,27,2.92,951,27,2.92
1404-08-25,12:29:47,964,95873038,88547632116,898,935,908,901,935,27,2.97,924,16,1.76
1404-08-24,12:29:57,2214,193082758,175269480346,901,942,928,913,901,-27,-2.91,908,-20,-2.16
1404-08-21,12:29:49,1800,140929012,130735833803,921,948,949,945,921,-28,-2.95,928,-21,-2.21
1404-08-20,12:29:59,1675,123521458,117166729799,921,977,949,946,931,-18,-1.9,949,0,0.0
1404-08-19,12:29:58,1947,244008844,231444116808,946,975,975,950,946,-29,-2.97,949,-26,-2.67
1404-08-18,12:29:28,2155,485098558,473050124442,975,995,1005,977,975,-30,-2.99,975,-30,-2.99
1404-08-17,12:28:54,2422,260163514,261465466721,994,1041,1024,1010,994,-30,-2.93,1005,-19,-1.86
1404-08-14,12:29:59,2235,344112670,352255549227,1023,1054,1054,1023,1023,-31,-2.94,1024,-30,-2.85
1404-08-13,12:29:14,1772,300909666,317196265130,1054,1064,1086,1054,1054,-32,-2.95,1054,-32,-2.95
1404-08-12,12:29:59,5611,717543182,779147673606,1044,1104,1072,1104,1051,-21,-1.96,1086,14,1.31
1404-08-11,12:28:33,549,86164241,92368066352,1072,1072,1041,1072,1072,31,2.98,1072,31,2.98
1404-08-10,06:10:31,0,0,0,0,0,1041,0,1041,0,0.0,1041,0,0.0
1404-08-07,06:11:05,0,0,0,0,0,1041,0,1041,0,0.0,1041,0,0.0
1404-08-06,06:10:58,0,0,0,0,0,1041,0,1041,0,0.0,1041,0,0.0
1404-08-05,06:10:42,0,0,0,0,0,1041,0,1041,0,0.0,1041,0,0.0
1404-08-04,06:14:53,0,0,0,0,0,1041,0,1041,0,0.0,1041,0,0.0
1404-08-03,12:29:24,488,76310020,79438730820,1041,1041,1011,1041,1041,30,2.97,1041,30,2.97
1404-07-30,06:10:42,0,0,0,0,0,1011,0,1026,0,0.0,1011,0,0.0
1404-07-29,16:59:44,4487,685895301,693151127477,968,1026,997,988,1026,29,2.91,1011,14,1.4
1404-07-28,12:29:49,3751,983631743,980651184985,980,997,968,997,997,29,3.0,997,29,3.0
1404-07-27,12:29:19,479,111494393,107926572424,968,968,940,968,968,28,2.98,968,28,2.98
1404-07-26,12:29:13,393,77767215,73101182100,940,940,913,940,940,27,2.96,940,27,2.96
1404-07-23,12:27:45,1543,322121210,294016486957,901,913,887,913,913,26,2.93,913,26,2.93
1404-07-22,12:29:49,1775,388477630,344578665720,885,887,862,887,887,25,2.9,887,25,2.9
1404-07-21,12:29:49,2113,461053968,397237946974,841,863,838,863,863,25,2.98,862,24,2.86
1404-07-20,12:28:51,272,34584987,28982219106,838,838,814,838,838,24,2.95,838,24,2.95
1404-07-19,12:23:49,1153,175695656,142991588405,800,815,792,800,815,23,2.9,814,22,2.78
1404-07-16,12:29:56,2134,245679655,194530387302,765,798,775,789,794,19,2.45,792,17,2.19
1404-07-15,12:29:25,1247,160665906,124548549892,744,777,755,746,777,22,2.91,775,20,2.65
1404-07-14,12:29:50,2056,281186709,212333801519,736,761,739,754,751,12,1.62,755,16,2.17
1404-07-13,12:28:28,1804,247968802,183180819657,725,744,723,744,744,21,2.9,739,16,2.21
1404-07-12,12:29:25,1039,194773055,140761569935,702,723,702,702,723,21,2.99,723,21,2.99
1404-07-09,15:50:52,1369,128235130,90059493561,698,715,719,709,698,-21,-2.92,702,-17,-2.36
1404-07-08,12:29:46,1886,226478898,162804903609,704,738,725,729,716,-9,-1.24,719,-6,-0.83
1404-07-07,12:29:29,187,22174417,16076452325,725,725,704,725,725,21,2.98,725,21,2.98
1404-07-06,12:23:12,269,44955598,31648740992,704,704,684,704,704,20,2.92,704,20,2.92
1404-07-05,12:29:35,608,54962618,37593262609,653,693,673,653,693,20,2.97,684,11,1.63
1404-07-02,12:29:54,1078,101511807,68339944307,673,683,693,673,673,-20,-2.89,673,-20,-2.89
1404-07-01,16:24:03,1072,95434720,66108947142,691,704,712,700,691,-21,-2.95,693,-19,-2.67
1404-06-31,12:29:56,1141,125721657,89462184523,685,718,698,685,707,9,1.29,712,14,2.01
1404-06-30,12:29:41,230,16641676,11549323144,694,694,715,694,694,-21,-2.94,698,-17,-2.38
1404-06-29,12:29:24,90,2924315,2038247555,697,697,718,697,697,-21,-2.92,715,-3,-0.42
1404-06-26,12:13:54,585,65319124,46923439633,718,725,740,719,718,-22,-2.97,718,-22,-2.97
1404-06-25,12:29:48,410,40667032,30107717511,740,749,762,743,740,-22,-2.89,740,-22,-2.89
1404-06-24,12:29:44,1350,158686456,120900996447,744,784,766,784,745,-21,-2.74,762,-4,-0.52
1404-06-23,12:29:59,1374,198604107,152194893757,736,770,748,741,770,22,2.94,766,18,2.41
1404-06-22,12:29:31,891,59087390,44171801274,738,767,760,755,747,-13,-1.71,748,-12,-1.58
1404-06-18,12:29:57,1429,136266260,103518007768,745,780,768,775,757,-11,-1.43,760,-8,-1.04
1404-06-17,12:29:59,1699,293716609,225543457559,756,768,746,767,768,22,2.95,768,22,2.95
1404-06-16,12:29:43,1334,201072054,150067372691,715,752,731,730,752,21,2.87,746,15,2.05
1404-06-15,12:29:51,1174,126031000,92141036443,718,747,726,747,732,6,0.83,731,5,0.69
1404-06-12,12:23:33,628,98343861,71437556365,720,727,706,724,727,21,2.97,726,20,2.83
1404-06-11,12:28:37,1063,169811685,119868979843,695,706,686,699,706,20,2.92,706,20,2.92
1404-06-09,12:29:47,713,64389791,44168356693,667,687,667,667,687,20,3.0,686,19,2.85
1404-06-08,12:28:10,754,70843446,47238493468,666,678,686,667,673,-13,-1.9,667,-19,-2.77
1404-06-05,12:29:57,737,57342314,39313554159,667,691,671,667,681,10,1.49,686,15,2.24
1404-06-04,12:29:08,595,42921714,28821611464,659,680,679,660,679,0,0.0,671,-8,-1.18
1404-06-03,12:29:59,887,79257885,53792245512,677,702,697,687,677,-20,-2.87,679,-18,-2.58
1404-06-01,12:29:54,584,44664624,31143091583,686,705,699,695,699,0,0.0,697,-2,-0.29
1404-05-29,12:29:58,815,66153848,46233048709,695,715,716,703,696,-20,-2.79,699,-17,-2.37
1404-05-28,12:29:16,668,57236375,40971243328,700,734,715,734,704,-11,-1.54,716,1,0.14
1404-05-27,12:29:53,1031,98250434,70249272289,703,721,700,721,709,9,1.29,715,15,2.14
1404-05-26,12:23:26,323,42464550,29724265508,690,700,680,690,700,20,2.94,700,20,2.94
1404-05-25,12:29:56,1345,123008533,83705868413,664,704,684,671,690,6,0.88,680,-4,-0.58
1404-05-22,12:29:59,1337,149699611,102400314462,683,697,704,689,697,-7,-0.99,684,-20,-2.84
1404-05-21,12:29:59,1210,111066460,78152078881,702,726,723,726,702,-21,-2.9,704,-19,-2.63
1404-05-20,12:29:42,1382,130165371,94097344687,721,741,743,729,723,-20,-2.69,723,-20,-2.69
1404-05-19,12:29:53,1521,114018791,84754126671,729,771,751,757,739,-12,-1.6,743,-8,-1.07
1404-05-18,12:29:59,951,90941507,68301001140,731,753,732,738,751,19,2.6,751,19,2.6
1404-05-15,12:29:54,901,62294783,45587035943,720,750,738,727,734,-4,-0.54,732,-6,-0.81
1404-05-14,12:29:52,1460,128966157,95191359896,731,773,753,773,732,-21,-2.79,738,-15,-1.99
1404-05-13,12:29:38,1537,141695976,106741789217,730,764,742,731,764,22,2.96,753,11,1.48
1404-05-12,12:29:56,1357,98363607,72985779530,730,758,736,750,739,3,0.41,742,6,0.82
1404-05-11,12:29:58,1925,221820200,163171645070,733,759,755,739,735,-20,-2.65,736,-19,-2.52
1404-05-08,12:29:58,2288,286198220,216151392435,754,768,777,754,759,-18,-2.32,755,-22,-2.83
1404-05-07,12:28:56,298,16007905,12406126375,775,775,798,775,775,-23,-2.88,777,-21,-2.63
1404-05-06,12:29:45,510,40622206,32433390701,798,809,822,800,798,-24,-2.92,798,-24,-2.92
1404-05-05,12:29:16,940,74819752,61518553339,821,845,846,836,821,-25,-2.96,822,-24,-2.84
1404-05-04,12:29:24,1247,106426798,90089368787,843,869,869,847,843,-26,-2.99,846,-23,-2.65
1404-05-01,12:29:55,999,78095880,67894222801,869,876,895,874,869,-26,-2.91,869,-26,-2.91
1404-04-31,12:29:53,1844,163870016,146736874891,875,908,882,884,876,-6,-0.68,895,13,1.47
1404-04-30,12:29:01,1466,173037256,152587448546,851,886,861,866,886,25,2.9,882,21,2.44
1404-04-29,15:31:31,1276,102677797,88446376120,847,877,867,867,850,-17,-1.96,861,-6,-0.69
1404-04-28,12:29:54,1438,121759876,105514366628,850,882,865,877,864,-1,-0.12,867,2,0.23
1404-04-25,12:29:58,2392,231537886,200173891121,846,889,872,887,864,-8,-0.92,865,-7,-0.8
1404-04-24,12:29:59,1241,82836196,72230491662,861,893,884,872,872,-12,-1.36,872,-12,-1.36
1404-04-23,12:29:59,2417,242084848,214016076813,872,907,898,902,878,-20,-2.23,884,-14,-1.56
1404-04-22,12:29:58,1300,162943411,146318602290,897,914,924,902,906,-18,-1.95,898,-26,-2.81
1404-04-21,12:29:59,2497,242603254,224194595825,920,947,948,920,920,-28,-2.95,924,-24,-2.53
1404-04-18,12:29:47,124,3924353,3633950878,926,926,954,926,926,-28,-2.94,948,-6,-0.63
1404-04-17,12:29:35,133,11400032,10761630208,944,944,973,944,944,-29,-2.98,954,-19,-1.95
1404-04-16,12:29:58,1317,96946269,94309348409,963,1005,992,981,963,-29,-2.92,973,-19,-1.92
1404-04-11,19:52:42,8223,1673355495,1659176390303,990,1036,1020,990,990,-30,-2.94,992,-28,-2.75
1404-04-10,12:29:24,41,800000,792800000,991,991,1021,991,991,-30,-2.94,1020,-1,-0.1
1404-04-09,12:27:45,71,1126274,1118390082,993,993,1023,993,993,-30,-2.93,1021,-2,-0.2
1404-04-08,12:27:14,96,14228635,14484750430,1018,1018,1049,1018,1018,-31,-2.96,1023,-26,-2.48
1404-04-07,12:13:51,70,11260303,11688194514,1038,1038,1070,1038,1038,-32,-2.99,1049,-21,-1.96
1404-04-04,06:10:46,0,0,0,0,0,1070,0,1062,0,0.0,1070,0,0.0
1404-04-03,06:21:48,0,0,0,0,0,1070,0,1062,0,0.0,1070,0,0.0
1404-04-02,06:11:00,0,0,0,0,0,1070,0,1062,0,0.0,1070,0,0.0
1404-04-01,06:10:44,0,0,0,0,0,1070,0,1062,0,0.0,1070,0,0.0
1404-03-31,06:10:55,0,0,0,0,0,1070,0,1062,0,0.0,1070,0,0.0
1404-03-28,06:10:23,0,0,0,0,0,1070,0,1062,0,0.0,1070,0,0.0
1404-03-26,06:10:11,0,0,0,0,0,1070,0,1062,-8,-0.75,1070,0,0.0
1404-03-25,06:11:29,0,0,0,0,0,1070,0,1062,0,0.0,1070,0,0.0
1404-03-21,12:29:57,2862,305999364,327273675262,1062,1123,1094,1123,1062,-32,-2.93,1070,-24,-2.19
1404-03-20,12:29:58,1808,321234616,351340244571,1092,1117,1125,1092,1106,-19,-1.69,1094,-31,-2.76
1404-03-19,12:28:51,269,17303952,19466946000,1125,1125,1159,1125,1125,-34,-2.93,1125,-34,-2.93
1404-03-18,12:29:42,499,53196614,61654875626,1159,1159,1194,1159,1159,-35,-2.93,1159,-35,-2.93
1404-03-17,12:27:09,129,7197619,8442807087,1173,1173,1209,1173,1173,-36,-2.98,1194,-15,-1.24
1404-03-13,12:29:59,6178,747939468,904071986948,1163,1233,1198,1210,1163,-35,-2.92,1209,11,0.92
1404-03-12,12:29:26,843,84388582,101092842398,1189,1198,1164,1198,1198,34,2.92,1198,34,2.92
1404-03-11,12:29:54,4348,581286725,676888845621,1121,1189,1155,1165,1189,34,2.94,1164,9,0.78
1404-03-10,12:29:47,3302,557938030,644627987938,1130,1156,1123,1149,1156,33,2.94,1155,32,2.85
1404-03-07,12:29:56,3243,396037260,444707372906,1116,1150,1150,1125,1146,-4,-0.35,1123,-27,-2.35
1404-03-06,12:29:59,2393,274588379,315643317657,1127,1160,1127,1160,1149,22,1.95,1150,23,2.04
1404-03-05,15:21:26,4015,415227941,468105358730,1083,1149,1116,1102,1149,33,2.96,1127,11,0.99
1404-03-04,12:29:55,665,56308228,62844794793,1111,1150,1145,1150,1111,-34,-2.97,1116,-29,-2.53
1404-03-03,12:29:58,5314,643473579,737045542935,1126,1194,1160,1154,1141,-19,-1.64,1145,-15,-1.29
1404-02-31,12:29:55,221,13149119,15147785088,1152,1152,1187,1152,1152,-35,-2.95,1160,-27,-2.27
1404-02-30,12:27:40,2263,280755268,333254095074,1178,1213,1214,1200,1178,-36,-2.97,1187,-27,-2.22
1404-02-29,12:29:59,7210,1103271694,1339293423281,1184,1218,1183,1218,1218,35,2.96,1214,31,2.62
1404-02-28,12:29:46,963,113501215,134265504280,1180,1183,1149,1183,1183,34,2.96,1183,34,2.96
1404-02-27,12:29:55,4924,568770355,653331251165,1109,1160,1127,1139,1160,33,2.93,1149,22,1.95
1404-02-24,12:29:59,4190,435485660,490937253091,1100,1134,1101,1105,1127,26,2.36,1127,26,2.36
1404-02-23,12:29:59,2909,353588049,389230679780,1080,1103,1071,1082,1103,32,2.99,1101,30,2.8
1404-02-22,12:29:50,891,133527146,143000147153,1065,1071,1040,1071,1071,31,2.98,1071,31,2.98
1404-02-21,12:29:56,2378,253016641,263016154275,1036,1060,1068,1050,1042,-26,-2.43,1040,-28,-2.62
1404-02-20,12:29:58,4836,550307109,587710986046,1054,1094,1086,1085,1058,-28,-2.58,1068,-18,-1.66
1404-02-17,12:29:56,595,47918381,52039361766,1086,1086,1055,1086,1086,31,2.94,1086,31,2.94
1404-02-16,12:28:22,916,131988318,139247675490,1055,1055,1025,1055,1055,30,2.93,1055,30,2.93
1404-02-15,12:29:43,2720,242506880,248548891239,1002,1032,1002,1002,1032,30,2.99,1025,23,2.3
1404-02-14,12:29:59,4118,367472306,368158871139,999,1016,1029,999,1000,-29,-2.82,1002,-27,-2.62
1404-02-13,12:29:27,334,21302748,21920527692,1029,1029,1060,1029,1029,-31,-2.92,1029,-31,-2.92
1404-02-10,12:29:41,2664,205869413,218323153754,1030,1067,1036,1045,1067,31,2.99,1060,24,2.32
1404-02-09,12:29:58,3189,218138904,226077097087,1001,1049,1019,1030,1038,19,1.86,1036,17,1.67
1404-02-08,12:29:58,2629,184864218,188463969036,997,1039,1009,1015,1011,2,0.2,1019,10,0.99
1404-02-07,12:29:56,5352,350704189,353896424884,961,1015,986,961,1014,28,2.84,1009,23,2.33
1404-02-06,12:29:57,4686,323683819,319003215461,969,988,960,988,988,28,2.92,986,26,2.71
1404-02-03,12:29:59,3920,221524729,212595400208,924,978,951,957,970,19,2.0,960,9,0.95
1404-02-02,12:29:53,4982,264570855,251653211745,939,977,968,960,946,-22,-2.27,951,-17,-1.76
1404-02-01,12:29:59,4417,239844942,232183573629,940,987,959,987,951,-8,-0.83,968,9,0.94
1404-01-31,12:28:40,331,11620664,11248802752,968,968,940,968,968,28,2.98,959,19,2.02
1404-01-30,12:29:59,2605,162549132,152737381017,929,940,913,929,940,27,2.96,940,27,2.96
1404-01-27,12:29:59,2830,157983604,144305617080,882,923,898,900,921,23,2.56,913,15,1.67
1404-01-26,12:29:49,3322,179277983,160973948153,895,925,922,925,895,-27,-2.93,898,-24,-2.6
1404-01-25,12:29:52,2754,177696049,163778047039,911,922,896,922,922,26,2.9,922,26,2.9
1404-01-24,12:29:29,426,24381249,21845599104,896,896,870,896,896,26,2.99,896,26,2.99
1404-01-23,12:29:54,1682,82181039,71492521556,860,884,872,872,872,0,0.0,870,-2,-0.23
1404-01-20,12:29:58,2356,137563090,119903944766,845,893,867,893,865,-2,-0.23,872,5,0.58
1404-01-19,12:29:31,549,28887060,25045081020,867,867,842,867,867,25,2.97,867,25,2.97
1404-01-18,12:29:45,2898,152819182,128719087597,841,875,866,862,841,-25,-2.89,842,-24,-2.77
1404-01-17,12:29:54,2457,123464052,106944590754,862,900,888,897,862,-26,-2.93,866,-22,-2.48
1404-01-16,12:29:56,2284,113005511,100386958821,875,910,894,900,878,-16,-1.79,888,-6,-0.67
1404-01-10,12:29:55,2053,99797846,89216299684,870,907,888,899,897,9,1.01,894,6,0.68
1404-01-09,12:29:53,2425,124145468,110255774616,886,909,913,890,886,-27,-2.96,888,-25,-2.74
1404-01-06,12:29:59,2192,101480235,92685929119,892,939,912,938,896,-16,-1.75,913,1,0.11
1404-01-05,12:29:44,556,30118711,27474729636,900,913,887,910,913,26,2.93,912,25,2.82
1403-12-28,12:30:00,2016,121898481,108134609185,887,896,914,887,889,-25,-2.74,887,-27,-2.95
1403-12-27,12:29:56,2591,131667999,120316294407,886,928,901,909,894,-7,-0.78,914,13,1.44
1403-12-26,12:29:52,2788,164656278,148382411375,873,908,882,905,908,26,2.95,901,19,2.15
1403-12-25,12:29:42,1078,73675277,64976746733,865,882,857,882,882,25,2.92,882,25,2.92
1403-12-22,12:29:44,1577,90304718,77349216967,842,859,834,858,859,25,3.0,857,23,2.76
1403-12-21,12:29:59,2705,152491997,127166947434,815,861,836,842,849,13,1.56,834,-2,-0.24
1403-12-20,12:29:59,3273,160550699,134201124336,812,862,837,825,839,2,0.24,836,-1,-0.12
1403-12-19,12:29:59,3122,160657774,134405318520,836,849,861,837,837,-24,-2.79,837,-24,-2.79
1403-12-18,12:29:49,2339,118293796,101850386755,860,885,886,874,860,-26,-2.93,861,-25,-2.82
1403-12-15,12:29:58,2194,101505943,89909223701,874,904,898,880,890,-8,-0.89,886,-12,-1.34
1403-12-14,12:29:58,4589,221737946,199082125379,888,927,915,891,890,-25,-2.73,898,-17,-1.86
1403-12-13,12:29:58,797,40296029,36870866535,915,915,943,915,915,-28,-2.97,915,-28,-2.97
1403-12-12,12:29:54,2147,99696328,94033182512,920,955,931,930,950,19,2.04,943,12,1.29
1403-12-11,12:29:58,3084,152311337,141865941844,920,964,948,943,922,-26,-2.74,931,-17,-1.79
1403-12-08,12:29:46,3190,144048419,136544698653,943,966,972,961,943,-29,-2.98,948,-24,-2.47
1403-12-07,12:30:00,2789,136588382,132716407365,952,981,953,981,954,1,0.1,972,19,1.99
1403-12-06,12:29:15,888,39657255,37812293646,949,954,927,949,954,27,2.91,953,26,2.8
1403-12-05,12:29:02,2287,122347103,113422696983,900,929,902,900,929,27,2.99,927,25,2.77
1403-12-04,12:29:56,2761,124793792,112532851243,900,926,927,910,900,-27,-2.91,902,-25,-2.7
1403-12-01,12:29:55,2737,116042471,107626382266,899,953,926,935,915,-11,-1.19,927,1,0.11
1403-11-30,12:29:55,2178,99430312,92114394818,916,938,917,917,936,19,2.07,926,9,0.98
1403-11-29,12:29:55,4618,232131177,212960789660,901,950,928,911,914,-14,-1.51,917,-11,-1.19
1403-11-28,12:29:49,634,27477783,25499382624,928,928,956,928,928,-28,-2.93,928,-28,-2.93
1403-11-27,12:29:26,390,14912421,14196624792,952,952,981,952,952,-29,-2.96,956,-25,-2.55
1403-11-23,12:29:45,1326,61631274,60436219930,979,995,1009,985,979,-30,-2.97,981,-28,-2.78
1403-11-21,12:29:57,4317,186627733,188302026452,995,1040,1025,1010,995,-30,-2.93,1009,-16,-1.56
1403-11-17,12:29:54,2356,97382668,99793053606,1010,1050,1035,1050,1025,-10,-0.97,1025,-10,-0.97
1403-11-16,12:29:53,1542,71453686,73949012699,1020,1037,1007,1020,1037,30,2.98,1035,28,2.78
1403-11-15,12:29:57,3119,111162735,111988216855,994,1035,1019,1030,1014,-5,-0.49,1007,-12,-1.18
1403-11-14,12:29:56,3677,167734342,170865666094,1004,1040,1033,1009,1015,-18,-1.74,1019,-14,-1.36
1403-11-13,12:29:49,1913,74085709,76552134823,1032,1066,1063,1050,1032,-31,-2.92,1033,-30,-2.82
1403-11-10,12:29:59,3831,157097269,166999041068,1056,1109,1088,1071,1060,-28,-2.57,1063,-25,-2.3
1403-11-08,12:29:41,3417,158921292,172906594821,1087,1105,1120,1088,1087,-33,-2.95,1088,-32,-2.86
1403-11-07,12:29:58,3147,143444312,160640777932,1113,1154,1147,1130,1113,-34,-2.96,1120,-27,-2.35
1403-11-06,12:29:59,5438,280966720,322292592177,1118,1168,1134,1164,1129,-5,-0.44,1147,13,1.15
1403-11-03,12:29:56,1685,83594660,94770481666,1124,1134,1101,1124,1134,33,3.0,1134,33,3.0
1403-11-02,12:29:59,4888,241334939,265601065974,1088,1140,1121,1110,1123,2,0.18,1101,-20,-1.78
1403-11-01,12:29:53,3126,135747018,152124084920,1110,1158,1144,1144,1110,-34,-2.97,1121,-23,-2.01
1403-10-30,12:29:58,8166,477256602,546074286347,1140,1166,1175,1140,1145,-30,-2.55,1144,-31,-2.64
1403-10-29,12:29:24,922,45406008,53333640334,1172,1190,1208,1179,1172,-36,-2.98,1175,-33,-2.73
1403-10-26,12:30:00,9179,499173947,602836438260,1179,1223,1188,1223,1190,2,0.17,1208,20,1.68
1403-10-24,12:29:50,1918,97211352,115465764184,1171,1189,1155,1174,1189,34,2.94,1188,33,2.86
1403-10-23,12:30:00,11540,665522974,768369663109,1104,1172,1138,1130,1170,32,2.81,1155,17,1.49
1403-10-22,12:30:00,12768,848685646,966175820274,1119,1141,1108,1141,1141,33,2.98,1138,30,2.71
1403-10-19,12:29:58,3163,217690719,241196978305,1102,1108,1076,1108,1108,32,2.97,1108,32,2.97
1403-10-18,12:29:49,675,34382127,36995168652,1076,1076,1045,1076,1076,31,2.97,1076,31,2.97
1403-10-17,12:29:36,552,30230564,31590939380,1045,1045,1015,1045,1045,30,2.96,1045,30,2.96
1403-10-16,06:10:31,0,0,0,0,0,1019,0,1014,0,0.0,1019,0,0.0
1403-10-15,06:11:50,0,0,0,0,0,1019,0,1014,0,0.0,1019,0,0.0
1403-10-12,06:10:56,0,0,0,0,0,1019,0,1014,0,0.0,1019,0,0.0
1403-10-11,12:29:59,3797,164429435,167583688659,1004,1048,1033,1023,1014,-19,-1.84,1019,-14,-1.36
1403-10-10,12:29:59,4362,208549381,215356508710,1025,1056,1056,1056,1028,-28,-2.65,1033,-23,-2.18
1403-10-09,12:29:56,4730,234944910,248065777865,1036,1095,1068,1095,1053,-15,-1.4,1056,-12,-1.12
1403-10-08,12:29:59,6190,355628316,379896166540,1032,1070,1039,1033,1070,31,2.98,1068,29,2.79
1403-10-05,12:30:00,5817,318926972,331369929969,1033,1076,1064,1069,1037,-27,-2.54,1039,-25,-2.35
1403-10-04,12:29:58,4422,225291419,239777828639,1045,1079,1048,1069,1064,16,1.53,1064,16,1.53
1403-10-03,12:29:55,4391,217022458,227536021258,1017,1068,1047,1038,1061,14,1.34,1048,1,0.1
1403-10-02,12:29:54,5622,278505015,291677964329,1037,1093,1069,1093,1038,-31,-2.9,1047,-22,-2.06
1403-10-01,12:29:56,1220,70173280,74999678402,1053,1069,1038,1069,1069,31,2.99,1069,31,2.99
1403-09-28,12:29:59,6453,382554673,397204111303,1037,1059,1069,1037,1049,-20,-1.87,1038,-31,-2.9
1403-09-27,12:29:26,3475,203036398,216961812583,1067,1095,1100,1067,1067,-33,-3.0,1069,-31,-2.82
1403-09-26,12:29:59,6609,329937652,362767570384,1091,1129,1124,1105,1091,-33,-2.94,1100,-24,-2.14
1403-09-25,12:29:58,6995,386238034,434104124660,1100,1134,1101,1134,1117,16,1.45,1124,23,2.09
1403-09-24,12:29:55,1852,112145923,123443871035,1085,1101,1069,1099,1101,32,2.99,1101,32,2.99
1403-09-21,12:29:51,5330,350248607,374329668172,1043,1074,1043,1051,1074,31,2.97,1069,26,2.49
1403-09-20,12:29:57,6558,408405070,425832214221,1010,1049,1019,1048,1049,30,2.94,1043,24,2.36
1403-09-19,12:29:38,1824,119594144,121855824348,1009,1019,990,1016,1019,29,2.93,1019,29,2.93
1403-09-18,12:29:58,3120,187240679,185401961606,981,1010,1011,985,1000,-11,-1.09,990,-21,-2.08
1403-09-17,06:11:11,0,0,0,0,0,1011,0,1005,0,0.0,1011,0,0.0
1403-09-14,06:10:41,0,0,0,0,0,1011,0,1005,0,0.0,1011,0,0.0
1403-09-13,12:49:56,7792,499801134,505520812739,997,1027,998,1027,1005,7,0.7,1011,13,1.3
1403-09-12,12:28:41,771,50627112,50525857776,998,998,969,998,998,29,2.99,998,29,2.99
1403-09-11,12:30:00,4065,236881020,229504273456,958,997,987,958,984,-3,-0.3,969,-18,-1.82
1403-09-10,12:29:49,5000,250948164,247585352521,973,1027,1003,1003,973,-30,-2.99,987,-16,-1.6
1403-09-07,12:29:59,5763,335890602,336924392363,983,1027,1013,1010,1016,3,0.3,1003,-10,-0.99
1403-09-06,12:29:59,7244,376685654,381634153895,980,1039,1009,1039,981,-28,-2.78,1013,4,0.4
1403-09-05,12:29:58,1547,100380576,101249287089,990,1010,981,1009,1010,29,2.96,1009,28,2.85
1403-09-04,12:29:56,1762,101785544,99865757177,960,982,954,980,982,28,2.94,981,27,2.83
1403-09-03,12:29:59,3386,204347536,195020935426,922,959,932,948,959,27,2.9,954,22,2.36
1403-08-30,12:29:59,3541,202260392,188599247712,912,953,939,919,940,1,0.11,932,-7,-0.75
1403-08-29,12:29:58,6141,412709507,387708179484,919,943,916,943,924,8,0.87,939,23,2.51
1403-08-28,12:29:58,255,15081903,13860268857,919,919,893,919,919,26,2.91,916,23,2.58
1403-08-27,06:10:24,0,0,0,0,0,893,0,903,0,0.0,893,0,0.0
1403-08-26,06:10:57,0,0,0,0,0,893,0,903,0,0.0,893,0,0.0
1403-08-23,12:14:30,2609,141065283,126001231251,859,903,877,870,903,26,2.96,893,16,1.82
1403-08-22,12:29:57,2940,160184847,140449350325,855,895,875,865,866,-9,-1.03,877,2,0.23
1403-08-21,12:29:59,4068,257705784,225447150254,858,882,857,882,862,5,0.58,875,18,2.1
1403-08-20,12:29:44,590,31834968,27282567576,857,857,833,857,857,24,2.88,857,24,2.88
1403-08-19,12:27:47,651,35358375,29438566993,812,833,809,831,833,24,2.97,833,24,2.97
1403-08-16,12:29:55,1269,79352215,64159311133,781,811,788,781,811,23,2.92,809,21,2.66
1403-08-15,11:34:04,953,50442510,39749570283,771,799,777,771,790,13,1.67,788,11,1.42
1403-08-14,12:29:59,3056,172466368,133939866553,774,788,797,774,786,-11,-1.38,777,-20,-2.51
1403-08-13,12:29:26,484,24835932,19800557315,797,801,821,799,797,-24,-2.92,797,-24,-2.92
1403-08-12,12:29:59,1975,108569388,89148647760,804,843,820,832,810,-10,-1.22,821,1,0.12
1403-08-09,12:29:54,2821,174325354,142998758647,783,829,805,783,829,24,2.98,820,15,1.86
1403-08-08,12:29:53,3142,175176205,140955109349,800,828,824,828,800,-24,-2.91,805,-19,-2.31
1403-08-07,12:29:32,3129,216362909,178236925638,809,824,800,824,824,24,3.0,824,24,3.0
1403-08-06,12:28:55,303,21352686,17082148800,800,800,777,800,800,23,2.96,800,23,2.96
1403-08-05,12:29:37,367,21359471,16596308967,777,777,755,777,777,22,2.91,777,22,2.91
1403-08-02,12:29:58,1170,56919855,42993493610,755,770,778,756,755,-23,-2.96,755,-23,-2.96
1403-08-01,12:29:59,2954,145533840,113254369059,764,805,787,783,764,-23,-2.92,778,-9,-1.14
1403-07-30,12:29:53,4164,219016012,172468706234,784,806,808,784,795,-13,-1.61,787,-21,-2.6
1403-07-29,12:29:52,577,25686854,20754978032,808,808,832,808,808,-24,-2.88,808,-24,-2.88
1403-07-28,12:29:52,1072,53429372,44473032369,831,855,856,835,831,-25,-2.92,832,-24,-2.8
1403-07-25,12:29:56,3980,210326565,180029104506,853,873,879,853,856,-23,-2.62,856,-23,-2.62
1403-07-24,12:29:46,343,12813747,11186401131,873,873,899,873,873,-26,-2.89,879,-20,-2.22
1403-07-23,12:29:22,582,27008550,24290929350,898,913,925,901,898,-27,-2.92,899,-26,-2.81
1403-07-22,12:29:53,2007,96146255,88923514163,916,952,944,920,916,-28,-2.97,925,-19,-2.01
1403-07-21,12:29:59,3708,211085657,199229485816,943,957,972,943,943,-29,-2.98,944,-28,-2.88
1403-07-18,12:25:13,104,3582260,3456880900,965,965,974,965,965,-9,-0.92,972,-2,-0.21
1403-07-17,12:26:46,140,5436588,5262617184,968,968,977,968,968,-9,-0.92,974,-3,-0.31
1403-07-16,12:20:11,55,1321748,1280773812,969,969,978,969,969,-9,-0.92,977,-1,-0.1
1403-07-15,12:28:48,23,986098,956515060,970,970,979,970,970,-9,-0.92,978,-1,-0.1
1403-07-14,12:27:48,83,3886802,3777971544,972,972,981,972,972,-9,-0.92,979,-2,-0.2
1403-07-11,12:29:48,71,2445278,2379255494,973,973,982,973,973,-9,-0.92,981,-1,-0.1
1403-07-10,12:01:14,53,1675319,1631760706,974,974,983,974,974,-9,-0.92,982,-1,-0.1
1403-07-09,12:24:47,151,5651896,5521902392,977,977,986,977,977,-9,-0.91,983,-3,-0.3
1403-07-08,12:29:22,195,8336037,8177652297,981,981,990,981,981,-9,-0.91,986,-4,-0.4
1403-07-07,12:20:18,67,2675929,2627762278,982,982,991,982,982,-9,-0.91,990,-1,-0.1
1403-07-04,12:29:59,3239,136058137,134843437104,976,1025,1005,1025,980,-25,-2.49,991,-14,-1.39
1403-07-03,12:29:53,2399,138925142,139560801759,989,1006,977,989,1006,29,2.97,1005,28,2.87
1403-07-02,12:28:55,1742,99754232,97486244112,950,983,955,950,983,28,2.93,977,22,2.3
1403-07-01,12:29:56,2363,119364451,113976464265,941,969,947,950,945,-2,-0.21,955,8,0.84
1403-06-28,12:29:57,2024,110011767,104169273841,922,956,929,922,942,13,1.4,947,18,1.94
1403-06-27,12:28:40,1490,88676689,82383351031,900,934,907,900,934,27,2.98,929,22,2.43
1403-06-26,12:29:49,1854,81483452,73942984193,888,928,905,888,906,1,0.11,907,2,0.22
1403-06-25,12:28:08,1743,84557316,76553528581,902,925,929,912,902,-27,-2.91,905,-24,-2.58
1403-06-24,12:29:59,1958,93286447,86688206252,912,955,936,937,920,-16,-1.71,929,-7,-0.75
1403-06-21,12:29:58,1806,96071377,89960225116,917,946,919,930,944,25,2.72,936,17,1.85
1403-06-20,12:29:58,1468,66434735,61021868787,906,940,925,940,918,-7,-0.76,919,-6,-0.65
1403-06-19,12:29:55,1947,98866365,91477717209,903,929,902,908,926,24,2.66,925,23,2.55
1403-06-18,12:29:54,2014,105198997,94845591795,897,924,924,901,901,-23,-2.49,902,-22,-2.38
1403-06-17,12:29:57,2234,129137032,119276961926,889,927,900,889,914,14,1.56,924,24,2.67
1403-06-13,12:29:56,1833,79351785,71404811392,896,909,914,907,902,-12,-1.31,900,-14,-1.53
1403-06-11,12:29:55,2629,145319828,132875979995,896,925,907,925,909,2,0.22,914,7,0.77
1403-06-10,12:29:18,470,28839068,26157034676,907,907,890,907,907,17,1.91,907,17,1.91
1403-06-07,12:29:50,1483,93870472,83542100939,867,891,874,881,891,17,1.95,890,16,1.83
1403-06-06,12:29:57,969,42933453,37533167910,864,883,872,875,873,1,0.11,874,2,0.23
1403-06-05,12:29:16,1626,73943747,64479604599,864,889,877,880,870,-7,-0.8,872,-5,-0.57
1403-06-03,12:29:59,1525,82783669,72637957327,856,879,862,876,879,17,1.97,877,15,1.74
1403-05-31,12:30:00,1293,48979661,42229649193,853,880,870,862,871,1,0.11,862,-8,-0.92
1403-05-30,12:29:38,1182,56935385,49556068879,870,880,887,870,870,-17,-1.92,870,-17,-1.92
1403-05-29,12:29:38,2200,105893054,93963628961,875,909,892,909,875,-17,-1.91,887,-5,-0.56
1403-05-28,12:27:44,1380,83756351,74703208598,885,892,875,892,892,17,1.94,892,17,1.94
1403-05-27,12:29:56,824,62832121,54978105875,875,875,858,875,875,17,1.98,875,17,1.98
1403-05-24,12:22:18,1759,121879633,104621084538,845,860,852,845,860,8,0.94,858,6,0.7
1403-05-23,12:29:58,172,5179250,4381645500,846,846,854,846,846,-8,-0.94,852,-2,-0.23
1403-05-22,12:29:53,412,14635965,12488474031,853,860,861,854,853,-8,-0.93,854,-7,-0.81
1403-05-21,12:29:49,1471,62340925,53687339189,859,875,867,860,864,-3,-0.35,861,-6,-0.69
1403-05-20,12:29:57,2285,113661418,98588888229,861,877,869,861,861,-8,-0.92,867,-2,-0.23
1403-05-16,12:29:52,486,19805146,17213423613,869,873,877,869,869,-8,-0.91,869,-8,-0.91
1403-05-15,12:29:55,952,41926677,36758911788,876,892,884,892,876,-8,-0.9,877,-7,-0.79
1403-05-14,12:29:53,2134,109216134,96533143381,877,893,885,877,882,-3,-0.34,884,-1,-0.11
1403-05-13,12:30:00,2017,99430904,88016364541,884,920,940,888,884,-56,-5.96,885,-55,-5.85
1403-05-10,12:29:59,3346,187717115,176506220176,940,950,999,940,948,-51,-5.11,940,-59,-5.91
1403-05-09,12:29:58,1993,93794863,93732534245,981,1016,995,985,1001,6,0.6,999,4,0.4
1403-05-08,12:29:56,1821,77117907,76709248172,981,1023,1003,1011,991,-12,-1.2,995,-8,-0.8
1403-05-06,12:29:55,1847,61258151,61432587517,990,1020,1004,1000,1015,11,1.1,1003,-1,-0.1
1403-05-03,12:29:53,1293,46972454,47146602297,996,1023,1016,1023,1007,-9,-0.89,1004,-12,-1.18
1403-05-02,12:29:37,1407,60817823,61786934009,1005,1033,1007,1019,1011,4,0.4,1016,9,0.89
1403-05-01,12:29:57,1537,61406863,61846414613,996,1035,1000,1001,1003,3,0.3,1007,7,0.7
1403-04-31,12:29:58,1948,80847093,80861631403,990,1022,1030,1011,1000,-30,-2.91,1000,-30,-2.91
1403-04-30,12:29:54,1855,83888924,86381907412,1015,1054,1049,1054,1019,-30,-2.86,1030,-19,-1.81
1403-04-27,12:30:00,1590,72546153,76130543191,1030,1061,1030,1040,1049,19,1.84,1049,19,1.84
1403-04-24,12:29:57,1539,62326922,64192660437,1012,1058,1019,1028,1046,27,2.65,1030,11,1.08
1403-04-23,12:29:58,1710,69888290,71234545696,1004,1054,1031,1034,1018,-13,-1.26,1019,-12,-1.16
1403-04-20,12:29:51,2338,109573701,112967907508,1019,1077,1067,1077,1040,-27,-2.53,1031,-36,-3.37
1403-04-19,12:29:50,1707,62324938,66527411529,1040,1099,1092,1097,1059,-33,-3.02,1067,-25,-2.29
1403-04-18,12:29:53,2291,99118117,108207173768,1080,1113,1117,1103,1085,-32,-2.86,1092,-25,-2.24
1403-04-17,12:29:58,3593,170948946,190991522539,1076,1150,1092,1148,1107,15,1.37,1117,25,2.29
1403-04-16,12:28:22,798,53765038,58711421496,1092,1092,1031,1092,1092,61,5.92,1092,61,5.92
1403-04-13,12:29:59,1776,70882580,73091589270,1012,1050,1031,1042,1044,13,1.26,1031,0,0.0
1403-04-12,12:29:54,1999,84402245,86999219356,990,1046,987,990,1041,54,5.47,1031,44,4.46
1403-04-11,12:29:58,1710,54620847,53891704138,961,1009,981,970,993,12,1.22,987,6,0.61
1403-04-10,12:29:51,2838,128606497,126147551996,976,1030,1038,1030,979,-59,-5.68,981,-57,-5.49
1403-04-09,12:29:59,2884,137926148,143203825444,1008,1075,1015,1066,1016,1,0.1,1038,23,2.27
1403-04-06,12:29:41,342,15047800,15267654354,1007,1015,996,1007,1015,19,1.91,1015,19,1.91
1403-04-04,12:29:34,692,35953263,35817992951,973,997,978,973,997,19,1.94,996,18,1.84
1403-04-03,12:29:37,1903,66818001,65344751660,974,1005,993,985,976,-17,-1.71,978,-15,-1.51
1403-04-02,12:29:57,2200,108380653,107642119043,980,995,976,995,989,13,1.33,993,17,1.74
1403-03-30,12:29:57,2857,127745065,124665296137,957,995,976,957,990,14,1.43,976,0,0.0
1403-03-29,12:29:13,2127,114004827,111318004395,976,992,995,976,976,-19,-1.91,976,-19,-1.91
1403-03-27,12:29:56,636,23645079,23526853605,995,995,1015,995,995,-20,-1.97,995,-20,-1.97
1403-03-26,12:29:42,612,26684374,27095184646,1015,1033,1035,1016,1015,-20,-1.93,1015,-20,-1.93
1403-03-23,12:29:59,1766,73068698,75650641252,1034,1057,1055,1041,1034,-21,-1.99,1035,-20,-1.9
1403-03-22,12:29:26,2429,95829294,101074998059,1047,1087,1068,1087,1048,-20,-1.87,1055,-13,-1.22
1403-03-21,12:29:10,739,43974149,46974223822,1053,1069,1049,1053,1069,20,1.91,1068,19,1.81
1403-03-20,12:29:49,2630,131778613,138221538190,1045,1073,1066,1045,1052,-14,-1.31,1049,-17,-1.59
1403-03-19,12:29:13,430,14513194,15464776643,1065,1080,1086,1074,1065,-21,-1.93,1066,-20,-1.84
1403-03-16,12:29:58,2092,83139582,90324433027,1084,1117,1106,1110,1084,-22,-1.99,1086,-20,-1.81
1403-03-13,12:29:57,1441,66177661,73172516305,1103,1127,1125,1113,1119,-6,-0.53,1106,-19,-1.69
1403-03-12,12:29:56,2723,116979988,131659674553,1109,1152,1130,1152,1113,-17,-1.5,1125,-5,-0.44
1403-03-09,12:29:32,638,39595581,44725513085,1125,1130,1108,1129,1130,22,1.99,1130,22,1.99
1403-03-08,12:27:28,789,38130858,42267009612,1088,1109,1088,1088,1109,21,1.93,1108,20,1.84
1403-03-07,12:29:59,1928,97186769,105779220769,1088,1105,1110,1088,1088,-22,-1.98,1088,-22,-1.98
1403-03-06,12:27:44,752,33127934,36773376786,1110,1123,1132,1110,1110,-22,-1.94,1110,-22,-1.94
1403-03-05,18:41:40,1147,44976416,50922545650,1127,1161,1150,1161,1127,-23,-2.0,1132,-18,-1.57
1403-03-01,12:30:00,1384,58604963,67385588987,1120,1155,1133,1139,1150,17,1.5,1150,17,1.5
1403-02-31,06:11:38,0,0,0,0,0,1133,0,1150,0,0.0,1133,0,0.0
1403-02-30,12:29:56,3700,160327258,181617216240,1115,1179,1195,1179,1150,-45,-3.77,1133,-62,-5.19
1403-02-29,12:29:56,2545,105481218,126059662298,1167,1223,1167,1181,1177,10,0.86,1195,28,2.4
1403-02-26,12:29:58,2354,94345115,110089606247,1142,1190,1159,1159,1167,8,0.69,1167,8,0.69
1403-02-25,12:29:58,2253,94167985,109158350687,1140,1192,1154,1160,1159,5,0.43,1159,5,0.43
1403-02-24,12:29:58,2853,109452032,126257699011,1137,1192,1192,1191,1169,-23,-1.93,1154,-38,-3.19
1403-02-23,12:29:59,2665,115438172,137600665562,1164,1226,1197,1196,1181,-16,-1.34,1192,-5,-0.42
1403-02-22,12:29:59,2198,94029934,112556580086,1183,1220,1215,1211,1190,-25,-2.06,1197,-18,-1.48
1403-02-19,12:29:54,2848,110102874,133785587036,1198,1257,1237,1236,1206,-31,-2.51,1215,-22,-1.78
1403-02-18,12:29:56,1967,69725735,86236345975,1224,1278,1252,1251,1233,-19,-1.52,1237,-15,-1.2
1403-02-17,12:29:59,2756,113282608,141774639180,1240,1290,1291,1261,1245,-46,-3.56,1252,-39,-3.02
1403-02-16,12:29:56,2383,90913821,117377409878,1276,1330,1304,1300,1279,-25,-1.92,1291,-13,-1.0
1403-02-12,12:29:59,3494,160917038,209826115375,1262,1327,1250,1262,1298,48,3.84,1304,54,4.32
1403-02-11,12:29:59,3835,156454302,195623580396,1230,1295,1305,1283,1250,-55,-4.21,1250,-55,-4.21
1403-02-10,12:29:59,2565,97054294,126609935789,1280,1340,1302,1300,1283,-19,-1.46,1305,3,0.23
1403-02-09,12:29:58,4797,181859197,236696031644,1277,1368,1365,1350,1287,-78,-5.71,1302,-63,-4.62
1403-02-08,12:29:55,5164,201762357,275433752955,1326,1405,1366,1365,1332,-34,-2.49,1365,-1,-0.07
1403-02-05,12:29:58,6515,288415801,393920869513,1318,1397,1333,1318,1343,10,0.75,1366,33,2.48
1403-02-04,12:30:00,6217,312346110,416447539855,1284,1356,1311,1311,1318,7,0.53,1333,22,1.68
1403-02-03,12:30:00,9318,520531137,682391025197,1246,1334,1269,1278,1300,31,2.44,1311,42,3.31
1403-02-02,12:29:59,10478,628417254,797368114556,1224,1275,1192,1260,1275,83,6.96,1269,77,6.46
1403-02-01,12:28:59,2022,127728463,152239863703,1169,1194,1116,1170,1194,78,6.99,1192,76,6.81
1403-01-29,12:29:54,1836,127131050,141877426800,1112,1116,1105,1116,1116,11,1.0,1116,11,1.0
1403-01-28,12:29:56,3512,195680048,216291211546,1094,1116,1105,1116,1116,11,1.0,1105,0,0.0
1403-01-27,12:27:33,555,26371039,29139998095,1105,1105,1095,1105,1105,10,0.91,1105,10,0.91
1403-01-26,12:29:56,688,37632595,41207691525,1095,1095,1106,1095,1095,-11,-0.99,1095,-11,-0.99
1403-01-25,12:29:57,5693,245963328,271992675612,1103,1165,1186,1165,1103,-83,-7.0,1106,-80,-6.75
1403-01-21,12:29:55,2125,81522436,96708242226,1177,1200,1198,1200,1185,-13,-1.09,1186,-12,-1.0
1403-01-20,12:29:50,2344,92224628,110482327746,1180,1210,1160,1189,1197,37,3.19,1198,38,3.28
1403-01-19,12:29:56,3584,143185281,166115172216,1123,1189,1175,1123,1180,5,0.43,1160,-15,-1.28
1403-01-18,12:29:58,6373,257457657,302633235050,1151,1239,1237,1227,1152,-85,-6.87,1175,-62,-5.01
1403-01-15,12:29:46,2781,116494374,144051088610,1224,1257,1238,1230,1229,-9,-0.73,1237,-1,-0.08
1403-01-14,12:29:56,3098,122712899,151953100019,1204,1255,1274,1229,1240,-34,-2.67,1238,-36,-2.83
1403-01-11,12:29:59,3245,131527655,167595294955,1263,1301,1306,1291,1279,-27,-2.07,1274,-32,-2.45
1403-01-08,12:30:01,4260,166360431,217203794701,1286,1340,1309,1325,1291,-18,-1.38,1306,-3,-0.23
1403-01-07,12:29:59,6471,264780948,346621884605,1265,1329,1272,1287,1312,40,3.14,1309,37,2.91
1403-01-06,12:29:58,4312,201707756,256662298708,1250,1300,1224,1273,1289,65,5.31,1272,48,3.92
1403-01-05,06:12:21,0,0,0,0,0,1224,0,1221,0,0.0,1224,0,0.0
1402-12-28,06:13:56,0,0,0,0,0,1224,0,1221,0,0.0,1224,0,0.0
1402-12-27,12:29:39,2281,95988493,117479304390,1204,1247,1206,1205,1221,15,1.24,1224,18,1.49
1402-12-26,18:04:29,3956,164838313,198818566893,1180,1238,1218,1229,1195,-23,-1.89,1206,-12,-0.99
1402-12-23,12:29:58,3997,167926365,204586129177,1197,1248,1208,1200,1209,1,0.08,1218,10,0.83
1402-12-22,12:29:59,3629,139581503,168592244117,1196,1238,1213,1210,1200,-13,-1.07,1208,-5,-0.41
1402-12-21,12:29:57,5384,253238395,307095904891,1188,1243,1192,1190,1210,18,1.51,1213,21,1.76
1402-12-20,17:29:53,2262,100498485,119835234532,1175,1220,1234,1215,1190,-44,-3.57,1192,-42,-3.4
1402-12-16,12:29:57,3233,151802110,187320424323,1220,1259,1244,1232,1243,-1,-0.08,1234,-10,-0.8
1402-12-15,12:29:55,4071,173208327,215476180707,1210,1285,1228,1212,1227,-1,-0.08,1244,16,1.3
1402-12-14,12:29:57,5008,197034291,242031083520,1206,1273,1274,1265,1216,-58,-4.55,1228,-46,-3.61
1402-12-13,12:29:57,6267,258374679,329294495083,1241,1300,1230,1298,1250,20,1.63,1274,44,3.58
1402-12-12,12:29:55,3690,206599858,254152593996,1158,1239,1158,1160,1239,81,6.99,1230,72,6.22
1402-12-09,12:30:00,3089,113953025,131947562179,1142,1185,1130,1146,1147,17,1.5,1158,28,2.48
1402-12-08,12:29:53,3332,120724280,136390161480,1110,1155,1146,1130,1139,-7,-0.61,1130,-16,-1.4
1402-12-07,12:29:53,3921,148111465,169679875341,1134,1184,1177,1162,1137,-40,-3.4,1146,-31,-2.63
1402-12-05,12:29:58,2936,92750451,109126552109,1166,1204,1184,1204,1173,-11,-0.93,1177,-7,-0.59
1402-12-02,12:29:59,3075,112922417,133654248523,1175,1212,1193,1187,1179,-14,-1.17,1184,-9,-0.75
1402-12-01,12:30:00,2646,92669866,110553087296,1181,1220,1213,1205,1187,-26,-2.14,1193,-20,-1.65
1402-11-30,12:29:45,3206,126215250,153111096073,1197,1239,1196,1222,1209,13,1.09,1213,17,1.42
1402-11-29,17:03:43,3884,142585979,170532979505,1176,1219,1202,1194,1204,2,0.17,1196,-6,-0.5
1402-11-28,12:30:00,3175,115487785,138776052493,1179,1235,1221,1232,1191,-30,-2.46,1202,-19,-1.56
1402-11-25,12:29:56,3149,111780587,136473043599,1206,1249,1236,1249,1215,-21,-1.7,1221,-15,-1.21
1402-11-24,18:28:13,2630,97061976,119924615584,1223,1255,1241,1252,1248,7,0.56,1236,-5,-0.4
1402-11-23,12:29:59,4059,163903292,203456611692,1226,1276,1268,1260,1239,-29,-2.29,1241,-27,-2.13
1402-11-21,16:48:43,3732,144040562,182659240055,1250,1305,1295,1290,1260,-35,-2.7,1268,-27,-2.08
1402-11-18,18:48:47,2613,83732119,108398221558,1277,1322,1316,1291,1292,-24,-1.82,1295,-21,-1.6
1402-11-17,12:29:59,3371,119652333,157452984681,1298,1347,1286,1301,1301,15,1.17,1316,30,2.33
1402-11-16,12:29:59,3827,152082092,195530242436,1252,1318,1260,1252,1304,44,3.49,1286,26,2.06
1402-11-15,12:29:57,2369,94831972,119473571527,1243,1289,1264,1261,1251,-13,-1.03,1260,-4,-0.32
1402-11-14,12:29:59,3163,144400977,182557999213,1236,1284,1249,1249,1260,11,0.88,1264,15,1.2
1402-11-11,12:29:51,3336,133273088,166467962941,1228,1279,1258,1260,1249,-9,-0.72,1249,-9,-0.72
1402-11-10,12:29:56,3711,132130677,166271327306,1243,1290,1285,1271,1248,-37,-2.88,1258,-27,-2.1
1402-11-09,12:29:59,3977,161851589,207952860531,1271,1306,1323,1291,1275,-48,-3.63,1285,-38,-2.87
1402-11-08,12:29:58,5510,215658513,285385845882,1289,1350,1263,1293,1322,59,4.67,1323,60,4.75
1402-11-07,12:29:59,3755,134032660,169249593187,1240,1291,1247,1253,1285,38,3.05,1263,16,1.28
1402-11-04,12:29:58,3079,121705623,151752743112,1234,1268,1237,1250,1251,14,1.13,1247,10,0.81
1402-11-03,12:30:01,4971,188564014,233233542304,1215,1298,1288,1261,1243,-45,-3.49,1237,-51,-3.96
1402-11-02,12:29:58,4530,168183029,216660409108,1256,1343,1302,1330,1270,-32,-2.46,1288,-14,-1.08
1402-11-01,12:30:00,3979,161637879,210432449404,1271,1324,1326,1300,1311,-15,-1.13,1302,-24,-1.81
1402-10-30,12:30:00,7773,305242562,404709179367,1290,1397,1386,1361,1310,-76,-5.48,1326,-60,-4.33
1402-10-27,12:29:59,4688,182929603,253458417291,1365,1425,1389,1397,1375,-14,-1.01,1386,-3,-0.22
1402-10-26,12:29:57,7675,322831591,448426049459,1359,1416,1457,1385,1386,-71,-4.87,1389,-68,-4.67
1402-10-25,12:30:00,20630,1040208150,1515645306654,1398,1486,1389,1419,1400,11,0.79,1457,68,4.9
1402-10-24,12:30:00,8229,412348739,572894373209,1343,1424,1366,1343,1409,43,3.15,1389,23,1.68
1402-10-23,12:29:58,4435,171318871,234058951049,1347,1391,1384,1376,1349,-35,-2.53,1366,-18,-1.3
1402-10-20,12:29:58,3840,143732892,198899522984,1364,1400,1371,1364,1376,5,0.36,1384,13,0.95
1402-10-19,12:29:59,6720,264803903,362933883002,1321,1397,1327,1321,1359,32,2.41,1371,44,3.32
1402-10-18,12:30:00,2996,113834476,151043690487,1318,1350,1333,1320,1319,-14,-1.05,1327,-6,-0.45
1402-10-17,12:29:55,2821,111526588,148676664078,1318,1358,1321,1321,1323,2,0.15,1333,12,0.91
1402-10-16,12:29:59,3407,111343094,147106789347,1303,1348,1340,1332,1330,-10,-0.75,1321,-19,-1.42
1402-10-13,12:29:57,4446,155164943,207903278055,1320,1375,1345,1342,1332,-13,-0.97,1340,-5,-0.37
1402-10-12,12:29:59,3048,99642928,134003740542,1334,1387,1375,1350,1342,-33,-2.4,1345,-30,-2.18
1402-10-11,12:29:58,5718,205464312,282474076267,1322,1422,1350,1369,1353,3,0.22,1375,25,1.85
1402-10-10,12:29:58,4970,185700116,250640594191,1332,1400,1392,1365,1351,-41,-2.95,1350,-42,-3.02
1402-10-09,12:29:59,4039,140019481,194936418811,1370,1430,1378,1379,1373,-5,-0.36,1392,14,1.02
1402-10-06,12:30:00,4124,155635567,214508083626,1341,1415,1371,1385,1367,-4,-0.29,1378,7,0.51
1402-10-05,12:29:59,7945,309393122,424331252784,1316,1417,1385,1353,1380,-5,-0.36,1371,-14,-1.01
1402-10-04,12:30:00,5438,208438256,288740142280,1353,1548,1447,1548,1368,-79,-5.46,1385,-62,-4.28
1402-10-03,06:10:40,0,0,0,0,0,1447,0,1445,0,0.0,1447,0,0.0
1402-10-02,06:12:02,0,0,0,0,0,1449,0,1447,0,0.0,1449,0,0.0
1402-09-29,06:12:00,0,0,0,0,0,1449,0,1447,0,0.0,1449,0,0.0
1402-09-28,06:10:54,0,0,0,0,0,1449,0,1447,0,0.0,1449,0,0.0
1402-09-27,06:10:34,0,0,0,0,0,1449,0,1447,0,0.0,1449,0,0.0
1402-09-25,12:29:59,6928,300323841,435060032392,1405,1480,1446,1405,1447,1,0.07,1449,3,0.21
1402-09-22,17:55:04,9358,397979764,575325162690,1422,1515,1517,1515,1430,-87,-5.74,1446,-71,-4.68
1402-09-21,12:29:59,12735,693169240,1051301565340,1475,1549,1498,1522,1500,2,0.13,1517,19,1.27
1402-09-20,12:29:59,15780,848841268,1271824699911,1411,1521,1422,1411,1521,99,6.96,1498,76,5.34
1402-09-19,12:29:59,7038,362246983,515115849990,1357,1470,1393,1393,1427,34,2.44,1422,29,2.08
1402-09-18,06:11:01,0,0,0,0,0,1393,0,1378,0,0.0,1393,0,0.0
1402-09-15,06:10:32,0,0,0,0,0,1393,0,1378,0,0.0,1393,0,0.0
1402-09-14,06:11:02,0,0,0,0,0,1393,0,1378,0,0.0,1393,0,0.0
1402-09-13,12:29:59,11712,528638599,736297444994,1350,1460,1390,1460,1378,-12,-0.86,1393,3,0.22
1402-09-12,12:30:00,13084,681274553,946676891157,1298,1432,1339,1324,1432,93,6.95,1390,51,3.81
1402-09-11,12:29:58,8162,374369628,501283468906,1294,1388,1318,1371,1326,8,0.61,1339,21,1.59
1402-09-08,12:29:53,8984,500542053,659844154671,1275,1327,1241,1275,1327,86,6.93,1318,77,6.2
1402-09-07,12:29:59,9537,456100436,565964898731,1166,1263,1181,1166,1263,82,6.94,1241,60,5.08
1402-09-06,12:29:54,2756,90596673,106953104533,1164,1218,1193,1191,1176,-17,-1.42,1181,-12,-1.01
1402-09-05,12:29:58,2603,111343580,132821448144,1181,1208,1207,1190,1190,-17,-1.41,1193,-14,-1.16
1402-09-04,12:29:58,3477,129387023,156222269122,1180,1248,1223,1230,1190,-33,-2.7,1207,-16,-1.31
1402-09-01,12:29:57,2908,110168300,134790887010,1200,1248,1204,1201,1211,7,0.58,1223,19,1.58
1402-08-30,12:29:58,2574,99808373,120183119270,1171,1229,1186,1171,1203,17,1.43,1204,18,1.52
1402-08-29,12:30:02,2897,110769169,131323114426,1176,1200,1215,1200,1184,-31,-2.55,1186,-29,-2.39
1402-08-28,12:29:58,3630,171138953,208006390622,1174,1230,1184,1184,1192,8,0.68,1215,31,2.62
1402-08-27,12:29:57,2666,104394812,123590922882,1171,1209,1205,1200,1183,-22,-1.83,1184,-21,-1.74
1402-08-24,12:29:57,2693,96133262,115868108627,1180,1230,1219,1228,1200,-19,-1.56,1205,-14,-1.15
1402-08-23,12:29:58,3620,140729270,171608032676,1199,1255,1255,1238,1220,-35,-2.79,1219,-36,-2.87
1402-08-22,12:29:58,5130,222902725,279824718528,1224,1284,1215,1240,1238,23,1.89,1255,40,3.29
1402-08-21,12:29:55,4947,214702261,260919739763,1181,1246,1192,1210,1234,42,3.52,1215,23,1.93
1402-08-20,12:29:59,5268,223429488,266346547079,1145,1229,1161,1161,1184,23,1.98,1192,31,2.67
1402-08-17,12:29:57,3431,137746828,159951645529,1144,1198,1175,1190,1150,-25,-2.13,1161,-14,-1.19
1402-08-16,12:29:53,4905,226962768,266706134475,1130,1200,1133,1132,1185,52,4.59,1175,42,3.71
1402-08-15,12:29:59,2613,98620367,111690500767,1104,1153,1129,1115,1129,0,0.0,1133,4,0.35
1402-08-14,12:29:47,3409,147507301,166586168944,1108,1150,1100,1140,1122,22,2.0,1129,29,2.64
1402-08-13,12:28:27,3198,152287600,167555618529,1070,1104,1032,1080,1104,72,6.98,1100,68,6.59
1402-08-10,12:29:58,2935,113851682,117519270551,1015,1055,1076,1055,1051,-25,-2.32,1032,-44,-4.09
1402-08-09,12:29:56,2573,107587573,115754865710,1051,1103,1085,1100,1063,-22,-2.03,1076,-9,-0.83
1402-08-08,12:29:59,3105,128397446,139356313346,1057,1105,1045,1060,1089,44,4.21,1085,40,3.83
1402-08-07,12:29:59,2755,115970256,121201365497,1017,1056,1021,1020,1046,25,2.45,1045,24,2.35
1402-08-06,12:29:59,6899,352799625,360080387884,1019,1080,1095,1080,1019,-76,-6.94,1021,-74,-6.76
1402-08-03,12:29:59,2505,103204788,113020591898,1081,1110,1092,1098,1084,-8,-0.73,1095,3,0.27
1402-08-02,12:29:59,3130,134145781,146463178085,1073,1120,1118,1113,1083,-35,-3.13,1092,-26,-2.33
1402-08-01,12:29:50,2124,89436070,100026811442,1104,1157,1141,1135,1120,-21,-1.84,1118,-23,-2.02
1402-07-30,12:30:00,3748,144697638,165167779561,1096,1165,1109,1125,1139,30,2.71,1141,32,2.89
1402-07-29,12:29:47,2341,86900444,96347225039,1092,1127,1095,1099,1106,11,1.0,1109,14,1.28
1402-07-26,12:29:55,3593,149731223,164022514929,1080,1113,1143,1090,1099,-44,-3.85,1095,-48,-4.2
1402-07-25,12:29:59,2644,98192808,112219002308,1118,1175,1134,1149,1128,-6,-0.53,1143,9,0.79
1402-07-24,12:30:00,2701,107847764,122275146821,1106,1148,1101,1124,1147,46,4.18,1134,33,3.0
1402-07-23,12:30:00,2664,98473229,108439690040,1084,1130,1108,1105,1119,11,0.99,1101,-7,-0.63
1402-07-22,12:29:59,3805,165036358,182790468963,1095,1156,1161,1156,1107,-54,-4.65,1108,-53,-4.57
1402-07-19,12:30:01,2912,128335342,148972659793,1138,1199,1153,1179,1142,-11,-0.95,1161,8,0.69
1402-07-18,17:12:08,3053,129760092,149584930452,1115,1182,1134,1115,1178,44,3.88,1153,19,1.68
1402-07-17,12:29:58,3856,153032185,173473723515,1111,1174,1142,1120,1127,-15,-1.31,1134,-8,-0.7
1402-07-16,12:29:59,5502,246800905,281822527526,1138,1208,1223,1196,1148,-75,-6.13,1142,-81,-6.62
1402-07-15,12:29:59,2964,104261331,127484935425,1200,1276,1270,1260,1220,-50,-3.94,1223,-47,-3.7
1402-07-12,17:41:37,2473,95174693,120847200640,1250,1294,1254,1261,1257,3,0.24,1270,16,1.28
1402-07-10,12:29:57,3145,131893259,165383182169,1220,1288,1227,1249,1264,37,3.02,1254,27,2.2
1402-07-09,12:29:59,2780,106238443,130380156638,1211,1255,1237,1230,1237,0,0.0,1227,-10,-0.81
1402-07-08,12:29:58,3746,141448385,174956860199,1220,1279,1261,1264,1223,-38,-3.01,1237,-24,-1.9
1402-07-05,12:29:59,2076,78680986,99182520269,1250,1279,1260,1265,1258,-2,-0.16,1261,1,0.08
1402-07-04,12:29:56,2324,89591788,112892027772,1240,1278,1260,1244,1250,-10,-0.79,1260,0,0.0
1402-07-03,12:29:58,2740,108172156,136317001933,1244,1294,1267,1280,1251,-16,-1.26,1260,-7,-0.55
1402-07-01,13:44:54,2321,90052474,114077465283,1252,1285,1264,1280,1280,16,1.27,1267,3,0.24
1402-06-29,12:29:59,2090,77863521,98456561155,1246,1279,1264,1260,1273,9,0.71,1264,0,0.0
1402-06-28,12:29:58,2558,100830911,127449091710,1251,1288,1295,1275,1262,-33,-2.55,1264,-31,-2.39
1402-06-27,12:29:50,4257,170328636,220651953960,1276,1330,1304,1330,1277,-27,-2.07,1295,-9,-0.69
1402-06-26,12:30:01,7985,393227471,512693122015,1247,1315,1229,1247,1315,86,7.0,1304,75,6.1
1402-06-22,12:29:58,2446,85506427,105109004797,1220,1255,1246,1230,1239,-7,-0.56,1229,-17,-1.36
1402-06-21,12:29:48,2148,83442973,103943290590,1230,1265,1242,1240,1240,-2,-0.16,1246,4,0.32
1402-06-20,12:29:56,2484,95290834,118375140564,1230,1266,1245,1260,1234,-11,-0.88,1242,-3,-0.24
1402-06-19,12:29:58,3891,158278005,197081488343,1195,1277,1245,1195,1246,1,0.08,1245,0,0.0
1402-06-18,12:29:42,6680,274794576,342036166319,1235,1300,1327,1300,1235,-92,-6.93,1245,-82,-6.18
1402-06-14,12:29:58,6301,261511295,347008845425,1299,1358,1290,1318,1300,10,0.78,1327,37,2.87
1402-06-13,12:29:55,8445,393073164,507042272397,1209,1305,1220,1209,1305,85,6.97,1290,70,5.74
1402-06-12,12:29:54,3162,135605371,165454564556,1205,1244,1235,1205,1214,-21,-1.7,1220,-15,-1.21
1402-06-11,12:29:58,3595,145702267,179882380017,1201,1270,1232,1246,1218,-14,-1.14,1235,3,0.24
1402-06-08,12:30:00,4295,171844272,211761994072,1189,1250,1216,1202,1248,32,2.63,1232,16,1.32
1402-06-07,15:30:12,4957,218176324,265410506972,1189,1260,1230,1192,1203,-27,-2.2,1216,-14,-1.14
1402-06-06,16:20:12,7455,317257073,390104268889,1193,1287,1240,1239,1200,-40,-3.23,1230,-10,-0.81
1402-06-05,12:29:57,7778,363733616,451107654263,1201,1267,1185,1230,1223,38,3.21,1240,55,4.64
1402-06-04,12:29:01,4239,197794783,234412093617,1142,1193,1115,1142,1193,78,7.0,1185,70,6.28
1402-06-01,12:29:51,4181,178487096,198938255480,1046,1136,1062,1046,1136,74,6.97,1115,53,4.99
1402-05-31,17:23:12,3144,112241476,119175702741,1043,1105,1110,1100,1059,-51,-4.59,1062,-48,-4.32
1402-05-30,12:29:59,2717,110167568,122263691097,1089,1134,1094,1089,1098,4,0.37,1110,16,1.46
1402-05-29,12:29:56,3072,116223715,127196483371,1060,1115,1096,1102,1097,1,0.09,1094,-2,-0.18
1402-05-28,12:29:54,3284,125057734,137057784811,1076,1135,1120,1125,1083,-37,-3.3,1096,-24,-2.14
1402-05-25,15:13:54,2829,97834308,109529345584,1103,1140,1119,1120,1128,9,0.8,1120,1,0.09
1402-05-24,12:29:55,3341,127689922,142939675351,1100,1155,1166,1135,1120,-46,-3.95,1119,-47,-4.03
1402-05-23,12:29:59,2640,99901352,116444417928,1140,1200,1143,1179,1144,1,0.09,1166,23,2.01
1402-05-22,12:30:01,3806,138651207,158520823885,1100,1177,1139,1129,1170,31,2.72,1143,4,0.35
1402-05-21,12:29:59,6308,229304029,261269856038,1133,1210,1218,1201,1134,-84,-6.9,1139,-79,-6.49
1402-05-18,12:30:04,2641,93247057,113621146099,1206,1246,1227,1230,1215,-12,-0.98,1218,-9,-0.73
1402-05-17,12:29:56,3021,114545092,140517951950,1210,1263,1254,1263,1217,-37,-2.95,1227,-27,-2.15
1402-05-16,12:29:58,4543,192709273,241745497387,1239,1293,1259,1264,1248,-11,-0.87,1254,-5,-0.4
1402-05-15,12:29:58,2936,95362738,120091249606,1239,1294,1281,1290,1259,-22,-1.72,1259,-22,-1.72
1402-05-14,12:29:58,3837,159018489,203735745888,1250,1306,1233,1250,1293,60,4.87,1281,48,3.89
1402-05-10,12:29:54,3647,163641189,201687848397,1211,1257,1205,1231,1240,35,2.9,1233,28,2.32
1402-05-09,12:29:59,3872,169058750,203636673395,1179,1249,1202,1210,1223,21,1.75,1205,3,0.25
1402-05-08,12:29:51,4583,190542770,229090713618,1185,1259,1263,1233,1199,-64,-5.07,1202,-61,-4.83
1402-05-07,12:29:59,2566,91475987,115509690241,1239,1300,1270,1300,1245,-25,-1.97,1263,-7,-0.55
1402-05-04,12:29:55,2502,94508382,120058244299,1228,1298,1285,1270,1280,-5,-0.39,1270,-15,-1.17
1402-05-03,12:29:59,3845,140253842,180236652412,1248,1332,1281,1300,1254,-27,-2.11,1285,4,0.31
1402-05-02,12:29:57,3489,132536840,169820282375,1252,1312,1245,1252,1278,33,2.65,1281,36,2.89
1402-05-01,12:30:00,3791,154743041,192706167879,1190,1272,1243,1190,1234,-9,-0.72,1245,2,0.16
1402-04-31,12:29:48,5175,211457055,262778663604,1237,1288,1330,1270,1237,-93,-6.99,1243,-87,-6.54
1402-04-28,12:29:59,7889,341844383,454615177594,1277,1355,1267,1320,1306,39,3.08,1330,63,4.97
1402-04-27,12:28:48,4090,190780471,241638040158,1235,1271,1188,1235,1271,83,6.99,1267,79,6.65
1402-04-26,12:30:00,7236,304468402,361759139204,1178,1245,1266,1234,1218,-48,-3.79,1188,-78,-6.16
1402-04-25,12:29:59,6776,248384082,314528032980,1253,1343,1347,1303,1253,-94,-6.98,1266,-81,-6.01
1402-04-24,12:30:00,4624,172671129,232646131535,1315,1385,1312,1349,1325,13,0.99,1347,35,2.67
1402-04-21,12:29:58,8187,303494410,398300608668,1290,1372,1387,1370,1339,-48,-3.46,1312,-75,-5.41
1402-04-20,12:30:00,6187,217639357,301912301703,1348,1450,1412,1401,1370,-42,-2.97,1387,-25,-1.77
1402-04-19,12:29:59,5044,181799653,256704713028,1401,1449,1446,1444,1410,-36,-2.49,1412,-34,-2.35
1402-04-18,12:29:55,6948,237977440,344119001166,1411,1500,1515,1485,1443,-72,-4.75,1446,-69,-4.55
1402-04-17,12:29:56,5734,187636147,284269224796,1488,1565,1555,1542,1494,-61,-3.92,1515,-40,-2.57
1402-04-14,12:30:00,5032,175221024,272499504378,1528,1578,1550,1528,1542,-8,-0.52,1555,5,0.32
1402-04-13,12:30:00,6726,240415162,372731793838,1511,1598,1508,1521,1528,20,1.33,1550,42,2.79
1402-04-12,12:30:00,6160,219408320,330826975873,1490,1535,1508,1508,1518,10,0.66,1508,0,0.0
1402-04-11,12:29:58,4799,169549576,255650018833,1455,1537,1485,1490,1498,13,0.88,1508,23,1.55
1402-04-10,12:30:00,4479,146688205,217787841611,1455,1521,1455,1462,1477,22,1.51,1485,30,2.06
1402-04-07,12:29:58,3793,124798208,181570957681,1420,1487,1473,1487,1460,-13,-0.88,1455,-18,-1.22
1402-04-06,12:30:00,5906,170812620,251678542934,1450,1530,1529,1520,1456,-73,-4.77,1473,-56,-3.66
1402-04-05,12:29:58,7364,238974388,365507051815,1500,1570,1532,1550,1512,-20,-1.31,1529,-3,-0.2
1402-04-04,12:29:59,10672,454896060,697078350128,1455,1546,1445,1486,1540,95,6.57,1532,87,6.02
1402-04-03,12:29:59,6061,203102133,293523346950,1407,1487,1435,1430,1449,14,0.98,1445,10,0.7
1402-03-31,12:29:57,6603,238991368,342904426152,1410,1477,1402,1410,1423,21,1.5,1435,33,2.35
1402-03-30,12:30:04,5072,191894668,268991062839,1375,1430,1410,1400,1410,0,0.0,1402,-8,-0.57
1402-03-29,12:29:59,5761,221733577,312665987128,1383,1447,1405,1402,1390,-15,-1.07,1410,5,0.36
1402-03-28,12:30:01,6554,223587505,314149072926,1375,1459,1474,1442,1415,-59,-4.0,1405,-69,-4.68
1402-03-27,12:29:59,6571,224368841,330795095283,1439,1534,1495,1495,1442,-53,-3.55,1474,-21,-1.4
1402-03-24,12:30:02,6331,229546274,343253437603,1466,1536,1448,1491,1475,27,1.86,1495,47,3.25
1402-03-23,12:30:00,6638,233882104,338557603616,1405,1480,1457,1456,1464,7,0.48,1448,-9,-0.62
1402-03-22,12:29:57,10543,364253002,530892660896,1415,1579,1517,1511,1435,-82,-5.41,1457,-60,-3.96
1402-03-21,12:29:56,9803,316713319,480317268084,1460,1570,1527,1460,1500,-27,-1.77,1517,-10,-0.65
1402-03-20,12:29:50,2630,86682566,132347522115,1523,1600,1637,1600,1523,-114,-6.96,1527,-110,-6.72
1402-03-17,12:29:54,5709,202799425,331965809935,1605,1665,1642,1649,1619,-23,-1.4,1637,-5,-0.3
1402-03-16,18:21:08,7553,255792380,419929412682,1620,1687,1646,1646,1638,-8,-0.49,1642,-4,-0.24
1402-03-13,17:02:31,7094,252088690,414840837245,1600,1695,1653,1638,1631,-22,-1.33,1646,-7,-0.42
1402-03-10,17:32:34,13079,480170968,793913910479,1573,1700,1659,1682,1638,-21,-1.27,1653,-6,-0.36
1402-03-09,12:29:59,10318,489771167,812368291884,1610,1661,1553,1639,1661,108,6.95,1659,106,6.83
1402-03-08,12:29:59,7246,305062733,473722184423,1510,1578,1475,1526,1578,103,6.98,1553,78,5.29
1402-03-07,12:29:55,12551,477428052,704376825129,1462,1555,1571,1550,1502,-69,-4.39,1475,-96,-6.11
1402-03-06,12:30:00,12813,428345208,673131235200,1546,1654,1662,1632,1550,-112,-6.74,1571,-91,-5.48
1402-03-03,12:29:58,11308,388436996,645713594269,1633,1719,1723,1700,1644,-79,-4.59,1662,-61,-3.54
1402-03-02,12:30:00,10321,411080623,708200007827,1651,1798,1707,1671,1687,-20,-1.17,1723,16,0.94
1402-03-01,12:29:59,8590,338757620,578216500429,1667,1750,1679,1690,1679,0,0.0,1707,28,1.67
1402-02-31,12:29:58,11118,408440487,685779790334,1623,1737,1730,1690,1695,-35,-2.02,1679,-51,-2.95
1402-02-30,12:29:58,17708,730110876,1263337796166,1670,1792,1675,1760,1694,19,1.13,1730,55,3.28
1402-02-27,12:29:50,9890,402829728,674555996873,1614,1692,1582,1628,1692,110,6.95,1675,93,5.88
1402-02-25,18:07:03,14209,739467395,1169719264625,1465,1613,1508,1580,1613,105,6.96,1582,74,4.91
1402-02-24,12:30:00,18041,831668854,1254224133669,1420,1567,1465,1420,1566,101,6.89,1508,43,2.94
1402-02-23,12:29:59,4710,206907613,303151534620,1457,1520,1566,1500,1457,-109,-6.96,1465,-101,-6.45
1402-02-20,12:29:59,10874,440992468,690580843259,1522,1700,1636,1660,1522,-114,-6.97,1566,-70,-4.28
1402-02-19,12:29:58,26908,1185185573,1939059089713,1627,1690,1749,1627,1642,-107,-6.12,1636,-113,-6.46
1402-02-18,12:29:37,1185,37547790,65671084710,1749,1749,1880,1749,1749,-131,-6.97,1749,-131,-6.97
1402-02-17,12:29:48,7186,239817828,450767004414,1869,1937,2009,1932,1869,-140,-6.97,1880,-129,-6.42
1402-02-16,12:30:01,21509,746857280,1500130873235,1901,2102,1978,2102,1932,-46,-2.33,2009,31,1.57
1402-02-13,12:30:01,18069,624818993,1235939237885,1939,2020,1901,2000,2004,103,5.42,1978,77,4.05
1402-02-12,12:29:47,18066,728439431,1384458436095,1803,1931,1805,1805,1931,126,6.98,1901,96,5.32
1402-02-11,12:29:59,19668,677382800,1222878005323,1755,1855,1819,1810,1789,-30,-1.65,1805,-14,-0.77
1402-02-10,12:29:59,14129,527278542,959149472953,1782,1870,1767,1850,1799,32,1.81,1819,52,2.94
1402-02-09,12:29:53,19011,855073426,1510628119768,1684,1801,1684,1703,1801,117,6.95,1767,83,4.93
1402-02-06,12:30:00,19790,748891517,1261373242897,1640,1737,1739,1700,1664,-75,-4.31,1684,-55,-3.16
1402-02-05,12:30:01,18281,741725344,1289647816077,1679,1820,1722,1779,1689,-33,-1.92,1739,17,0.99
1402-02-04,12:29:59,17412,621721728,1070744279910,1665,1784,1761,1768,1747,-14,-0.8,1722,-39,-2.21
1402-01-30,12:30:08,21573,807818820,1422804952748,1704,1829,1789,1753,1745,-44,-2.46,1761,-28,-1.57
1402-01-29,17:03:57,32249,1172600740,2098336256229,1720,1876,1797,1830,1752,-45,-2.5,1789,-8,-0.45
1402-01-28,12:29:59,24567,1197322234,2151354893324,1703,1805,1687,1750,1804,117,6.94,1797,110,6.52
1402-01-27,12:29:58,19238,783819399,1322474840878,1606,1717,1605,1670,1717,112,6.98,1687,82,5.11
1402-01-26,12:29:55,18741,1134171084,1820100176766,1590,1605,1500,1600,1605,105,7.0,1605,105,7.0
1402-01-22,12:30:00,16168,718435280,1077918968368,1430,1570,1483,1434,1560,77,5.19,1500,17,1.15
1402-01-21,12:30:01,20457,821187754,1217468671923,1433,1589,1540,1580,1440,-100,-6.49,1483,-57,-3.7
1402-01-20,15:34:43,16666,667563063,1027885810292,1501,1586,1553,1540,1560,7,0.45,1540,-13,-0.84
1402-01-19,12:30:00,19004,927416040,1440123691290,1470,1571,1469,1489,1549,80,5.45,1553,84,5.72
1402-01-16,12:29:59,11643,450527336,661731989336,1385,1493,1455,1430,1466,11,0.76,1469,14,0.96
1402-01-15,12:29:59,16809,643215825,935883031152,1402,1514,1429,1480,1429,0,0.0,1455,26,1.82
1402-01-14,12:29:59,18680,839422817,1199583246881,1375,1488,1440,1419,1471,31,2.15,1429,-11,-0.76
1402-01-09,12:30:01,14238,522052412,751525653679,1412,1488,1423,1458,1426,3,0.21,1440,17,1.19
1402-01-08,15:14:30,15617,698833708,994629148321,1383,1468,1381,1437,1461,80,5.79,1423,42,3.04
1402-01-06,14:59:59,2696,134769100,174270182484,1246,1339,1319,1339,1331,12,0.91,1293,-26,-1.97
1402-01-05,12:29:55,17623,1075033780,1418234289247,1242,1327,1241,1250,1327,86,6.93,1319,78,6.29
1401-12-28,12:29:59,10927,450309958,558913545219,1210,1278,1263,1270,1236,-27,-2.14,1241,-22,-1.74
1401-12-27,16:03:34,8968,418548224,528697497922,1230,1285,1224,1248,1259,35,2.86,1263,39,3.19
1401-12-24,12:30:00,8146,387257668,474131370675,1198,1248,1168,1199,1222,54,4.62,1224,56,4.79
1401-12-23,12:29:59,8323,301756726,352304186789,1135,1195,1121,1140,1192,71,6.33,1168,47,4.19
1401-12-22,12:29:58,4828,199603168,223787340511,1105,1144,1122,1105,1140,18,1.6,1121,-1,-0.09
1401-12-21,12:29:54,7240,279508780,313599952632,1104,1182,1187,1149,1120,-67,-5.64,1122,-65,-5.48
1401-12-20,12:29:53,6406,275075421,326570078181,1158,1243,1177,1199,1161,-16,-1.36,1187,10,0.85
1401-12-16,14:29:31,7044,365181554,429852232144,1152,1206,1162,1160,1185,23,1.98,1177,15,1.29
1401-12-15,12:29:59,8079,356505468,414308303196,1123,1191,1134,1130,1150,16,1.41,1162,28,2.47
1401-12-14,12:29:55,6984,312162522,353877779518,1109,1166,1127,1131,1126,-1,-0.09,1134,7,0.62
1401-12-13,12:29:59,7220,285039956,321285717258,1111,1173,1174,1148,1115,-59,-5.03,1127,-47,-4.0
1401-12-10,12:30:01,8934,400190696,469664802660,1134,1236,1219,1200,1145,-74,-6.07,1174,-45,-3.69
1401-12-09,12:30:00,7289,333848003,407044595317,1195,1255,1236,1221,1201,-35,-2.83,1219,-17,-1.38
1401-12-08,12:29:58,9625,436894394,540147550262,1205,1295,1284,1250,1218,-66,-5.14,1236,-48,-3.74
1401-12-07,12:30:00,12814,661596881,849629121578,1235,1322,1236,1300,1244,8,0.65,1284,48,3.88
1401-12-06,12:29:48,8372,462195214,571432338305,1206,1239,1158,1210,1239,81,6.99,1236,78,6.74
1401-12-03,12:29:58,6331,306026713,354249396908,1132,1185,1189,1179,1173,-16,-1.35,1158,-31,-2.61
1401-12-02,12:29:58,9800,512377739,609340244397,1150,1199,1121,1160,1166,45,4.01,1189,68,6.07
1401-12-01,12:29:58,5377,299960261,336130816131,1062,1135,1061,1062,1135,74,6.97,1121,60,5.66
1401-11-30,12:30:00,6127,261587979,277594550088,1043,1092,1082,1067,1044,-38,-3.51,1061,-21,-1.94
1401-11-26,12:29:59,5786,246807415,266945721547,1065,1111,1128,1110,1066,-62,-5.5,1082,-46,-4.08
1401-11-25,12:29:59,5521,208528414,235205599594,1099,1163,1144,1122,1111,-33,-2.88,1128,-16,-1.4
1401-11-24,12:29:59,5496,205179896,234623414082,1119,1176,1131,1170,1120,-11,-0.97,1144,13,1.15
1401-11-23,12:29:58,9100,448715665,507540244840,1075,1179,1124,1130,1159,35,3.11,1131,7,0.62
1401-11-19,12:29:59,7013,291866125,328059682249,1100,1169,1167,1151,1130,-37,-3.17,1124,-43,-3.68
1401-11-18,12:29:58,6291,273785599,319583148018,1130,1198,1149,1180,1155,6,0.52,1167,18,1.57
1401-11-17,12:29:58,8210,356521097,409621598749,1090,1197,1152,1111,1164,12,1.04,1149,-3,-0.26
1401-11-16,12:29:59,13890,799150454,921005786928,1147,1220,1233,1220,1147,-86,-6.97,1152,-81,-6.57
1401-11-12,12:29:58,10181,511414784,630356262337,1212,1277,1279,1268,1231,-48,-3.75,1233,-46,-3.6
1401-11-11,12:29:58,12558,616759303,788568139529,1241,1324,1269,1299,1270,1,0.08,1279,10,0.79
1401-11-10,12:29:59,19364,1037905597,1317374869630,1191,1323,1256,1235,1290,34,2.71,1269,13,1.04
1401-11-09,12:30:00,23572,1372425649,1724351091555,1234,1364,1326,1330,1253,-73,-5.51,1256,-70,-5.28
1401-11-08,12:29:58,29254,1633129456,2165450690125,1230,1347,1259,1310,1347,88,6.99,1326,67,5.32
1401-11-05,12:29:58,24414,1364253478,1717245415932,1205,1284,1200,1250,1284,84,7.0,1259,59,4.92
1401-11-04,12:30:01,13773,690551637,828337880097,1114,1236,1156,1165,1236,80,6.92,1200,44,3.81
1401-11-03,12:30:01,10193,475618533,549605780472,1110,1198,1136,1195,1150,14,1.23,1156,20,1.76
1401-11-02,12:30:00,15657,761186639,864631204783,1075,1196,1151,1141,1180,29,2.52,1136,-15,-1.3
1401-11-01,12:29:58,16907,824242271,949027497428,1131,1230,1216,1225,1150,-66,-5.43,1151,-65,-5.35
1401-10-28,12:29:59,13459,607840824,739128086784,1163,1260,1190,1170,1210,20,1.68,1216,26,2.18
1401-10-27,12:29:58,23124,1004895071,1195638406138,1151,1248,1229,1240,1160,-69,-5.61,1190,-39,-3.17
1401-10-26,12:30:01,20916,1355983052,1665918343752,1210,1230,1150,1210,1230,80,6.96,1229,79,6.87
1401-10-25,06:11:08,0,0,0,0,0,1150,0,1189,0,0.0,1150,0,0.0
1401-10-24,12:29:58,18723,967433893,1112927306084,1042,1189,1112,1075,1189,77,6.92,1150,38,3.42
1401-10-21,12:30:00,21988,1150533621,1279496604072,1048,1169,1115,1130,1103,-12,-1.08,1112,-3,-0.27
1401-10-20,12:29:50,18154,913067006,1017623661030,1075,1127,1054,1100,1127,73,6.93,1115,61,5.79
1401-10-19,12:29:15,19056,1047327483,1103591343960,990,1079,1009,1050,1079,70,6.94,1054,45,4.46
1401-10-18,12:29:59,17413,1067229266,1076787171827,985,1014,948,1014,1014,66,6.96,1009,61,6.43
1401-10-17,12:29:48,3824,245976541,233151754904,935,949,887,947,949,62,6.99,948,61,6.88
1401-10-14,12:29:59,8287,478334238,424371459981,852,930,877,860,929,52,5.93,887,10,1.14
1401-10-13,12:29:59,6458,298141152,261475764467,850,909,863,870,855,-8,-0.93,877,14,1.62
1401-10-12,12:29:59,5307,260470062,224862225395,844,873,850,860,864,14,1.65,863,13,1.53
1401-10-11,12:29:58,5356,257022022,218361013249,834,890,863,860,845,-18,-2.09,850,-13,-1.51
1401-10-10,12:29:58,5846,263813281,227712506186,850,885,904,885,855,-49,-5.42,863,-41,-4.54
1401-10-07,12:29:58,7870,389300200,351960432816,879,923,876,879,900,24,2.74,904,28,3.2
1401-10-05,12:29:56,5227,257985509,226104257581,857,894,867,861,875,8,0.92,876,9,1.04
1401-10-04,12:29:58,6610,322624733,279577661216,855,883,867,877,860,-7,-0.81,867,0,0.0
1401-10-03,12:29:55,5062,251208701,217821583497,846,885,853,859,864,11,1.29,867,14,1.64
1401-09-30,12:29:58,2947,141968298,121075231037,841,862,840,845,853,13,1.55,853,13,1.55
1401-09-29,12:29:58,3860,175951876,147758402193,834,855,863,850,846,-17,-1.97,840,-23,-2.67
1401-09-28,12:29:59,5251,219717181,189549195308,846,883,890,882,846,-44,-4.94,863,-27,-3.03
1401-09-27,12:30:01,5705,246059502,219066833446,876,910,873,898,879,6,0.69,890,17,1.95
1401-09-26,12:30:00,7565,358386834,312798905083,840,898,845,847,887,42,4.97,873,28,3.31
1401-09-23,12:30:01,5008,244232534,206469526062,825,865,837,833,841,4,0.48,845,8,0.96
1401-09-22,12:29:59,4330,198343250,165966394770,818,848,817,821,832,15,1.84,837,20,2.45
1401-09-21,12:29:59,3288,154050323,125816256189,794,829,801,801,817,16,2.0,817,16,2.0
1401-09-20,12:29:59,3088,136778663,109511484624,791,815,803,809,798,-5,-0.62,801,-2,-0.25
1401-09-19,12:29:56,3164,152341186,122255835533,795,820,826,812,799,-27,-3.27,803,-23,-2.78
1401-09-16,12:29:59,3175,155265730,128314090886,811,847,819,819,819,0,0.0,826,7,0.85
1401-09-15,12:29:47,2738,137666835,112710136502,806,830,812,806,820,8,0.99,819,7,0.86
1401-09-14,12:29:52,3536,154616039,125555360028,802,828,832,820,807,-25,-3.0,812,-20,-2.4
1401-09-13,12:29:52,2938,130456985,108548564443,821,853,834,830,821,-13,-1.56,832,-2,-0.24
1401-09-12,18:05:00,3028,141606821,118070868236,821,848,847,829,828,0,0.0,834,-13,-1.53
1401-09-09,12:29:58,4432,190486909,161431510127,832,869,849,869,835,-14,-1.65,847,-2,-0.24
1401-09-08,12:29:59,9451,510569747,433611108223,789,858,802,801,858,56,6.98,849,47,5.86
1401-09-07,12:29:58,2364,96605062,77444105402,794,817,802,817,799,-3,-0.37,802,0,0.0
1401-09-06,12:29:58,2761,121091784,97121473775,791,815,810,807,815,5,0.62,802,-8,-0.99
1401-09-05,12:29:57,2962,145849163,118095487506,800,821,804,800,805,1,0.12,810,6,0.75
1401-09-02,12:29:59,3087,141351607,113695419094,791,816,801,813,797,-4,-0.5,804,3,0.37
1401-09-01,12:29:58,3209,128443163,102826132632,784,816,817,805,810,-7,-0.86,801,-16,-1.96
1401-08-30,12:29:54,4456,203792966,166401244118,804,838,814,838,806,-8,-0.98,817,3,0.37
1401-08-29,12:29:35,6008,330942647,269332701545,763,815,762,763,815,53,6.96,814,52,6.82
1401-08-28,12:29:57,1092,45530311,34687770886,726,820,774,726,768,-6,-0.78,762,-12,-1.55
1401-08-25,06:10:57,0,0,0,0,0,779,0,774,0,0.0,779,0,0.0
1401-08-24,06:11:26,0,0,0,0,0,779,0,774,0,0.0,779,0,0.0
1401-08-23,12:59:58,4423,202398164,157728046390,770,802,807,800,774,-33,-4.09,779,-28,-3.47
1401-08-22,12:59:59,5718,258101253,208212631636,783,825,819,815,797,-22,-2.69,807,-12,-1.47
1401-08-21,12:59:56,7228,376412755,308401223248,786,840,786,806,807,21,2.67,819,33,4.2
1401-08-18,12:59:58,7147,359905643,283031310367,749,817,785,763,799,14,1.78,786,1,0.13
1401-08-17,12:59:59,12418,795515953,624287408158,762,796,744,796,778,34,4.57,785,41,5.51
1401-08-16,12:53:05,700,41141643,30609382392,744,744,696,744,744,48,6.9,744,48,6.9
1401-08-15,12:57:17,418,30569481,21276358776,696,696,651,696,696,45,6.91,696,45,6.91
1401-08-14,06:11:52,0,0,0,0,0,651,0,661,0,0.0,651,0,0.0
1401-08-11,06:11:45,0,0,0,0,0,651,0,661,0,0.0,651,0,0.0
1401-08-10,06:11:59,0,0,0,0,0,651,0,661,0,0.0,651,0,0.0
1401-08-09,06:12:17,0,0,0,0,0,651,0,661,0,0.0,651,0,0.0
1401-08-08,13:00:01,3414,171502349,111732168102,638,665,666,652,661,-5,-0.75,651,-15,-2.25
1401-08-07,12:59:58,3261,142778997,95049873406,647,693,673,680,657,-16,-2.38,666,-7,-1.04
1401-08-04,12:59:59,6335,295695696,198910246366,662,705,711,703,680,-31,-4.36,673,-38,-5.34
1401-08-03,12:59:54,3103,126811222,90146939108,700,728,720,716,709,-11,-1.53,711,-9,-1.25
1401-08-02,12:59:39,2725,110550409,79651052446,716,738,731,730,719,-12,-1.64,720,-11,-1.5
1401-08-01,14:00:26,1568,71463877,52243364528,728,737,739,730,731,-8,-1.08,731,-8,-1.08
1401-07-30,12:59:13,1885,80347556,59358971325,730,750,739,750,732,-7,-0.95,739,0,0.0
1401-07-27,12:59:58,2208,99019100,73157825061,730,749,736,733,747,11,1.49,739,3,0.41
1401-07-26,12:59:52,1310,50919173,37479050687,730,742,730,730,734,4,0.55,736,6,0.82
1401-07-25,12:59:58,1555,66834659,48771821772,724,735,723,730,735,12,1.66,730,7,0.97
1401-07-24,12:59:56,2036,87274614,63092583895,717,735,735,733,725,-10,-1.36,723,-12,-1.63
1401-07-23,12:59:29,2008,77202097,56727544108,728,749,747,742,736,-11,-1.47,735,-12,-1.61
1401-07-20,12:59:43,1285,46979000,35108126036,740,758,754,755,745,-9,-1.19,747,-7,-0.93
1401-07-19,12:59:49,1713,69729182,52543993918,741,760,734,746,759,25,3.41,754,20,2.72
1401-07-18,12:59:55,1832,76835201,56383594798,725,747,729,731,747,18,2.47,734,5,0.69
1401-07-17,12:59:59,2315,96624770,70402991050,723,745,747,745,730,-17,-2.28,729,-18,-2.41
1401-07-16,12:59:57,1545,66155438,49438200863,737,760,746,750,740,-6,-0.8,747,1,0.13
1401-07-12,12:59:51,1537,67547543,50378959485,736,755,747,749,752,5,0.67,746,-1,-0.13
1401-07-11,12:59:15,1604,65944452,49241168688,736,760,744,749,746,2,0.27,747,3,0.4
1401-07-10,12:59:52,2068,94900401,70606957704,733,756,744,733,749,5,0.67,744,0,0.0
1401-07-09,13:00:00,3097,135317389,100627424059,734,770,783,760,738,-45,-5.75,744,-39,-4.98
1401-07-06,12:59:36,2353,86525170,67743816062,760,790,757,777,781,24,3.17,783,26,3.43
1401-07-04,12:59:58,2232,90636892,68624973909,731,765,737,741,760,23,3.12,757,20,2.71
1401-07-02,12:59:55,2988,145733934,107427970741,727,760,766,756,735,-31,-4.05,737,-29,-3.79
1401-06-30,12:59:50,1816,69373124,53129997307,756,779,762,756,764,2,0.26,766,4,0.52
1401-06-29,12:59:59,1905,73366651,55919163762,756,777,770,765,760,-10,-1.3,762,-8,-1.04
1401-06-28,12:59:49,2008,86296778,66474563343,761,781,772,770,765,-7,-0.91,770,-2,-0.26
1401-06-27,12:59:59,3225,135381731,104482753683,760,797,797,797,775,-22,-2.76,772,-25,-3.14
1401-06-23,12:59:59,2015,70570199,56211956004,790,814,804,804,795,-9,-1.12,797,-7,-0.87
1401-06-22,12:59:59,2070,85394303,68693167545,783,820,792,805,808,16,2.02,804,12,1.52
1401-06-21,12:59:54,2447,91698672,72584348588,781,810,805,796,794,-11,-1.37,792,-13,-1.61
1401-06-20,12:59:18,2823,119111439,95938428004,791,836,811,810,798,-13,-1.6,805,-6,-0.74
1401-06-19,12:59:47,3019,143959419,116788429923,795,844,842,832,807,-35,-4.16,811,-31,-3.68
1401-06-16,12:29:59,2063,95384049,80296959352,833,861,841,841,835,-6,-0.71,842,1,0.12
1401-06-15,12:29:55,2073,86697594,72933748915,835,856,854,850,853,-1,-0.12,841,-13,-1.52
1401-06-14,12:29:58,2617,102063285,87181425309,831,872,839,831,848,9,1.07,854,15,1.79
1401-06-13,12:29:56,2193,89722540,75245359106,831,850,845,831,836,-9,-1.07,839,-6,-0.71
1401-06-12,12:30:00,3565,146140651,123540937883,835,879,886,878,838,-48,-5.42,845,-41,-4.63
1401-06-09,12:30:00,4132,194185463,171971667047,860,903,867,870,880,13,1.5,886,19,2.19
1401-06-08,12:30:00,4440,204897726,177680195174,841,886,870,879,874,4,0.46,867,-3,-0.34
1401-06-07,12:29:56,5144,210230955,182815946295,834,885,837,849,863,26,3.11,870,33,3.94
1401-06-06,12:29:48,3696,177437403,148542033528,826,854,861,850,836,-25,-2.9,837,-24,-2.79
1401-06-05,12:29:57,7331,286961825,247073583606,836,889,864,881,840,-24,-2.78,861,-3,-0.35
1401-06-02,12:29:59,7797,478515634,413270408243,838,866,817,857,866,49,6.0,864,47,5.75
1401-06-01,12:29:26,2479,143784531,117471920145,798,821,775,798,821,46,5.94,817,42,5.42
1401-05-31,12:29:56,3140,122296055,94738647736,751,796,758,752,784,26,3.43,775,17,2.24
1401-05-30,16:01:53,2314,102294089,77504441220,751,769,767,764,756,-11,-1.43,758,-9,-1.17
1401-05-29,12:29:58,2488,106177709,81390469026,757,782,783,782,760,-23,-2.94,767,-16,-2.04
1401-05-26,12:29:57,1952,87261249,68361944840,775,806,792,792,784,-8,-1.01,783,-9,-1.14
1401-05-25,14:01:56,2746,110592745,87579196341,779,819,804,817,781,-23,-2.86,792,-12,-1.49
1401-05-24,12:29:58,2742,114563523,92139070877,772,822,796,789,805,9,1.13,804,8,1.01
1401-05-23,12:29:55,2998,128469185,102220333804,783,825,801,825,787,-14,-1.75,796,-5,-0.62
1401-05-22,12:29:52,3396,175343242,140512690355,763,804,759,763,804,45,5.93,801,42,5.53
1401-05-19,12:29:57,1950,77053275,58450306655,752,780,782,780,764,-18,-2.3,759,-23,-2.94
1401-05-18,12:29:57,2435,86804292,67838566945,761,805,785,797,773,-12,-1.53,782,-3,-0.38
1401-05-15,12:29:58,2783,113128288,88801294088,755,797,757,760,797,40,5.28,785,28,3.7
1401-05-12,12:29:58,2109,85414695,64665286936,744,765,744,746,760,16,2.15,757,13,1.75
1401-05-11,12:29:59,2102,76431532,56881728446,730,753,734,740,752,18,2.45,744,10,1.36
1401-05-10,12:29:52,1936,75075457,55076874985,720,742,718,720,735,17,2.37,734,16,2.23
1401-05-09,12:30:00,2710,111000265,79731763611,713,730,741,730,723,-18,-2.43,718,-23,-3.1
1401-05-08,15:38:37,2058,77183280,57172113041,730,760,746,740,733,-13,-1.74,741,-5,-0.67
1401-05-05,12:29:55,1752,68731067,51306732955,741,755,745,749,746,1,0.13,746,1,0.13
1401-05-04,12:29:51,2520,100503624,74869947145,735,756,735,740,739,4,0.54,745,10,1.36
1401-05-03,12:29:58,3485,148420719,109156616831,729,770,771,766,737,-34,-4.41,735,-36,-4.67
1401-05-02,12:29:59,2530,93930612,72448466617,755,806,797,801,768,-29,-3.64,771,-26,-3.26
1401-05-01,12:29:55,2427,100316622,79997540298,786,810,786,790,791,5,0.64,797,11,1.4
1401-04-29,12:29:52,2111,74637684,58632373310,765,795,768,768,786,18,2.34,786,18,2.34
1401-04-28,12:29:40,2171,79766825,61246758384,761,780,769,780,769,0,0.0,768,-1,-0.13
1401-04-26,12:29:59,2699,103910967,79951511871,761,791,784,775,765,-19,-2.42,769,-15,-1.91
1401-04-25,12:29:59,2811,107951203,84600530670,776,810,809,800,780,-29,-3.58,784,-25,-3.09
1401-04-22,12:29:54,2227,92591246,74936077836,796,826,794,796,798,4,0.5,809,15,1.89
1401-04-21,12:29:59,2932,110143496,87446941465,775,807,784,781,791,7,0.89,794,10,1.28
1401-04-20,12:29:58,3767,154498272,121131761892,773,806,806,806,783,-23,-2.85,784,-22,-2.73
1401-04-18,13:27:50,3152,136410311,109976171750,798,824,817,809,799,-18,-2.2,806,-11,-1.35
1401-04-15,12:29:57,2808,113300713,92558000458,800,831,814,823,811,-3,-0.37,817,3,0.37
1401-04-14,12:29:56,2188,80148678,65203049420,807,826,818,819,812,-6,-0.73,814,-4,-0.49
1401-04-13,12:29:58,2790,107534695,87957450026,809,835,813,823,813,0,0.0,818,5,0.62
1401-04-12,12:29:57,2649,105234369,85544473772,799,824,814,814,817,3,0.37,813,-1,-0.12
1401-04-11,12:29:57,3000,123722397,100710022856,802,830,826,821,809,-17,-2.06,814,-12,-1.45
1401-04-08,12:29:57,3261,142333659,117526529830,819,840,842,824,830,-12,-1.43,826,-16,-1.9
1401-04-07,12:30:00,3699,137966000,116198234683,830,861,850,855,835,-15,-1.76,842,-8,-0.94
1401-04-06,12:29:57,3320,134949521,114671689312,820,872,827,820,844,17,2.06,850,23,2.78
1401-04-05,12:29:55,3697,165305571,136766624264,811,858,858,857,825,-33,-3.85,827,-31,-3.61
1401-04-04,12:29:58,2892,119520056,102520285269,846,872,851,847,850,-1,-0.12,858,7,0.82
1401-04-01,12:29:58,3613,137281400,116794950346,843,869,862,865,847,-15,-1.74,851,-11,-1.28
1401-03-31,12:29:58,4389,173641187,149652100715,852,895,888,895,858,-30,-3.38,862,-26,-2.93
1401-03-30,12:29:58,2948,114384313,101518175584,872,911,884,882,882,-2,-0.23,888,4,0.45
1401-03-29,12:29:55,3657,131442834,116247998716,871,904,893,887,876,-17,-1.9,884,-9,-1.01
1401-03-28,12:29:59,4142,156727683,139890984500,876,920,918,920,886,-32,-3.49,893,-25,-2.72
1401-03-25,12:29:54,3359,130155075,119491395985,901,937,926,922,910,-16,-1.73,918,-8,-0.86
1401-03-24,12:29:58,3813,159782595,147883503048,909,940,931,931,918,-13,-1.4,926,-5,-0.54
1401-03-23,12:33:37,3973,167600009,156083823308,912,952,907,912,920,13,1.43,931,24,2.65
1401-03-22,12:29:57,3693,139733018,126768248973,874,932,889,880,912,23,2.59,907,18,2.02
1401-03-21,12:29:58,3763,154100236,136945400997,880,905,905,898,881,-24,-2.65,889,-16,-1.77
1401-03-18,12:29:58,3831,167709892,151698665459,887,917,897,900,913,16,1.78,905,8,0.89
1401-03-17,12:29:59,5100,195475871,175245450990,883,925,911,883,891,-20,-2.2,897,-14,-1.54
1401-03-16,12:29:58,4702,186082929,169594110372,900,959,957,959,900,-57,-5.96,911,-46,-4.81
1401-03-11,12:29:58,3483,126205208,120756989070,942,969,956,952,965,9,0.94,957,1,0.1
1401-03-10,12:29:59,5178,212445375,203163370236,920,984,966,965,950,-16,-1.66,956,-10,-1.04
1401-03-09,12:29:58,4970,212671103,205486839790,945,995,961,980,958,-3,-0.31,966,5,0.52
1401-03-08,12:29:59,7489,302663931,290741614291,948,1010,1008,1000,980,-28,-2.78,961,-47,-4.66
1401-03-07,12:29:59,9741,402041806,405123280028,992,1065,1055,1065,992,-63,-5.97,1008,-47,-4.45
1401-03-04,12:29:59,12716,560957300,591553095777,1026,1065,1005,1035,1065,60,5.97,1055,50,4.98
1401-03-03,12:29:55,10417,525643694,528112620610,944,1020,963,959,1020,57,5.92,1005,42,4.36
1401-03-02,12:29:59,9818,475323050,457929747118,956,1016,1016,1002,960,-56,-5.51,963,-53,-5.22
1401-03-01,12:29:58,7071,318030753,322985551198,999,1045,1025,1030,1006,-19,-1.85,1016,-9,-0.88
1401-02-31,12:30:00,8348,350566311,359269033558,1005,1045,992,1021,1021,29,2.92,1025,33,3.33
1401-02-28,12:29:59,9077,386974125,383819024420,955,1020,999,974,1018,19,1.9,992,-7,-0.7
1401-02-27,13:39:05,15274,768005414,767491684366,975,1009,952,999,990,38,3.99,999,47,4.94
1401-02-26,12:29:40,8484,411262449,391658533796,923,962,908,929,962,54,5.95,952,44,4.85
1401-02-25,12:29:59,8516,384284235,349078520377,881,931,923,923,923,0,0.0,908,-15,-1.63
1401-02-24,12:29:57,7010,296434700,273542699174,910,947,930,940,918,-12,-1.29,923,-7,-0.75
1401-02-21,12:29:57,5471,231849168,215519852113,902,946,908,902,931,23,2.53,930,22,2.42
1401-02-20,13:55:16,5335,201874120,183369236512,885,933,911,910,912,1,0.11,908,-3,-0.33
1401-02-19,12:30:01,8631,341105863,310869756309,890,944,945,942,910,-35,-3.7,911,-34,-3.6
1401-02-18,12:29:59,7068,267354933,252660091771,937,963,969,963,938,-31,-3.2,945,-24,-2.48
1401-02-17,12:29:56,5949,220310007,213505685959,951,998,966,985,954,-12,-1.24,969,3,0.31
1401-02-12,12:29:57,4944,190944719,184375840802,945,980,938,952,964,26,2.77,966,28,2.99
1401-02-11,19:00:00,6294,228731391,214625673631,920,964,944,930,954,0,0.0,938,-6,-0.64
1401-02-10,13:02:45,8299,309055674,291765264259,920,971,970,950,932,-38,-3.92,944,-26,-2.68
1401-02-07,12:30:00,10247,404266607,391978598870,950,1000,972,1000,958,-14,-1.44,970,-2,-0.21
1401-02-06,14:33:00,12786,622243800,604792533843,944,984,929,970,984,55,5.92,972,43,4.63
1401-02-05,13:14:38,5238,299850760,278505300608,870,934,882,890,934,52,5.9,929,47,5.33
1401-02-04,12:29:53,4923,204405925,180227071070,873,900,878,887,879,1,0.11,882,4,0.46
1401-01-31,12:30:00,7296,318862066,280111083871,860,904,899,900,882,-17,-1.89,878,-21,-2.34
1401-01-30,12:56:39,7065,299391860,269171535262,869,923,888,880,890,2,0.23,899,11,1.24
1401-01-29,12:57:59,11334,583463179,518393105413,850,895,845,866,875,30,3.55,888,43,5.09
1401-01-28,12:29:57,5932,266507688,225142650983,816,869,828,833,856,28,3.38,845,17,2.05
1401-01-27,12:30:00,4605,195940158,162192060196,805,846,822,830,834,12,1.46,828,6,0.73
1401-01-24,12:30:11,5223,229149323,188303375136,805,845,834,823,824,-10,-1.2,822,-12,-1.44
1401-01-23,12:29:27,3898,170050049,141840156830,832,860,875,860,832,-43,-4.91,834,-41,-4.69
1401-01-22,12:29:56,6741,255425743,223489868313,856,895,869,895,860,-9,-1.04,875,6,0.69
1401-01-21,12:29:47,7110,380226130,330529738095,828,872,831,837,872,41,4.93,869,38,4.57
1401-01-20,12:29:55,4066,167219268,138891261067,820,845,843,827,828,-15,-1.78,831,-12,-1.42
1401-01-17,12:29:59,8504,420178599,354384806520,809,852,812,828,836,24,2.96,843,31,3.82
1401-01-16,12:30:00,4521,191651190,155710766035,795,827,824,810,817,-7,-0.85,812,-12,-1.46
1401-01-15,12:29:56,6826,282947759,233064697637,808,859,842,859,815,-27,-3.21,824,-18,-2.14
1401-01-14,12:29:59,5224,230847507,194339734983,825,859,822,825,850,28,3.41,842,20,2.43
1401-01-10,12:30:00,7005,320787235,263840696613,800,836,797,800,818,21,2.63,822,25,3.14
1401-01-09,12:30:02,8189,454166595,361867586862,783,798,760,785,798,38,5.0,797,37,4.87
1401-01-08,14:03:05,3919,160346305,121917264710,0,0,760,0,762,0,0.0,760,0,0.0
1401-01-07,13:08:08,3919,160346305,121917264710,742,769,751,750,762,11,1.46,760,9,1.2
1401-01-06,12:29:56,3599,158887168,119337124841,745,769,753,764,747,-6,-0.8,751,-2,-0.27
1400-12-28,14:04:10,3753,160814242,121015225598,740,764,730,740,759,29,3.97,753,23,3.15
1400-12-25,12:29:54,3393,159953047,116809856505,725,740,728,725,731,3,0.41,730,2,0.27
1400-12-24,13:19:42,2583,116723653,84983617071,719,737,722,722,721,-1,-0.14,728,6,0.83
1400-12-23,12:30:00,3391,139629955,100772358781,717,732,727,725,719,-8,-1.1,722,-5,-0.69
1400-12-22,12:29:57,3218,136589194,99254925249,721,738,724,722,725,1,0.14,727,3,0.41
1400-12-21,12:29:58,3716,162361032,117557591313,718,740,747,739,723,-24,-3.21,724,-23,-3.08
1400-12-18,12:29:59,3804,162736269,121532228383,739,756,748,741,747,-1,-0.13,747,-1,-0.13
1400-12-17,12:29:59,4468,190924864,142776317991,741,767,780,760,741,-39,-5.0,748,-32,-4.1
1400-12-16,12:29:56,4052,168348469,131234242737,765,800,770,765,766,-4,-0.52,780,10,1.3
1400-12-15,12:29:59,4135,169317890,130421822173,754,780,766,771,767,1,0.13,770,4,0.52
1400-12-14,12:29:56,4373,194534802,148962533403,752,782,763,752,764,1,0.13,766,3,0.39
1400-12-11,12:30:00,5065,224705710,171360198048,749,784,762,781,751,-11,-1.44,763,1,0.13
1400-12-09,12:29:57,4232,234601566,178715492146,731,765,729,731,765,36,4.94,762,33,4.53
1400-12-08,12:29:58,2710,110816269,80803154468,720,739,727,720,733,6,0.83,729,2,0.28
1400-12-07,12:29:59,2834,108399793,78784954517,717,738,733,733,725,-8,-1.09,727,-6,-0.82
1400-12-04,12:30:00,2830,117327364,86036837308,726,744,730,730,735,5,0.68,733,3,0.41
1400-12-03,12:29:59,2844,104709761,76399806532,721,742,735,739,731,-4,-0.54,730,-5,-0.68
1400-12-02,12:30:00,4140,179370479,131775683353,726,743,722,730,735,13,1.8,735,13,1.8
1400-12-01,12:30:00,3607,139220217,100549067441,714,737,733,728,725,-8,-1.09,722,-11,-1.5
1400-11-30,12:29:59,3375,136663975,100189555004,728,747,727,730,730,3,0.41,733,6,0.83
1400-11-27,12:29:59,3919,136746964,99437872712,715,749,744,733,724,-20,-2.69,727,-17,-2.28
1400-11-25,12:30:00,3770,145060893,107902952584,737,764,756,741,739,-17,-2.25,744,-12,-1.59
1400-11-24,12:29:59,4076,156402830,118216781560,740,775,756,756,742,-14,-1.85,756,0,0.0
1400-11-23,12:30:00,7772,371423836,280874634469,729,761,725,732,761,36,4.97,756,31,4.28
1400-11-20,12:29:53,5007,172436083,124966679165,710,740,731,730,734,3,0.41,725,-6,-0.82
1400-11-19,12:29:59,3897,155917845,113999398651,720,749,731,735,725,-6,-0.82,731,0,0.0
1400-11-18,12:30:00,3643,139367886,101812729971,722,742,744,725,726,-18,-2.42,731,-13,-1.75
1400-11-17,12:29:55,5601,224869540,167286248656,741,771,780,770,741,-39,-5.0,744,-36,-4.62
1400-11-16,12:29:59,4137,155861077,121549115551,768,795,780,785,769,-11,-1.41,780,0,0.0
1400-11-13,12:29:59,4749,190550098,148708435930,771,796,797,780,774,-23,-2.89,780,-17,-2.13
1400-11-12,12:29:52,4330,160282423,127788279661,788,825,803,816,792,-11,-1.37,797,-6,-0.75
1400-11-11,12:30:00,5418,216216233,173683070165,772,824,801,781,814,13,1.62,803,2,0.25
1400-11-10,12:29:59,5689,196882938,157777255730,778,832,806,819,791,-15,-1.86,801,-5,-0.62
1400-11-09,12:29:56,3010,110115771,88708897760,785,810,772,790,810,38,4.92,806,34,4.4
1400-11-06,12:29:56,4251,160571720,124036199827,750,790,753,771,788,35,4.65,772,19,2.52
1400-11-05,12:29:57,6206,299556317,225441917654,745,796,784,789,759,-25,-3.19,753,-31,-3.95
1400-11-04,12:29:59,6946,306808482,240432544159,745,790,753,753,789,36,4.78,784,31,4.12
1400-11-03,16:02:25,5384,220042026,165786183266,750,779,789,779,762,-27,-3.42,753,-36,-4.56
1400-11-02,12:29:59,4277,142676839,112607330713,765,820,789,800,774,-15,-1.9,789,0,0.0
1400-10-29,17:30:16,4967,169186320,133489594760,770,806,810,798,787,-23,-2.84,789,-21,-2.59
1400-10-28,12:29:59,4321,175170448,141811767496,807,837,849,837,807,-42,-4.95,810,-39,-4.59
1400-10-27,12:29:56,5677,199081769,169021996762,820,880,852,855,828,-24,-2.82,849,-3,-0.35
1400-10-26,12:29:59,5096,204480149,174267023397,824,870,907,854,856,-51,-5.62,852,-55,-6.06
1400-10-25,06:42:22,0,0,0,0,0,907,0,900,0,0.0,907,0,0.0
1400-10-22,06:41:47,0,0,0,0,0,907,0,900,0,0.0,907,0,0.0
1400-10-21,06:45:15,0,0,0,0,0,907,0,900,0,0.0,907,0,0.0
1400-10-20,06:41:08,0,0,0,0,0,907,0,900,0,0.0,907,0,0.0
1400-10-19,06:42:06,0,0,0,0,0,907,0,900,0,0.0,907,0,0.0
1400-10-18,06:44:14,0,0,0,0,0,907,0,900,0,0.0,907,0,0.0
1400-10-15,06:40:20,0,0,0,0,0,907,0,900,0,0.0,907,0,0.0
1400-10-14,06:42:12,0,0,0,0,0,907,0,900,0,0.0,907,0,0.0
1400-10-13,06:40:52,0,0,0,0,0,907,0,900,0,0.0,907,0,0.0
1400-10-12,06:41:46,0,0,0,0,0,907,0,900,0,0.0,907,0,0.0
1400-10-11,06:41:46,0,0,0,0,0,907,0,900,0,0.0,907,0,0.0
1400-10-08,06:41:18,0,0,0,0,0,907,0,900,0,0.0,907,0,0.0
1400-10-07,06:40:24,0,0,0,0,0,911,0,904,0,0.0,911,0,0.0
1400-10-06,06:41:49,0,0,0,0,0,911,0,904,0,0.0,911,0,0.0
1400-10-05,06:42:25,0,0,0,0,0,911,0,904,0,0.0,911,0,0.0
1400-10-04,12:29:57,5823,212807312,193772850100,896,938,932,938,904,-28,-3.0,911,-21,-2.25
1400-10-01,11:29:22,3531,168741450,157222264283,900,934,890,900,934,44,4.94,932,42,4.72
1400-09-30,18:41:06,3787,143284250,127505398340,868,905,868,878,898,30,3.46,890,22,2.53
1400-09-29,12:30:00,2495,82333242,71506020738,854,885,871,873,872,1,0.11,868,-3,-0.34
1400-09-28,12:29:59,4432,141572707,123250545791,860,900,901,900,867,-34,-3.77,871,-30,-3.33
1400-09-27,12:29:57,3521,124662119,112314267390,890,920,885,897,897,12,1.36,901,16,1.81
1400-09-24,12:29:59,2816,82788381,73295511624,872,905,885,892,886,1,0.11,885,0,0.0
1400-09-23,12:30:00,3610,111996656,99137565036,870,900,894,885,890,-4,-0.45,885,-9,-1.01
1400-09-22,12:29:58,5369,198672995,177692079485,862,932,894,895,879,-15,-1.68,894,0,0.0
1400-09-21,12:29:58,3207,100714847,90086713354,881,924,924,924,903,-21,-2.27,894,-30,-3.25
1400-09-20,12:29:57,3819,116861496,107928319842,910,952,936,950,918,-18,-1.92,924,-12,-1.28
1400-09-17,12:29:52,5630,214997430,201267965804,901,947,902,911,939,37,4.1,936,34,3.77
1400-09-16,12:29:57,3022,86698792,78165380800,895,923,925,923,903,-22,-2.38,902,-23,-2.49
1400-09-15,12:29:59,3479,101785044,94111828951,909,942,925,937,913,-12,-1.3,925,0,0.0
1400-09-14,12:29:58,4130,140795471,130177786079,902,936,901,902,924,23,2.55,925,24,2.66
1400-09-13,12:29:59,5710,181556610,163635849343,888,942,927,930,894,-33,-3.56,901,-26,-2.8
1400-09-10,12:29:58,5763,183246259,169900476749,916,955,959,952,927,-32,-3.34,927,-32,-3.34
1400-09-09,12:29:59,4429,127916807,122719388760,950,978,977,975,956,-21,-2.15,959,-18,-1.84
1400-09-08,12:29:58,3606,97257701,94996388104,965,997,980,983,970,-10,-1.02,977,-3,-0.31
1400-09-07,12:29:58,4273,130845617,128272104943,955,999,973,978,975,2,0.21,980,7,0.72
1400-09-06,12:30:00,6178,188795376,183639598496,961,1010,1003,1000,978,-25,-2.49,973,-30,-2.99
1400-09-03,12:29:59,5763,203085690,203595742605,994,1018,1019,1006,1005,-14,-1.37,1003,-16,-1.57
1400-09-02,12:29:54,3712,116291411,118452986064,1002,1040,1023,1040,1019,-4,-0.39,1019,-4,-0.39
1400-09-01,06:40:21,0,0,0,0,0,1023,0,1015,0,0.0,1023,0,0.0
1400-08-30,06:41:08,0,0,0,0,0,1023,0,1015,0,0.0,1023,0,0.0
1400-08-29,12:29:59,7265,264821200,270802841412,1006,1060,1034,1035,1015,-19,-1.84,1023,-11,-1.06
1400-08-26,14:43:31,4072,142326625,147168084306,1025,1050,1023,1031,1027,4,0.39,1034,11,1.08
1400-08-25,12:29:53,3980,127837750,130821011443,1001,1045,1024,1017,1025,1,0.1,1023,-1,-0.1
1400-08-24,12:46:11,5784,184029434,188469033278,1012,1059,1064,1049,1014,-50,-4.7,1024,-40,-3.76
1400-08-23,12:29:57,5051,167087491,177854729043,1042,1099,1069,1078,1057,-12,-1.12,1064,-5,-0.47
1400-08-22,12:29:58,6915,256447122,274131235385,1025,1110,1078,1060,1065,-13,-1.21,1069,-9,-0.83
1400-08-19,12:29:56,8313,372329721,401393038177,1040,1087,1036,1048,1087,51,4.92,1078,42,4.05
1400-08-18,12:30:01,5161,163655347,169567082766,1019,1063,1040,1024,1043,3,0.29,1036,-4,-0.38
1400-08-17,12:29:59,5117,159362592,165740663632,1018,1068,1054,1030,1035,-19,-1.8,1040,-14,-1.33
1400-08-16,15:18:57,9572,345972752,364777757147,1027,1100,1081,1100,1033,-48,-4.44,1054,-27,-2.5
1400-08-15,12:29:59,3589,160303171,173274356269,1055,1083,1032,1055,1083,51,4.94,1081,49,4.75
1400-08-12,12:58:59,5907,214188438,221129044208,1002,1049,1009,1017,1046,37,3.67,1032,23,2.28
1400-08-11,12:29:58,4359,131285920,132460861202,981,1029,989,995,1017,28,2.83,1009,20,2.02
1400-08-10,12:29:59,6117,198028552,195811791181,968,997,950,970,990,40,4.21,989,39,4.11
1400-08-09,12:29:59,5326,173004610,164316572491,946,985,995,968,946,-49,-4.92,950,-45,-4.52
1400-08-08,12:30:00,6261,165668975,164785332904,973,1045,1018,1021,980,-38,-3.73,995,-23,-2.26
1400-08-05,12:29:59,4726,138674288,141189809006,992,1049,1014,1016,1025,11,1.08,1018,4,0.39
1400-08-04,12:29:59,8861,318911583,323268366558,970,1021,973,973,1008,35,3.6,1014,41,4.21
1400-08-03,12:29:56,7885,262868740,255826705193,952,1010,1002,1002,977,-25,-2.5,973,-29,-2.89
1400-08-01,12:29:58,6334,221056545,221392406546,990,1040,1042,1040,1005,-37,-3.55,1002,-40,-3.84
1400-07-28,12:29:59,4118,143156128,149115207453,1030,1062,1062,1050,1040,-22,-2.07,1042,-20,-1.88
1400-07-27,12:29:59,4201,123407213,131075234869,1050,1076,1037,1060,1060,23,2.22,1062,25,2.41
1400-07-26,12:29:59,6232,222525426,230792698110,1010,1060,1046,1011,1060,14,1.34,1037,-9,-0.86
1400-07-25,12:29:55,7715,261241090,273383094128,1034,1105,1088,1103,1036,-52,-4.78,1046,-42,-3.86
1400-07-24,12:29:59,5035,218954796,238323695694,1065,1089,1038,1065,1089,51,4.91,1088,50,4.82
1400-07-21,12:30:00,8053,337604859,350479359279,1033,1077,1087,1050,1048,-39,-3.59,1038,-49,-4.51
1400-07-20,12:29:58,5088,172764808,187724638332,1083,1138,1139,1117,1083,-56,-4.92,1087,-52,-4.57
1400-07-19,12:29:59,5338,164945245,187874429408,1115,1162,1121,1115,1126,5,0.45,1139,18,1.61
1400-07-18,12:29:59,6148,177312591,198680527759,1100,1138,1154,1138,1121,-33,-2.86,1121,-33,-2.86
1400-07-17,12:29:59,5830,164565508,189834446963,1140,1196,1185,1195,1148,-37,-3.12,1154,-31,-2.62
1400-07-14,12:29:58,5682,168896112,200120249217,1170,1204,1195,1196,1180,-15,-1.26,1185,-10,-0.84
1400-07-12,12:29:58,5233,146498397,175114523886,1176,1219,1194,1219,1193,-1,-0.08,1195,1,0.08
1400-07-11,12:29:59,7673,242907783,290105954408,1157,1226,1204,1226,1208,4,0.33,1194,-10,-0.83
1400-07-10,12:29:58,9057,337190632,406090737557,1171,1211,1154,1171,1211,57,4.94,1204,50,4.33
1400-07-07,12:29:59,6615,175760695,202765481597,1137,1178,1165,1156,1165,0,0.0,1154,-11,-0.94
1400-07-06,12:51:16,7035,185430481,216024218540,1150,1200,1181,1180,1156,-25,-2.12,1165,-16,-1.35
1400-07-04,12:30:00,7601,178489508,210789855524,1160,1211,1199,1211,1172,-27,-2.25,1181,-18,-1.5
1400-07-03,12:29:59,7831,214049274,256638415120,1187,1224,1178,1210,1198,20,1.7,1199,21,1.78
1400-06-31,12:29:58,9276,262998929,309716364647,1132,1219,1185,1189,1190,5,0.42,1178,-7,-0.59
1400-06-30,12:40:05,11072,353945362,419373881827,1155,1256,1215,1233,1181,-34,-2.8,1185,-30,-2.47
1400-06-29,12:30:00,9609,373356950,453713265792,1170,1224,1166,1178,1224,58,4.97,1215,49,4.2
1400-06-28,12:29:59,9463,307863515,359012002398,1150,1219,1210,1190,1170,-40,-3.31,1166,-44,-3.64
1400-06-27,12:29:56,9403,292532358,354020883213,1203,1277,1266,1277,1203,-63,-4.98,1210,-56,-4.42
1400-06-24,12:30:00,9119,197006964,249342222730,1254,1296,1299,1273,1257,-42,-3.23,1266,-33,-2.54
1400-06-23,12:53:03,8191,221004494,287064115364,1283,1319,1281,1288,1297,16,1.25,1299,18,1.41
1400-06-22,18:57:09,12185,395388550,506583721848,1272,1349,1338,1300,1274,-64,-4.78,1281,-57,-4.26
1400-06-21,12:29:57,5466,132348949,177063627213,1331,1380,1401,1380,1331,-70,-5.0,1338,-63,-4.5
1400-06-20,12:29:58,7632,223418403,313092157165,1371,1449,1396,1430,1378,-18,-1.29,1401,5,0.36
1400-06-17,12:30:01,10793,254769059,355720002781,1374,1417,1381,1374,1410,29,2.1,1396,15,1.09
1400-06-16,12:29:54,11401,352887260,487346219088,1368,1420,1436,1382,1375,-61,-4.25,1381,-55,-3.83
1400-06-15,12:30:00,11962,345070088,495689635714,1384,1487,1431,1432,1396,-35,-2.45,1436,5,0.35
1400-06-14,12:29:59,12344,393903654,563556738955,1380,1463,1437,1433,1440,3,0.21,1431,-6,-0.42
1400-06-13,12:29:59,15056,461805844,663782456117,1400,1485,1430,1475,1429,-1,-0.07,1437,7,0.49
1400-06-10,12:29:55,13004,534320950,763887805390,1375,1445,1377,1381,1445,68,4.94,1430,53,3.85
1400-06-09,12:30:00,16988,644301700,887501754149,1354,1429,1425,1354,1361,-64,-4.49,1377,-48,-3.37
1400-06-08,12:29:58,7589,292401789,416639687705,1422,1450,1496,1423,1422,-74,-4.95,1425,-71,-4.75
1400-06-07,12:30:00,19937,604780182,904977543622,1470,1539,1547,1520,1470,-77,-4.98,1496,-51,-3.3
1400-06-06,12:30:00,31747,1216955665,1882347577398,1503,1568,1494,1568,1520,26,1.74,1547,53,3.55
1400-06-03,12:29:59,3191,172151953,257195017782,1494,1494,1423,1494,1494,71,4.99,1494,71,4.99
1400-06-02,12:29:58,3268,184610719,262672435482,1401,1423,1356,1423,1423,67,4.94,1423,67,4.94
1400-06-01,12:45:43,14254,632156266,857508800862,1285,1386,1320,1320,1386,66,5.0,1356,36,2.73
1400-05-31,12:30:00,11079,352440847,465340205655,1301,1351,1314,1351,1310,-4,-0.3,1320,6,0.46
1400-05-24,12:30:00,8906,285723753,375383942913,1270,1345,1311,1298,1323,12,0.92,1314,3,0.23
1400-05-23,13:30:04,11685,369849378,484869867888,1286,1362,1349,1362,1303,-46,-3.41,1311,-38,-2.82
1400-05-20,12:29:57,10635,331774581,447677311287,1325,1385,1345,1350,1344,-1,-0.07,1349,4,0.3
1400-05-19,13:12:22,14324,410869026,552548023219,1315,1387,1361,1344,1340,-21,-1.54,1345,-16,-1.18
1400-05-18,12:30:00,15519,465948168,634300110774,1331,1387,1326,1379,1338,12,0.9,1361,35,2.64
1400-05-17,12:29:48,14084,512910152,680005165954,1290,1333,1270,1310,1333,63,4.96,1326,56,4.41
1400-05-16,12:29:14,5990,261883075,332602555068,1230,1274,1214,1230,1274,60,4.94,1270,56,4.61
1400-05-13,13:17:45,16948,598000148,725783297821,1195,1266,1257,1257,1229,-28,-2.23,1214,-43,-3.42
1400-05-12,12:29:58,8126,269833812,339152295411,1220,1294,1260,1270,1248,-12,-0.95,1257,-3,-0.24
1400-05-11,13:40:03,11253,379578108,478305136527,1236,1310,1301,1310,1260,-41,-3.15,1260,-41,-3.15
1400-05-10,12:29:56,6609,218973803,284902469611,1286,1329,1312,1318,1290,-22,-1.68,1301,-11,-0.84
1400-05-09,12:29:59,7425,237341821,311464358631,1289,1342,1297,1298,1309,12,0.93,1312,15,1.16
1400-05-06,12:30:00,7258,212780937,275872793032,1250,1325,1285,1277,1295,10,0.78,1297,12,0.93
1400-05-05,12:29:58,10539,352161778,452608102165,1278,1330,1345,1315,1278,-67,-4.98,1285,-60,-4.46
1400-05-04,12:29:59,11273,322810278,434146590462,1314,1420,1383,1372,1327,-56,-4.05,1345,-38,-2.75
1400-04-28,12:29:59,6953,239669426,331501846916,1361,1425,1358,1391,1366,8,0.59,1383,25,1.84
1400-04-27,12:29:59,12449,433946476,589426988338,1272,1382,1325,1300,1374,49,3.7,1358,33,2.49
1400-04-26,12:30:00,9820,317446765,420598907856,1299,1409,1364,1378,1308,-56,-4.11,1325,-39,-2.86
1400-04-23,12:29:58,8915,274663845,374756782108,1345,1386,1386,1370,1363,-23,-1.66,1364,-22,-1.59
1400-04-22,12:29:56,11765,389877860,540498956617,1338,1429,1387,1361,1365,-22,-1.59,1386,-1,-0.07
1400-04-21,12:29:59,13755,431973693,599192323915,1364,1420,1406,1385,1374,-32,-2.28,1387,-19,-1.35
1400-04-20,12:30:00,21330,700156387,984254479605,1360,1449,1391,1420,1388,-3,-0.22,1406,15,1.08
1400-04-19,12:29:39,14896,617845671,859650752561,1332,1398,1332,1354,1398,66,4.95,1391,59,4.43
1400-04-16,12:30:00,13340,469127781,624836604825,1260,1359,1303,1303,1339,36,2.76,1332,29,2.23
1400-04-15,12:30:00,22322,779661716,1015526301867,1273,1368,1339,1360,1300,-39,-2.91,1303,-36,-2.69
1400-04-14,12:29:56,13808,682314208,913430054688,1301,1340,1277,1318,1340,63,4.93,1339,62,4.86
1400-04-13,13:09:23,16268,710303737,907341471228,1207,1302,1240,1224,1302,62,5.0,1277,37,2.98
1400-04-12,16:53:33,21456,1066208545,1322520995988,1219,1243,1184,1243,1227,43,3.63,1240,56,4.73
1400-04-09,12:29:59,14373,793480909,939634514171,1164,1186,1130,1186,1186,56,4.96,1184,54,4.78
1400-04-08,12:29:54,3567,194362937,219605807264,1081,1135,1081,1100,1135,54,5.0,1130,49,4.53
1400-04-07,12:30:00,8101,258173516,279021950846,1071,1109,1114,1109,1076,-38,-3.41,1081,-33,-2.96
1400-04-06,12:29:52,8829,297090753,331078051060,1092,1145,1128,1128,1102,-26,-2.3,1114,-14,-1.24
1400-04-05,12:29:59,8561,283728929,320075284808,1101,1148,1127,1130,1120,-7,-0.62,1128,1,0.09
1400-04-02,12:30:00,8067,250962958,282765141028,1116,1150,1134,1148,1125,-9,-0.79,1127,-7,-0.62
1400-04-01,12:30:00,5654,172185168,195252141329,1119,1153,1111,1119,1139,28,2.52,1134,23,2.07
1400-03-31,12:29:59,6663,184877891,205485000756,1067,1140,1121,1100,1128,7,0.62,1111,-10,-0.89
1400-03-30,12:29:34,7540,274427687,307546905798,1112,1169,1170,1154,1112,-58,-4.96,1121,-49,-4.19
1400-03-29,12:29:59,9141,280990442,328825738280,1122,1228,1175,1199,1154,-21,-1.79,1170,-5,-0.43
1400-03-26,12:29:59,9520,309079909,363295994644,1126,1196,1144,1126,1194,50,4.37,1175,31,2.71
1400-03-25,12:30:00,11538,437020431,499760117657,1113,1156,1101,1126,1138,37,3.36,1144,43,3.91
1400-03-24,12:30:00,6610,240107031,264274162108,1071,1121,1069,1088,1120,51,4.77,1101,32,2.99
1400-03-23,12:29:59,4427,128691968,137609436954,1042,1095,1090,1080,1076,-14,-1.28,1069,-21,-1.93
1400-03-22,12:29:59,5517,180859495,197079833253,1071,1116,1087,1088,1080,-7,-0.64,1090,3,0.28
1400-03-19,12:30:01,8292,288670106,313724667704,1060,1130,1105,1080,1086,-19,-1.72,1087,-18,-1.63
1400-03-18,12:29:59,12414,574279440,634554944130,1070,1113,1060,1113,1089,29,2.74,1105,45,4.25
1400-03-17,12:29:58,6555,298524917,316328721063,1031,1061,1011,1061,1061,50,4.95,1060,49,4.85
1400-03-12,12:29:51,5498,209910649,212246935562,960,1022,974,960,1022,48,4.93,1011,37,3.8
1400-03-11,12:29:59,4066,113906421,110948585441,960,1000,986,970,968,-18,-1.83,974,-12,-1.22
1400-03-10,12:29:56,6587,219185363,216014874219,955,1017,997,998,971,-26,-2.61,986,-11,-1.1
1400-03-09,12:43:09,13917,561364092,559830102034,970,1004,957,1004,1004,47,4.91,997,40,4.18
1400-03-08,12:29:35,2823,124825440,119433440142,921,961,916,936,961,45,4.91,957,41,4.48
1400-03-05,12:29:59,7004,221093447,202540540443,896,933,915,900,917,2,0.22,916,1,0.11
1400-03-04,12:29:56,7398,239011087,218691570124,891,942,917,891,906,-11,-1.2,915,-2,-0.22
1400-03-03,12:29:58,7194,265617907,243631358265,909,947,956,915,909,-47,-4.92,917,-39,-4.08
1400-03-02,12:29:58,6412,227288914,217318535252,937,1004,986,990,937,-49,-4.97,956,-30,-3.04
1400-03-01,12:40:16,5203,145102460,143012750707,957,1024,995,999,980,-15,-1.51,986,-9,-0.9
1400-02-29,12:29:58,7992,269254642,267927765464,955,1030,1005,980,1005,0,0.0,995,-10,-1.0
1400-02-28,12:30:01,8393,291981887,293516468409,1000,1054,1052,1030,1006,-46,-4.37,1005,-47,-4.47
1400-02-27,12:30:01,5192,155040497,163094492937,1035,1105,1089,1105,1035,-54,-4.96,1052,-37,-3.4
1400-02-26,12:29:59,7929,251908596,274336928846,1042,1109,1059,1042,1097,38,3.59,1089,30,2.83
1400-02-25,12:29:59,6575,229392379,242820960272,1045,1099,1100,1086,1050,-50,-4.55,1059,-41,-3.73
1400-02-22,12:29:55,5885,173796080,191234763140,1086,1144,1119,1118,1086,-33,-2.95,1100,-19,-1.7
1400-02-21,12:30:00,10092,394003227,440751912733,1095,1150,1122,1112,1113,-9,-0.8,1119,-3,-0.27
1400-02-20,12:29:59,1585,54184536,60795049392,1122,1122,1156,1122,1122,-34,-2.94,1122,-34,-2.94
1400-02-19,12:29:42,431,12636585,14304614220,1132,1132,1166,1132,1132,-34,-2.92,1156,-10,-0.86
1400-02-18,12:29:24,1703,60837437,70950514893,1163,1199,1198,1198,1163,-35,-2.92,1166,-32,-2.67
1400-02-15,12:29:58,7445,245619140,294290997629,1171,1238,1201,1185,1186,-15,-1.25,1198,-3,-0.25
1400-02-13,12:29:45,4775,178798915,214778777194,1199,1226,1236,1202,1199,-37,-2.99,1201,-35,-2.83
1400-02-12,12:29:57,4696,180402072,222998506716,1230,1270,1268,1251,1230,-38,-3.0,1236,-32,-2.52
1400-02-11,12:33:24,17779,689601916,874357173699,1203,1304,1231,1304,1238,7,0.57,1268,37,3.01
1400-02-08,12:29:49,6250,233444563,287382014100,1150,1246,1176,1192,1246,70,5.95,1231,55,4.68
1400-02-07,12:29:59,16039,663426993,780492322441,1169,1219,1205,1169,1170,-35,-2.9,1176,-29,-2.41
1400-02-06,12:29:39,471,10646496,12541572288,1178,1178,1214,1178,1178,-36,-2.97,1205,-9,-0.74
1400-02-05,12:29:40,351,4348322,5139716604,1182,1182,1218,1182,1182,-36,-2.96,1214,-4,-0.33
1400-02-04,12:29:17,841,15288151,18284628596,1196,1196,1232,1196,1196,-36,-2.92,1218,-14,-1.14
1400-02-01,12:29:59,811,20543118,24939345252,1214,1214,1251,1214,1214,-37,-2.96,1232,-19,-1.52
1400-01-31,06:41:20,0,0,0,0,0,1251,0,1276,0,0.0,1251,0,0.0
1400-01-30,06:44:02,0,0,0,0,0,1251,0,1276,0,0.0,1251,0,0.0
1400-01-29,06:40:01,0,0,0,0,0,1251,0,1276,0,0.0,1251,0,0.0
1400-01-28,06:44:34,0,0,0,0,0,1251,0,1276,0,0.0,1251,0,0.0
1400-01-25,06:41:18,0,0,0,0,0,1251,0,1276,0,0.0,1251,0,0.0
1400-01-24,06:39:54,0,0,0,0,0,1251,0,1276,0,0.0,1251,0,0.0
1400-01-23,06:42:34,0,0,0,0,0,1251,0,1276,0,0.0,1251,0,0.0
1400-01-22,06:40:50,0,0,0,0,0,1251,0,1276,0,0.0,1251,0,0.0
1400-01-21,06:45:11,0,0,0,0,0,48040,0,48990,0,0.0,48040,0,0.0
1400-01-18,06:43:17,0,0,0,0,0,48040,0,48990,0,0.0,48040,0,0.0
1400-01-17,06:40:43,0,0,0,0,0,48040,0,48990,0,0.0,48040,0,0.0
1400-01-16,06:40:05,0,0,0,0,0,48040,0,48990,0,0.0,48040,0,0.0
1400-01-15,06:41:01,0,0,0,0,0,48040,0,48990,0,0.0,48040,0,0.0
1400-01-14,06:40:06,0,0,0,0,0,48040,0,48990,0,0.0,48040,0,0.0
1400-01-11,12:30:00,9875,15228316,731571653313,47900,49018,48877,47930,48990,113,0.23,48040,-837,-1.71
1400-01-10,12:29:59,4067,5210410,254671250130,48832,50100,49828,49010,48832,-996,-2.0,48877,-951,-1.91
1400-01-08,12:29:59,5679,7758626,386598212248,49231,51490,50235,50020,49231,-1004,-2.0,49828,-407,-0.81
1400-01-07,12:29:59,6681,13558552,681109035976,50177,51300,51201,50177,50200,-1001,-1.96,50235,-966,-1.89
1399-12-27,12:29:56,7493,11523953,590042170272,50019,53970,51039,51818,50100,-939,-1.84,51201,162,0.32
1399-12-26,12:29:59,4202,8985555,458612118993,50326,53490,51353,50326,51880,527,1.03,51039,-314,-0.61
1399-12-25,06:42:10,0,0,0,0,0,51353,0,51353,0,0.0,51353,0,0.0
1399-12-24,06:40:54,0,0,0,0,0,51353,0,51353,0,0.0,51353,0,0.0
1399-12-23,12:37:00,3393,4991258,256316072074,51353,51353,52401,51353,51353,-1048,-2.0,51353,-1048,-2.0
1399-12-20,12:29:59,1065,1302908,68273682108,52401,52401,53470,52401,52401,-1069,-2.0,52401,-1069,-2.0
1399-12-19,12:29:55,1555,5295365,283143166550,53470,53470,54561,53470,53470,-1091,-2.0,53470,-1091,-2.0
1399-12-18,12:29:48,589,950289,51848718129,54561,54561,55674,54561,54561,-1113,-2.0,54561,-1113,-2.0
1399-12-17,12:29:44,653,1132812,63068175288,55674,55674,56810,55674,55674,-1136,-2.0,55674,-1136,-2.0
1399-12-16,12:30:00,17558,37306519,2119369207453,54554,59007,55667,59007,55000,-667,-1.2,56810,1143,2.05
1399-12-13,12:29:55,3006,7336654,408406558130,53200,56013,52843,53990,56013,3170,6.0,55667,2824,5.34
1399-12-12,12:29:59,4347,7680885,405878704355,50600,53979,50928,51990,53200,2272,4.46,52843,1915,3.76
1399-12-11,12:29:57,6958,13167336,670591465550,49010,52034,49089,49010,52034,2945,6.0,50928,1839,3.75
1399-12-10,12:30:01,7122,12766464,626691694437,48764,50500,49759,48764,49000,-759,-1.53,49089,-670,-1.35
1399-12-09,12:29:58,11755,17600835,875795164590,48464,52000,49453,51200,48464,-989,-2.0,49759,306,0.62
1399-12-06,12:30:00,15507,25455619,1258864433522,47962,51876,48940,47962,51000,2060,4.21,49453,513,1.05
1399-12-05,12:29:57,334,358426,17316635338,48313,48313,49298,48313,48313,-985,-2.0,48940,-358,-0.73
1399-12-04,12:28:53,180,128294,6214304772,48438,48438,49426,48438,48438,-988,-2.0,49298,-128,-0.26
1399-12-03,12:29:18,289,228038,11096785156,48662,48662,49655,48662,48662,-993,-2.0,49426,-229,-0.46
1399-12-02,12:29:56,1050,1930985,95883485555,49655,49665,50668,49655,49655,-1013,-2.0,49655,-1013,-2.0
1399-11-29,12:29:59,3613,6995896,354470247689,50297,52700,51323,50600,50297,-1026,-2.0,50668,-655,-1.28
1399-11-28,12:29:50,525,496094,25216954114,50831,50831,51868,50831,50831,-1037,-2.0,51323,-545,-1.05
1399-11-27,12:29:37,952,1171025,60738304532,51845,52579,52903,51845,51845,-1058,-2.0,51868,-1035,-1.96
1399-11-26,12:29:50,5736,9728606,514676541151,52579,54700,53652,54380,52579,-1073,-2.0,52903,-749,-1.4
1399-11-25,12:30:01,9702,14014286,751897685505,52300,55490,53001,55490,53500,499,0.94,53652,651,1.23
1399-11-21,12:29:59,10526,15660272,830009786341,52238,54987,54987,54040,53600,-1387,-2.52,53001,-1986,-3.61
1399-11-20,12:29:59,8184,12347867,678974865088,53920,58100,56748,57050,53980,-2768,-4.88,54987,-1761,-3.1
1399-11-19,12:30:01,9978,15597662,885140519009,53800,58089,55323,53800,57903,2580,4.66,56748,1425,2.58
1399-11-18,12:29:57,9089,14407380,797058751307,54696,59550,57574,59550,54696,-2878,-5.0,55323,-2251,-3.91
1399-11-15,12:30:01,17688,35935215,2068944813082,53589,59229,56409,53589,59229,2820,5.0,57574,1165,2.07
1399-11-14,12:29:49,1951,3635546,205076178098,56383,57500,59350,56383,56383,-2967,-5.0,56409,-2941,-4.96
1399-11-13,12:29:52,3822,7301096,433321930554,59242,60280,62360,59242,59242,-3118,-5.0,59350,-3010,-4.83
1399-11-12,12:38:22,10306,17127030,1068036123726,61441,67400,64674,67400,61441,-3233,-5.0,62360,-2314,-3.58
1399-11-11,12:29:57,6342,12346292,798483396324,61000,65747,62617,61000,65747,3130,5.0,64674,2057,3.29
1399-11-08,12:29:58,1311,1442646,90334164582,62617,62617,65912,62617,62617,-3295,-5.0,62617,-3295,-5.0
1399-11-07,12:29:53,3585,4310257,284096956411,65152,68510,68581,68500,65152,-3429,-5.0,65912,-2669,-3.89
1399-11-06,12:29:59,14346,19375336,1328783116252,67599,71998,71156,69990,67610,-3546,-4.98,68581,-2575,-3.62
1399-11-05,12:30:01,12540,19727717,1403737904771,70008,75160,73692,72100,70008,-3684,-5.0,71156,-2536,-3.44
1399-11-04,12:29:59,11530,12650288,932220991926,72586,77488,76406,75000,72586,-3820,-5.0,73692,-2714,-3.55
1399-11-01,12:29:59,14676,16965587,1296271646978,73400,80800,77229,77002,73990,-3239,-4.19,76406,-823,-1.07
1399-10-30,12:29:55,12284,26678022,2060326800629,77002,78940,81054,77002,77002,-4052,-5.0,77229,-3825,-4.72
1399-10-29,12:30:00,361,444131,35576669624,80104,80104,84319,80104,80104,-4215,-5.0,81054,-3265,-3.87
1399-10-27,12:29:59,4135,5631456,474836148837,82840,88500,87199,85000,82840,-4359,-5.0,84319,-2880,-3.3
1399-10-24,12:29:59,10023,17856607,1557074243060,86858,89100,91429,86858,86858,-4571,-5.0,87199,-4230,-4.63
1399-10-23,12:30:00,38553,57081167,5218873930269,86500,93508,89056,93508,86624,-2432,-2.73,91429,2373,2.66
1399-10-22,12:29:55,949,2046804,182280177024,89056,89056,84816,89056,89056,4240,5.0,89056,4240,5.0
1399-10-21,12:29:55,847,1344685,114050802960,84816,84816,80778,84816,84816,4038,5.0,84816,4038,5.0
1399-10-20,12:29:59,1120,2969709,239887153602,80778,80778,76932,80778,80778,3846,5.0,80778,3846,5.0
1399-10-17,06:59:12,0,0,0,0,0,76932,0,80778,0,0.0,76932,0,0.0
1399-10-16,06:39:48,0,0,0,0,0,76932,0,80778,0,0.0,76932,0,0.0
1399-10-15,06:43:38,0,0,0,0,0,76932,0,80778,0,0.0,76932,0,0.0
1399-10-14,16:05:32,0,0,0,0,0,76932,0,76475,0,0.0,76932,0,0.0
1399-10-13,12:29:58,1753,3027862,232940505102,76475,79200,80500,77000,76475,-4025,-5.0,76932,-3568,-4.43
1399-10-10,14:39:11,10761,15026717,1209646955580,79996,85400,84206,82000,79996,-4210,-5.0,80500,-3706,-4.4
1399-10-09,12:29:59,11798,14684654,1236530050239,82000,89300,86000,86000,82310,-3690,-4.29,84206,-1794,-2.09
1399-10-08,11:45:02,175,698027,60030322000,86000,86000,89924,86000,86000,-3924,-4.36,86000,-3924,-4.36
1399-10-07,06:40:46,0,0,0,0,0,90052,0,89300,0,0.0,90052,0,0.0
1399-10-06,06:43:11,0,0,0,0,0,90052,0,89300,0,0.0,90052,0,0.0
1399-10-03,06:42:31,0,0,0,0,0,90052,0,89300,0,0.0,90052,0,0.0
1399-10-02,12:30:00,15267,16313319,1469048196159,87110,92500,89258,92500,89300,42,0.05,90052,794,0.89
1399-10-01,12:30:00,12171,16216353,1447443470832,86000,89926,85644,88000,89926,4282,5.0,89258,3614,4.22
1399-09-30,12:29:59,10786,18894135,1618176717323,80008,86537,82417,85050,86537,4120,5.0,85644,3227,3.92
1399-09-29,12:29:59,5540,11233694,925845617988,78400,83483,79508,80900,83483,3975,5.0,82417,2909,3.66
1399-09-26,12:29:57,7134,13644664,1084866037404,79280,81780,83452,79280,79280,-4172,-5.0,79508,-3944,-4.73
1399-09-25,12:29:57,896,2232549,186311648560,83446,84800,87837,83446,83446,-4391,-5.0,83452,-4385,-4.99
1399-09-24,12:29:59,9679,14526174,1275933873051,84962,92500,89433,89539,84962,-4471,-5.0,87837,-1596,-1.78
1399-09-23,12:30:00,9639,12297945,1099846206887,86100,92000,88878,86100,88200,-678,-0.76,89433,555,0.62
1399-09-22,12:30:03,14307,15638569,1389918042465,85920,93890,90307,93890,86300,-4007,-4.44,88878,-1429,-1.58
1399-09-19,12:29:59,11984,17112886,1545409573168,87010,93500,89136,89501,91800,2664,2.99,90307,1171,1.31
1399-09-18,12:29:57,9593,10573505,942481265669,84700,92000,88656,87730,88979,323,0.36,89136,480,0.54
1399-09-17,12:30:03,12875,15206466,1348150359160,85601,93850,90106,92000,86990,-3116,-3.46,88656,-1450,-1.61
1399-09-16,12:29:46,8374,15338711,1382113126342,87200,90486,86178,90400,90486,4308,5.0,90106,3928,4.56
1399-09-15,12:29:53,5932,9814885,845823985858,82710,86822,82688,83480,86822,4134,5.0,86178,3490,4.22
1399-09-12,12:29:59,10596,21959021,1815748950423,76320,83460,79486,79500,83460,3974,5.0,82688,3202,4.03
1399-09-11,12:29:59,9654,16163521,1284776686114,78000,81125,81707,78110,78800,-2907,-3.56,79486,-2221,-2.72
1399-09-10,12:29:58,12045,16714437,1365692429152,78000,84450,80993,82000,79800,-1193,-1.47,81707,714,0.88
1399-09-09,12:30:00,11654,19662283,1592511462584,78130,81651,77763,81651,81651,3888,5.0,80993,3230,4.15
1399-09-08,12:29:47,4719,11278860,877076094631,75800,78025,74310,76500,78025,3715,5.0,77763,3453,4.65
1399-09-05,12:29:33,9295,20546910,1526846018680,68735,75637,72036,70000,75637,3601,5.0,74310,2274,3.16
1399-09-04,12:30:00,13929,30800844,2218774979032,69241,76529,72885,76529,69990,-2895,-3.97,72036,-849,-1.16
1399-09-03,12:29:51,4701,11945137,870624912610,68000,73069,69590,70000,73069,3479,5.0,72885,3295,4.73
1399-09-02,12:29:59,7610,13503742,939725083967,68894,71970,72519,68894,68894,-3625,-5.0,69590,-2929,-4.04
1399-09-01,12:29:42,9628,15724876,1140355809045,71671,75500,75443,75440,71671,-3772,-5.0,72519,-2924,-3.88
1399-08-28,12:30:00,22049,32314457,2437893043634,72090,77854,74147,77854,73500,-647,-0.87,75443,1296,1.75
1399-08-27,12:29:52,848,3044434,225735647798,74147,74147,70617,74147,74147,3530,5.0,74147,3530,5.0
1399-08-26,12:29:57,3143,9831575,694273662488,68100,70656,67292,70656,70656,3364,5.0,70617,3325,4.94
1399-08-25,12:30:00,22628,48654754,3274068784596,65947,71951,69417,65947,70890,1473,2.12,67292,-2125,-3.06
1399-08-24,12:29:57,471,597357,41178207438,68934,68934,72562,68934,68934,-3628,-5.0,69417,-3145,-4.33
1399-08-21,06:39:34,0,0,0,0,0,72562,0,70452,0,0.0,72562,0,0.0
1399-08-20,12:29:43,297,282342,19891558584,70452,70452,74159,70452,70452,-3707,-5.0,72562,-1597,-2.15
1399-08-19,12:28:09,101,279717,20136267396,71988,71988,75776,71988,71988,-3788,-5.0,74159,-1617,-2.13
1399-08-18,12:29:29,51,54311,3925979257,72287,72287,76091,72287,72287,-3804,-5.0,75776,-315,-0.41
1399-08-17,12:29:50,76,33753,2446181169,72473,72473,76287,72473,72473,-3814,-5.0,76091,-196,-0.26
1399-08-14,12:29:59,265,195490,14396665560,73644,73644,77519,73644,73644,-3875,-5.0,76287,-1232,-1.59
1399-08-12,12:29:35,238,288538,21759227656,75412,75412,79381,75412,75412,-3969,-5.0,77519,-1862,-2.35
1399-08-11,12:29:59,197,291880,22546562480,77246,77246,81311,77246,77246,-4065,-5.0,79381,-1930,-2.37
1399-08-10,06:40:30,0,0,0,0,0,81311,0,80173,0,0.0,81311,0,0.0
1399-08-07,06:40:00,0,0,0,0,0,81311,0,80173,0,0.0,81311,0,0.0
1399-08-06,06:40:48,0,0,0,0,0,81311,0,80173,0,0.0,81311,0,0.0
1399-08-05,06:39:47,0,0,0,0,0,81311,0,80173,0,0.0,81311,0,0.0
1399-08-03,06:39:41,0,0,0,0,0,81311,0,80173,0,0.0,81311,0,0.0
1399-07-30,06:42:13,0,0,0,0,0,81311,0,80173,0,0.0,81311,0,0.0
1399-07-29,06:41:11,0,0,0,0,0,81311,0,80173,0,0.0,81311,0,0.0
1399-07-28,06:39:48,0,0,0,0,0,81311,0,80173,0,0.0,81311,0,0.0
1399-07-27,06:39:51,0,0,0,0,0,81311,0,80173,0,0.0,81311,0,0.0
1399-07-23,14:33:03,0,0,0,0,0,81311,77800,80173,-1138,-1.4,81311,0,0.0
1399-07-22,12:32:06,9322,16427975,1335770028102,80173,86850,84392,84000,80173,-4219,-5.0,81311,-3081,-3.65
1399-07-21,12:30:00,19917,41845860,3531464633246,79461,87825,83643,87825,85450,1807,2.16,84392,749,0.9
1399-07-20,12:29:57,628,1118765,93576860895,83643,83643,79660,83643,83643,3983,5.0,83643,3983,5.0
1399-07-19,12:29:58,668,794087,63256970420,79660,79660,75867,79660,79660,3793,5.0,79660,3793,5.0
1399-07-16,12:29:58,780,1386744,105208107048,75867,75867,72255,75867,75867,3612,5.0,75867,3612,5.0
1399-07-15,13:49:46,110,125986,9473139312,75192,75192,71612,75192,75192,3580,5.0,72255,643,0.9
1399-07-14,12:29:46,2435,4242344,303800955966,69220,72231,68792,70000,72231,3439,5.0,71612,2820,4.1
1399-07-13,12:29:59,18844,45436539,3125653844731,64352,71124,67738,67200,71124,3386,5.0,68792,1054,1.56
1399-07-12,12:29:31,1081,814896,55199425248,67738,67738,71303,67738,67738,-3565,-5.0,67738,-3565,-5.0
1399-07-09,12:29:41,291,269007,18609635253,69179,69179,72819,69179,69179,-3640,-5.0,71303,-1516,-2.08
1399-07-08,12:29:51,196,141971,9930445537,69947,69947,73628,69947,69947,-3681,-5.0,72819,-809,-1.1
1399-07-07,12:29:30,146,110759,7814268968,70552,70552,74265,70552,70552,-3713,-5.0,73628,-637,-0.86
1399-07-06,12:29:18,158,258730,18627007620,71994,71994,75783,71994,71994,-3789,-5.0,74265,-1518,-2.0
1399-07-05,12:29:52,278,272453,20037828338,73546,73546,77416,73546,73546,-3870,-5.0,75783,-1633,-2.11
1399-07-02,12:29:27,448,317559,24024926145,75655,75655,79636,75655,75655,-3981,-5.0,77416,-2220,-2.79
1399-07-01,12:29:58,236,320734,24968179698,77847,77847,81944,77847,77847,-4097,-5.0,79636,-2308,-2.82
1399-06-31,12:29:56,185,105436,8284633700,78575,78575,82710,78575,78575,-4135,-5.0,81944,-766,-0.93
1399-06-30,12:27:28,280,181753,14512795297,79849,79849,84051,79849,79849,-4202,-5.0,82710,-1341,-1.6
1399-06-29,12:29:31,518,487056,40628263296,83416,83416,87806,83416,83416,-4390,-5.0,84051,-3755,-4.28
1399-06-26,12:30:00,14284,28251988,2480685462766,84521,93410,88969,89530,84521,-4448,-5.0,87806,-1163,-1.31
1399-06-25,12:29:59,2231,7781131,692279443939,88969,88969,93651,88969,88969,-4682,-5.0,88969,-4682,-5.0
1399-06-24,12:29:55,467,269782,24657535236,91398,91398,96208,91398,91398,-4810,-5.0,93651,-2557,-2.66
1399-06-23,12:28:35,273,167591,15574566812,92932,92932,97823,92932,92932,-4891,-5.0,96208,-1615,-1.65
1399-06-22,12:30:00,6034,7870355,769901868321,93604,103456,98530,99100,93604,-4926,-5.0,97823,-707,-0.72
1399-06-19,12:29:58,771,522587,51490497110,98530,98530,103715,98530,98530,-5185,-5.0,98530,-5185,-5.0
1399-06-18,12:29:11,117,87180,8674933080,99506,99506,104743,99506,99506,-5237,-5.0,103715,-1028,-0.98
1399-06-17,12:29:43,214,161064,16322870016,101344,101344,106677,101344,101344,-5333,-5.0,104743,-1934,-1.81
1399-06-16,12:29:43,1939,1979001,211113256537,104256,113608,109743,109971,104256,-5487,-5.0,106677,-3066,-2.79
1399-06-15,12:30:00,2473,4581225,502756583102,108090,118440,113778,110000,108090,-5688,-5.0,109743,-4035,-3.55
1399-06-12,12:29:52,256,322736,36199683440,112165,112165,118068,112165,112165,-5903,-5.0,113778,-4290,-3.63
1399-06-11,12:29:51,710,542369,64036446956,118039,120000,124251,118039,118039,-6212,-5.0,118068,-6183,-4.98
1399-06-10,12:29:59,6574,8558320,1063379854012,120030,132664,126347,132664,121460,-4887,-3.87,124251,-2096,-1.66
1399-06-05,12:30:03,1352,2234929,282376574363,126347,126347,120331,126347,126347,6016,5.0,126347,6016,5.0
1399-06-04,12:29:34,5817,7233481,870413275312,112000,123104,117242,112000,123104,5862,5.0,120331,3089,2.63
1399-06-03,12:29:47,1123,1016862,119219039345,116109,121900,122220,116200,116109,-6111,-5.0,117242,-4978,-4.07
1399-06-02,12:29:35,1811,1723496,210645591649,119989,129890,126304,125000,119989,-6315,-5.0,122220,-4084,-3.23
1399-06-01,12:29:59,7341,7193410,908556136106,118610,131094,124852,130500,124000,-852,-0.68,126304,1452,1.16
1399-05-29,12:29:59,4880,5263702,657182175062,124652,128254,131212,124655,126000,-5212,-3.97,124852,-6360,-4.85
1399-05-28,14:14:44,9751,9846512,1291981272586,124000,132598,126284,132598,132598,6314,5.0,131212,4928,3.9
1399-05-27,12:29:44,9309,10072635,1272012023361,118000,129310,123153,120010,129310,6157,5.0,126284,3131,2.54
1399-05-26,12:29:52,670,1612492,198583227276,123153,123153,129634,123153,123153,-6481,-5.0,123153,-6481,-5.0
1399-05-25,12:29:45,1258,1019276,132133326429,128604,132622,135372,131500,128604,-6768,-5.0,129634,-5738,-4.24
1399-05-22,12:29:58,7852,7752892,1049526975899,128455,141975,135215,135100,130470,-4745,-3.51,135372,157,0.12
1399-05-21,12:29:55,6652,8537907,1154456970349,133950,146000,140999,134500,133950,-7049,-5.0,135215,-5784,-4.1
1399-05-20,12:30:03,18296,22913371,3230756766621,133475,147525,140500,147525,135000,-5500,-3.91,140999,499,0.36
1399-05-19,12:29:56,2391,3033548,426213494000,140500,140500,133810,140500,140500,6690,5.0,140500,6690,5.0
1399-05-15,12:30:05,9808,12826453,1716313545609,133808,136000,140850,133808,133808,-7042,-5.0,133810,-7040,-5.0
1399-05-14,12:30:00,10056,19222138,2707437728005,134230,140922,134212,140922,140922,6710,5.0,140850,6638,4.95
1399-05-13,17:11:45,661,549008,73683461696,134212,134212,127821,134212,134212,6391,5.0,134212,6391,5.0
1399-05-12,12:30:00,630,1378374,176185143054,127821,127821,121735,127821,127821,6086,5.0,127821,6086,5.0
1399-05-11,12:29:14,675,683984,83264792240,121735,121735,115939,121735,121735,5796,5.0,121735,5796,5.0
1399-05-08,12:29:57,1056,565587,65573591193,115939,115939,110419,115939,115939,5520,5.0,115939,5520,5.0
1399-05-07,12:29:00,583,817580,90276366020,110419,110419,105161,110419,110419,5258,5.0,110419,5258,5.0
1399-05-06,12:29:45,1078,1676856,176339853816,105161,105161,100154,105161,105161,5007,5.0,105161,5007,5.0
1399-05-05,12:29:51,14916,17613102,1764014831554,94100,100947,96140,100947,100947,4807,5.0,100154,4014,4.18
1399-05-04,12:29:38,3783,7691826,739494931694,92020,96563,91965,96500,96563,4598,5.0,96140,4175,4.54
1399-05-01,12:30:03,8353,25819934,2374534845456,89044,92268,87875,92268,92268,4393,5.0,91965,4090,4.65
1399-04-31,12:29:55,1148,1963871,172575164125,87875,87875,83691,87875,87875,4184,5.0,87875,4184,5.0
1399-04-30,12:29:41,859,2247714,188113432374,83691,83691,79706,83691,83691,3985,5.0,83691,3985,5.0
1399-04-29,12:29:55,843,1286515,102542964590,79706,79706,75911,79706,79706,3795,5.0,79706,3795,5.0
1399-04-28,12:29:34,1090,1324915,100575622565,75911,75911,72297,75911,75911,3614,5.0,75911,3614,5.0
1399-04-25,12:29:59,5202,14641444,1058532207143,68347,72489,69038,71000,72489,3451,5.0,72297,3259,4.72
1399-04-24,12:30:00,7656,11929205,823563544932,68558,73500,72166,73500,70150,-2016,-2.79,69038,-3128,-4.33
1399-04-23,12:30:00,6218,8280523,597575015266,71880,74600,75663,72300,71880,-3783,-5.0,72166,-3497,-4.62
1399-04-22,12:30:50,7291,10754207,813695450923,71940,76419,72780,75000,72300,-480,-0.66,75663,2883,3.96
1399-04-21,12:30:08,6455,9378812,682590377984,71183,77770,74929,71183,72995,-1934,-2.58,72780,-2149,-2.87
1399-04-18,12:30:04,9816,11552898,865650982698,72447,78500,76260,76007,72447,-3813,-5.0,74929,-1331,-1.75
1399-04-17,12:30:56,14983,17187507,1310719816418,73512,80500,77381,78000,75200,-2181,-2.82,76260,-1121,-1.45
1399-04-16,12:32:10,9091,16516330,1278055929273,75800,77484,73795,77484,77484,3689,5.0,77381,3586,4.86
1399-04-15,12:30:25,6240,11371270,839140938804,71250,74746,71187,74000,74746,3559,5.0,73795,2608,3.66
1399-04-14,13:20:56,4176,13116434,933721633278,69060,71214,67823,71214,71214,3391,5.0,71187,3364,4.96
1399-04-11,12:30:07,779,967951,65649340673,67823,67823,64594,67823,67823,3229,5.0,67823,3229,5.0
1399-04-10,12:30:00,694,1177051,76030432294,64594,64594,61519,64594,64594,3075,5.0,64594,3075,5.0
1399-04-09,12:29:56,838,925232,56919347408,61519,61519,58590,61519,61519,2929,5.0,61519,2929,5.0
1399-04-08,12:29:46,938,2215396,129800051640,58590,58590,55800,58590,58590,2790,5.0,58590,2790,5.0
1399-04-07,13:00:00,2313,8734854,487402725632,54500,56973,54260,54500,56973,2713,5.0,55800,1540,2.84
1399-04-04,12:30:02,1301,1081142,58528703312,54136,54136,56985,54136,54136,-2849,-5.0,54260,-2725,-4.78
1399-04-03,12:35:36,6671,12054266,686911863040,55860,61740,44227,58800,55860,11633,26.3,56985,12758,28.85
1399-04-02,06:37:22,0,0,0,0,0,44227,0,45008,0,0.0,44227,0,0.0
1399-04-01,06:36:56,0,0,0,0,0,81801,0,83245,0,0.0,81801,0,0.0
1399-03-31,06:37:13,0,0,0,0,0,81801,0,83245,0,0.0,81801,0,0.0
1399-03-27,06:37:14,0,0,0,0,0,81801,0,83245,0,0.0,81801,0,0.0
1399-03-26,06:30:57,0,0,0,0,0,81801,0,83245,0,0.0,81801,0,0.0
1399-03-25,12:30:15,7685,10071263,823838614590,78657,83245,79281,81000,83245,3964,5.0,81801,2520,3.18
1399-03-24,12:33:09,8586,10313974,817703531588,77000,80550,78329,80000,79630,1301,1.66,79281,952,1.22
1399-03-21,12:30:12,6659,6694165,524348183030,77050,80000,78050,79950,77820,-230,-0.29,78329,279,0.36
1399-03-20,12:30:06,5528,7774893,606833674312,77050,81303,81105,81000,79000,-2105,-2.6,78050,-3055,-3.77
1399-03-19,12:55:15,6727,7231188,586486529804,78806,85500,82953,82500,79690,-3263,-3.93,81105,-1848,-2.23
1399-03-18,12:29:52,1342,3685230,305700884190,82953,82953,79003,82953,82953,3950,5.0,82953,3950,5.0
1399-03-17,12:29:55,1079,2731880,215827931707,76400,80359,76533,76400,80359,3826,5.0,79003,2470,3.23
1399-03-13,06:10:41,0,0,0,0,0,76533,0,77100,567,0.74,76533,0,0.0
1399-03-12,06:10:33,0,0,0,0,0,76533,0,77100,567,0.74,76533,0,0.0
1399-03-11,12:29:59,8237,7753718,593411990433,75778,79400,79766,79400,77100,-2666,-3.34,76533,-3233,-4.05
1399-03-10,12:29:58,10772,10241615,816934300303,77640,84250,81726,84000,79488,-2238,-2.74,79766,-1960,-2.4
1399-03-07,12:29:57,4774,4349971,355506163568,80438,85100,84671,80438,80438,-4233,-5.0,81726,-2945,-3.48
1399-03-06,12:29:53,2745,2204181,186630150160,82651,87000,87001,86500,82651,-4350,-5.0,84671,-2330,-2.68
1399-03-03,12:29:58,9348,11821427,1028473988083,80000,88037,83845,88037,83700,-145,-0.17,87001,3156,3.76
1399-02-31,12:30:14,2142,3991967,334706473115,83845,83845,79853,83845,83845,3992,5.0,83845,3992,5.0
1399-02-30,12:30:25,2408,3340881,266779728727,79200,79867,76064,79867,79867,3803,5.0,79853,3789,4.98
1399-02-29,12:29:55,2902,4618082,351270291256,73000,76146,72520,76100,76146,3626,5.0,76064,3544,4.89
1399-02-28,12:42:45,5590,8450036,612794154115,71943,75729,75729,71943,72750,-2979,-3.93,72520,-3209,-4.24
1399-02-27,12:29:38,1619,2247780,170223224591,75268,79000,79229,75900,75268,-3961,-5.0,75729,-3500,-4.42
1399-02-24,13:01:51,6066,8427144,667670345868,77946,83000,82048,77946,77946,-4102,-5.0,79229,-2819,-3.44
1399-02-23,12:30:00,1802,2304123,189048130418,81681,84550,85979,81850,81681,-4298,-5.0,82048,-3931,-4.57
1399-02-22,12:29:59,3904,4811441,413682759410,85282,90000,89770,88000,85282,-4488,-5.0,85979,-3791,-4.22
1399-02-21,12:30:14,7150,9690045,869873466513,88092,95350,92728,93002,88092,-4636,-5.0,89770,-2958,-3.19
1399-02-20,12:30:08,5466,5819006,539583386351,89900,94098,89618,92790,91000,1382,1.54,92728,3110,3.47
1399-02-17,12:29:58,5770,6686989,599272824412,86999,95000,91529,87000,89998,-1531,-1.67,89618,-1911,-2.09
1399-02-16,12:29:58,4568,7443254,681276741689,90273,98700,95024,98600,90273,-4751,-5.0,91529,-3495,-3.68
1399-02-15,12:30:19,7428,20591373,1956665491297,89500,96115,91539,96115,96115,4576,5.0,95024,3485,3.81
1399-02-14,12:31:34,656,2599269,237934484991,91539,91539,87180,91539,91539,4359,5.0,91539,4359,5.0
1399-02-13,12:29:56,633,2544465,221826458700,87180,87180,83029,87180,87180,4151,5.0,87180,4151,5.0
1399-02-10,12:29:50,5099,14002695,1162629274216,80000,83171,79211,81000,83171,3960,5.0,83029,3818,4.82
1399-02-09,12:30:00,6981,9284786,735458730986,77411,81800,81441,80250,79300,-2141,-2.63,79211,-2230,-2.74
1399-02-08,12:29:59,6416,7160908,583188613343,79995,86499,83669,86499,80149,-3520,-4.21,81441,-2228,-2.66
1399-02-07,12:30:02,8014,10825409,905746173154,80563,88616,84803,88616,85400,597,0.7,83669,-1134,-1.34
1399-02-06,12:29:59,5802,9646121,818015867427,82505,84820,80781,84820,84820,4039,5.0,84803,4022,4.98
1399-02-03,12:29:59,7057,11813179,954275969355,76312,82013,78108,79000,82013,3905,5.0,80781,2673,3.42
1399-02-02,13:11:22,5959,7037884,549713074894,75500,80345,78770,78001,76505,-2265,-2.88,78108,-662,-0.84
1399-02-01,12:30:02,6278,8901382,701157814778,75400,81800,79228,75400,79000,-228,-0.29,78770,-458,-0.58
1399-01-31,12:29:59,6666,8265552,654859323027,78248,83000,82366,83000,78248,-4118,-5.0,79228,-3138,-3.81
1399-01-30,12:29:58,5828,11226794,924706130030,79001,82670,78734,81500,81848,3114,3.96,82366,3632,4.61
1399-01-27,12:30:01,4913,6285121,494850573790,76000,80085,76272,77798,78400,2128,2.79,78734,2462,3.23
1399-01-26,12:30:07,4913,6100227,465275769401,75713,78800,79697,75900,75713,-3984,-5.0,76272,-3425,-4.3
1399-01-25,12:33:31,3298,4368095,348125552740,78000,83000,79163,81000,78800,-363,-0.46,79697,534,0.67
1399-01-24,12:30:02,2605,14313820,1133129108425,77000,80343,76518,78300,80343,3825,5.0,79163,2645,3.46
1399-01-23,12:30:08,5924,9342826,714890241083,75976,79000,79974,79000,75976,-3998,-5.0,76518,-3456,-4.32
1399-01-20,12:30:00,6907,12191346,974985249225,77000,80973,77118,79999,77312,194,0.25,79974,2856,3.7
1399-01-19,13:12:41,5114,18811005,1450669924788,73100,78115,74396,75001,78115,3719,5.0,77118,2722,3.66
1399-01-18,12:30:02,6901,11557145,859800881117,72808,79000,76639,76450,74480,-2159,-2.82,74396,-2243,-2.93
1399-01-17,12:29:59,2805,7410334,567924313435,75000,76660,73010,76660,76600,3590,4.92,76639,3629,4.97
1399-01-16,12:29:16,1793,5295600,386633878720,72514,73014,69538,73014,73014,3476,5.0,73010,3472,4.99
1399-01-11,12:30:03,5750,10466535,727820476256,65500,70143,66803,67800,70143,3340,5.0,69538,2735,4.09
1399-01-10,12:30:09,3522,6650339,444263318165,60822,67224,64023,67224,67224,3201,5.0,66803,2780,4.34
1399-01-09,12:29:52,1140,1477412,94588623853,62000,64189,61133,63990,64189,3056,5.0,64023,2890,4.73
1399-01-06,12:29:57,1135,1420225,86822222982,59212,61304,58385,60700,61304,2919,5.0,61133,2748,4.71
1399-01-05,12:29:56,3294,3579551,208992861020,56001,59210,56391,59000,59210,2819,5.0,58385,1994,3.54
1398-12-28,12:30:26,4345,5598814,315721188174,53483,57302,54574,53800,57302,2728,5.0,56391,1817,3.33
1398-12-27,12:29:52,3782,3622432,197691912242,54342,57000,57202,56000,54342,-2860,-5.0,54574,-2628,-4.59
1398-12-26,13:59:56,5410,5617655,321341491752,55919,60110,58862,59350,56000,-2862,-4.86,57202,-1660,-2.82
1398-12-25,13:59:58,5754,25530852,1502792541614,56272,61338,59233,59233,56272,-2961,-5.0,58862,-371,-0.63
1398-12-24,12:29:55,2848,3425891,202924203090,57328,62900,60345,62900,57328,-3017,-5.0,59233,-1112,-1.84
1398-12-21,12:30:20,4868,4776906,288263300129,57700,62241,59530,59999,61000,1470,2.47,60345,815,1.37
1398-12-20,12:29:54,3274,7192773,428184498438,59157,62269,62270,59157,59157,-3113,-5.0,59530,-2740,-4.4
1398-12-19,12:28:37,768,537648,33007823664,61393,61393,64624,61393,61393,-3231,-5.0,62270,-2354,-3.64
1398-12-17,12:29:44,4257,5691417,367800701003,64368,66500,67755,66000,64368,-3387,-5.0,64624,-3131,-4.62
1398-12-14,12:30:00,5846,7121665,482529131330,66000,70350,68640,70000,66250,-2390,-3.48,67755,-885,-1.29
1398-12-13,12:30:05,5074,8341235,572544851914,66300,69337,66036,67499,68600,2564,3.88,68640,2604,3.94
1398-12-12,12:29:58,4791,7837477,517552814005,64000,66334,63176,65900,66334,3158,5.0,66036,2860,4.53
1398-12-11,12:29:43,3217,7374931,465920732171,60740,63775,60739,60740,63775,3036,5.0,63176,2437,4.01
1398-12-10,12:29:59,3938,5029893,305512183043,60515,62000,63699,61800,60515,-3184,-5.0,60739,-2960,-4.65
1398-12-07,12:30:00,4778,7417798,472507477275,62650,65500,62760,63301,63130,370,0.59,63699,939,1.5
1398-12-06,12:29:59,7470,9913252,622155254262,60110,64500,62097,60501,64003,1906,3.07,62760,663,1.07
1398-12-05,12:30:02,8418,9700621,602377295899,61166,65500,64385,64549,61168,-3217,-5.0,62097,-2288,-3.55
1398-12-04,12:29:59,5324,7784794,501224088322,62572,66360,61819,63200,63580,1761,2.85,64385,2566,4.15
1398-12-03,12:30:01,4375,4823956,298210587375,60500,63899,62243,63650,60520,-1723,-2.77,61819,-424,-0.68
1398-11-30,12:29:58,6634,6304823,392428704280,60580,65000,62871,62871,61000,-1871,-2.98,62243,-628,-1.0
1398-11-29,12:29:59,5698,6978246,438729093714,60100,64888,62651,62999,63202,551,0.88,62871,220,0.35
1398-11-28,12:29:56,11989,20620541,1291903182185,58000,62981,59982,62700,62981,2999,5.0,62651,2669,4.45
1398-11-27,12:29:14,540,891505,53474252910,59982,59982,57126,59982,59982,2856,5.0,59982,2856,5.0
1398-11-26,12:29:08,663,1565527,89432295402,57126,57126,54406,57126,57126,2720,5.0,57126,2720,5.0
1398-11-23,12:30:00,3754,7200539,391752636092,53200,54470,51877,53999,54470,2593,5.0,54406,2529,4.87
1398-11-21,12:30:02,5152,7149715,370903658477,51375,54000,54078,54000,52899,-1179,-2.18,51877,-2201,-4.07
1398-11-20,12:29:58,3652,4299604,232513101200,52500,56190,54324,54010,53300,-1024,-1.88,54078,-246,-0.45
1398-11-19,12:29:59,4887,6105511,331676443476,53923,57100,56761,57100,54398,-2363,-4.16,54324,-2437,-4.29
1398-11-16,12:35:15,4794,4590823,260578712685,55111,58222,56860,58222,55890,-970,-1.71,56761,-99,-0.17
1398-11-15,12:29:55,5629,12087438,687287618717,55000,57003,54289,55750,57003,2714,5.0,56860,2571,4.74
1398-11-14,13:01:18,4932,6522546,354105418609,53010,55399,54407,55399,54001,-406,-0.75,54289,-118,-0.22
1398-11-13,12:29:57,4700,5714331,310900328202,53031,56989,55494,55400,53889,-1605,-2.89,54407,-1087,-1.96
1398-11-12,12:29:51,4245,6206485,344424537044,55081,57810,57980,57500,55081,-2899,-5.0,55494,-2486,-4.29
1398-11-08,12:30:00,3558,3516991,203916807625,56700,60000,57741,59197,56832,-909,-1.57,57980,239,0.41
1398-11-07,12:30:00,3844,4753190,274453826793,55775,59998,57323,57979,57900,577,1.01,57741,418,0.73
1398-11-06,12:30:00,5528,12658235,725611890337,54122,57804,55052,55500,56488,1436,2.61,57323,2271,4.13
1398-11-05,12:42:44,8271,12448390,685309946908,53903,58500,56740,56780,54970,-1770,-3.12,55052,-1688,-2.97
1398-11-02,12:29:55,4074,6740516,382453662291,53500,58156,55387,54000,56500,1113,2.01,56740,1353,2.44
1398-11-01,12:29:56,5846,9533687,528038211043,51923,56839,54133,56700,53000,-1133,-2.09,55387,1254,2.32
1398-10-30,12:29:44,1039,3366946,182263986515,53201,54143,51565,54143,54143,2578,5.0,54133,2568,4.98
1398-10-29,12:29:59,5771,19557305,1008479480096,48120,52408,49913,49900,52408,2495,5.0,51565,1652,3.31
1398-10-28,12:29:59,3856,9428181,470590845195,48000,50232,47840,48799,49902,2062,4.31,49913,2073,4.33
1398-10-25,11:17:50,194,975464,46666197760,47840,47840,44070,47840,47840,3770,8.55,47840,3770,8.55
1398-10-24,06:11:12,0,0,0,0,0,44070,0,44070,0,0.0,44070,0,0.0
1398-10-23,06:10:58,0,0,0,0,0,44070,0,44070,0,0.0,44070,0,0.0
1398-10-22,06:10:56,0,0,0,0,0,44070,0,44070,0,0.0,44070,0,0.0
1398-10-21,06:10:50,0,0,0,0,0,44070,0,44070,0,0.0,44070,0,0.0
1398-10-18,06:11:12,0,0,0,0,0,44070,0,44070,0,0.0,44070,0,0.0
1398-10-17,06:11:15,0,0,0,0,0,44070,0,44070,0,0.0,44070,0,0.0
1398-10-15,12:24:18,479,364564,16066335480,44070,44070,46389,44070,44070,-2319,-5.0,44070,-2319,-5.0
1398-10-14,12:29:01,149,62115,2881452735,46389,46389,48830,46389,46389,-2441,-5.0,46389,-2441,-5.0
1398-10-11,12:30:03,5941,7672716,374662329811,47677,50890,50174,49200,48630,-1544,-3.08,48830,-1344,-2.68
1398-10-10,12:29:47,3962,4139511,207696297753,49667,52299,52281,52299,49667,-2614,-5.0,50174,-2107,-4.03
1398-10-09,12:29:57,4882,7921159,414130084630,50001,52612,50107,51498,51170,1063,2.12,52281,2174,4.34
1398-10-08,12:34:12,4343,6412111,321290890743,47710,51989,49768,49800,50500,732,1.47,50107,339,0.68
1398-10-07,12:30:00,6618,9003315,448073142939,48000,51200,49640,50000,49800,160,0.32,49768,128,0.26
1398-10-04,12:29:40,7652,15988196,793653866447,48217,49906,47530,49906,49906,2376,5.0,49640,2110,4.44
1398-10-03,12:29:16,338,1153813,54840731890,47530,47530,45267,47530,47530,2263,5.0,47530,2263,5.0
1398-10-02,12:29:49,905,3484479,157731910893,45267,45267,43112,45267,45267,2155,5.0,45267,2155,5.0
1398-10-01,12:28:29,3454,21177726,913004369415,41923,43123,41070,43123,43123,2053,5.0,43112,2042,4.97
1398-09-30,12:28:13,1010,1465563,60191092876,40505,41168,39208,40989,41168,1960,5.0,41070,1862,4.75
1398-09-27,12:29:52,4154,7705274,302110286476,36800,39713,37822,38270,39713,1891,5.0,39208,1386,3.66
1398-09-26,12:29:52,3383,4058169,153489136385,37350,39180,38040,38100,37440,-600,-1.58,37822,-218,-0.57
1398-09-25,12:30:04,3984,4532913,172430702777,37378,39400,39345,39400,38120,-1225,-3.11,38040,-1305,-3.32
1398-09-24,12:30:00,2469,4483769,176413670311,38100,41700,38282,39790,39200,918,2.4,39345,1063,2.78
1398-09-23,06:10:54,0,0,0,0,0,38282,0,39069,0,0.0,38282,0,0.0
1398-09-20,06:11:03,0,0,0,0,0,38282,0,39069,0,0.0,38282,0,0.0
1398-09-19,06:11:13,0,0,0,0,0,38282,0,39069,0,0.0,38282,0,0.0
1398-09-18,06:11:08,0,0,0,0,0,38282,0,39069,0,0.0,38282,0,0.0
1398-09-17,06:11:02,0,0,0,0,0,38282,0,39069,0,0.0,38282,0,0.0
1398-09-16,06:10:56,0,0,0,0,0,38282,0,39069,0,0.0,38282,0,0.0
1398-09-13,06:11:09,0,0,0,0,0,38282,0,39069,0,0.0,38282,0,0.0
1398-09-12,06:11:08,0,0,0,0,0,38282,0,39069,0,0.0,38282,0,0.0
1398-09-11,06:11:01,0,0,0,0,0,38282,0,39069,0,0.0,38282,0,0.0
1398-09-10,06:10:46,0,0,0,0,0,38282,0,39069,0,0.0,38282,0,0.0
1398-09-09,10:27:38,1000,1358333,51999804506,37001,39126,38267,38000,39069,802,2.1,38282,15,0.04
1398-09-06,14:18:15,3135,5742968,219765375365,37286,38607,36769,38607,37800,1031,2.8,38267,1498,4.07
1398-09-05,12:29:14,302,922466,33918152354,36769,36769,35019,36769,36769,1750,5.0,36769,1750,5.0
1398-09-04,12:29:56,3092,5371630,188109396219,33771,36423,35543,36000,35400,-143,-0.4,35019,-524,-1.47
1398-09-03,12:29:59,2204,2417521,85926348807,34720,36429,36316,35999,35735,-581,-1.6,35543,-773,-2.13
1398-09-02,12:29:59,3265,4398427,159734458308,35640,38000,37515,38000,35848,-1667,-4.44,36316,-1199,-3.2
1398-08-29,12:29:59,3635,6341305,237892858090,36223,37899,36095,36300,37500,1405,3.89,37515,1420,3.93
1398-08-28,12:28:42,1060,6299040,227362408815,36050,36095,34377,36095,36095,1718,5.0,36095,1718,5.0
1398-08-27,12:30:00,6146,20539098,706073349789,33421,36482,35180,33421,36130,950,2.7,34377,-803,-2.28
1398-08-26,12:29:59,114,83535,2938761300,35180,35180,37031,35180,35180,-1851,-5.0,35180,-1851,-5.0
1398-08-25,12:29:52,168,133995,4961968845,37031,37031,38979,37031,37031,-1948,-5.0,37031,-1948,-5.0
1398-08-22,12:29:56,284,136822,5333184738,38979,38979,41030,38979,38979,-2051,-5.0,38979,-2051,-5.0
1398-08-21,12:29:56,1614,4107029,168509388978,39881,44079,38685,41980,39881,1196,3.09,41030,2345,6.06
1398-08-20,06:11:09,0,0,0,0,0,38855,0,38875,0,0.0,38855,0,0.0
1398-08-19,06:11:05,0,0,0,0,0,38855,0,38875,0,0.0,38855,0,0.0
1398-08-18,06:10:58,0,0,0,0,0,38855,0,38875,0,0.0,38855,0,0.0
1398-08-14,06:11:06,0,0,0,0,0,38855,0,38875,0,0.0,38855,0,0.0
1398-08-13,06:11:07,0,0,0,0,0,38855,0,38875,0,0.0,38855,0,0.0
1398-08-12,06:10:58,0,0,0,0,0,38855,0,38875,0,0.0,38855,0,0.0
1398-08-11,14:53:24,3368,12515250,486276151226,37992,38875,37024,38875,38875,1851,5.0,38855,1831,4.95
1398-08-08,12:26:22,434,3202264,118560622336,37024,37024,35261,37024,37024,1763,5.0,37024,1763,5.0
1398-08-06,12:24:40,556,1482261,52266073751,32902,35427,33740,32902,35427,1687,5.0,35261,1521,4.51
1398-08-04,12:29:59,1328,2345950,79151929579,33648,35000,35418,34399,33650,-1768,-4.99,33740,-1678,-4.74
1398-08-01,12:29:55,748,1944891,68884436575,35288,37150,37145,37150,35649,-1496,-4.03,35418,-1727,-4.65
1398-07-30,12:29:58,1369,2852628,105961055225,35054,37863,36060,37000,36390,330,0.92,37145,1085,3.01
1398-07-29,12:29:59,1699,4468485,161133208548,35812,37014,37696,35812,36600,-1096,-2.91,36060,-1636,-4.34
1398-07-28,12:28:15,107,153304,5778947584,37696,37696,39679,37696,37696,-1983,-5.0,37696,-1983,-5.0
1398-07-24,12:29:55,368,587615,23315975585,39679,39679,41767,39679,39679,-2088,-5.0,39679,-2088,-5.0
1398-07-23,12:28:50,599,758586,31683651022,40881,43999,43032,41220,40881,-2151,-5.0,41767,-1265,-2.94
1398-07-22,12:29:58,1391,1893985,81502700250,42616,45999,44858,45500,42616,-2242,-5.0,43032,-1826,-4.07
1398-07-21,12:29:58,1965,4185405,187748016203,43000,44994,42852,43000,44992,2140,4.99,44858,2006,4.68
1398-07-20,12:30:04,979,2279072,97662170510,42100,44000,43421,42100,42289,-1132,-2.61,42852,-569,-1.31
1398-07-17,06:11:00,0,0,0,0,0,43421,0,43319,0,0.0,43421,0,0.0
1398-07-16,06:10:59,0,0,0,0,0,43421,0,43319,0,0.0,43421,0,0.0
1398-07-15,06:11:05,0,0,0,0,0,43421,0,43319,0,0.0,43421,0,0.0
1398-07-14,12:29:59,1348,2718498,118041020773,43319,45500,45598,44009,43319,-2279,-5.0,43421,-2177,-4.77
1398-07-13,12:30:00,2872,4129680,188303148455,44830,48000,47189,46610,44830,-2359,-5.0,45598,-1591,-3.37
1398-07-10,12:29:59,1710,3011185,142095432123,45420,48400,47604,45420,46400,-1204,-2.53,47189,-415,-0.87
1398-07-09,14:35:49,3157,3512716,167220414412,46027,50500,48449,48900,46027,-2422,-5.0,47604,-845,-1.74
1398-07-08,12:29:39,3849,7032702,340728311833,45200,49682,47317,47000,49631,2314,4.89,48449,1132,2.39
1398-07-07,12:29:59,3841,5508144,260628198655,46930,50488,49400,49060,47000,-2400,-4.86,47317,-2083,-4.22
1398-07-06,12:29:54,3863,5796272,286337312230,49202,51789,51791,49520,49404,-2387,-4.61,49400,-2391,-4.62
1398-07-03,12:30:01,3331,5307214,274864528064,49600,53750,51315,49600,50700,-615,-1.2,51791,476,0.93
1398-07-02,12:29:59,4896,6537737,335481156112,49401,54400,51877,53950,50301,-1576,-3.04,51315,-562,-1.08
1398-07-01,12:29:36,1638,3316345,172041381543,49825,52316,47453,49825,52316,4863,10.25,51877,4424,9.32
1398-06-31,06:11:03,0,0,0,0,0,47453,0,47684,0,0.0,47453,0,0.0
1398-06-30,12:13:01,899,2135657,101342473408,45500,47684,45414,45500,47684,2270,5.0,47453,2039,4.49
1398-06-27,12:30:02,3638,4734767,215022522905,44087,47950,46407,45400,45000,-1407,-3.03,45414,-993,-2.14
1398-06-26,12:29:59,6070,10636621,493616577217,44745,49455,47100,49455,45500,-1600,-3.4,46407,-693,-1.47
1398-06-25,12:27:04,1102,1571244,74005452809,46080,47196,44949,47190,47196,2247,5.0,47100,2151,4.79
1398-06-24,12:29:44,2600,7440003,334424377096,43600,45284,43128,44901,45284,2156,5.0,44949,1821,4.22
1398-06-23,12:28:47,1722,4836406,208582448966,41801,43268,41208,42400,43268,2060,5.0,43128,1920,4.66
1398-06-20,12:29:59,3541,7064853,291130556368,38500,41697,39712,38500,41697,1985,5.0,41208,1496,3.77
1398-06-17,12:53:37,5352,7764929,308362841265,38401,40999,40362,40523,39086,-1276,-3.16,39712,-650,-1.61
1398-06-16,12:29:57,475,2019075,81493905150,40362,40362,38440,40362,40362,1922,5.0,40362,1922,5.0
1398-06-13,12:29:23,929,2027386,77932485065,37502,38536,36701,37999,38536,1835,5.0,38440,1739,4.74
1398-06-12,13:12:53,6624,11871641,435695203558,35401,37170,35400,35800,37170,1770,5.0,36701,1301,3.68
1398-06-11,12:29:30,625,1751456,62001542400,35400,35400,33715,35400,35400,1685,5.0,35400,1685,5.0
1398-06-10,12:29:49,1977,9551149,322018504650,31700,33852,32240,31899,33852,1612,5.0,33715,1475,4.58
1398-06-09,12:29:57,2763,5061954,163199048521,31021,32638,31084,31600,31600,516,1.66,32240,1156,3.72
1398-06-06,12:30:02,2757,4060346,126211031407,30099,32196,31635,31000,31052,-583,-1.84,31084,-551,-1.74
1398-06-05,12:29:50,4176,5173083,163648713560,31111,32806,32611,32806,31300,-1311,-4.02,31635,-976,-2.99
1398-06-04,13:55:38,4161,5673477,185015554724,31800,33590,33200,32400,32090,-1110,-3.34,32611,-589,-1.77
1398-06-03,12:29:59,2751,4723926,156834899769,32925,34996,34657,34296,32925,-1732,-5.0,33200,-1457,-4.2
1398-06-02,12:29:57,2857,5942612,205952220739,33020,35749,34172,34599,34296,124,0.36,34657,485,1.42
1398-05-30,12:30:00,2472,4160089,142160425491,33752,34969,35000,34000,34100,-900,-2.57,34172,-828,-2.37
1398-05-28,12:30:01,4115,10116197,354069231662,33900,35177,33502,34888,34000,498,1.49,35000,1498,4.47
1398-05-27,12:29:47,3365,8864812,296991127288,31500,34111,32487,32533,34111,1624,5.0,33502,1015,3.12
1398-05-26,12:29:42,2813,7244022,235339042459,31501,32533,30984,32533,32533,1549,5.0,32487,1503,4.85
1398-05-23,12:28:18,1263,9624462,298204231781,30050,31049,29571,30600,31049,1478,5.0,30984,1413,4.78
1398-05-22,12:29:59,3680,8080743,238957365866,28937,30390,30459,29550,30000,-459,-1.51,29571,-888,-2.92
1398-05-20,12:29:58,2863,3501580,106654127366,30000,31697,31260,31620,30110,-1150,-3.68,30459,-801,-2.56
1398-05-19,12:30:00,2448,3987611,124654561112,30691,31987,31769,31497,31300,-469,-1.48,31260,-509,-1.6
1398-05-16,12:30:00,4965,17745137,563738932592,30680,31978,30456,31239,31970,1514,4.97,31769,1313,4.31
1398-05-15,12:29:59,3669,7738812,235695403294,29300,31100,30725,30299,30699,-26,-0.08,30456,-269,-0.88
1398-05-14,12:30:02,3939,11309542,347480754577,30223,32400,31813,32400,30223,-1590,-5.0,30725,-1088,-3.42
1398-05-13,12:29:58,1981,2931237,93251709052,30101,32790,31285,31600,31000,-285,-0.91,31813,528,1.69
1398-05-12,12:29:59,3076,4561260,142699960623,31186,32416,32827,32416,31186,-1641,-5.0,31285,-1542,-4.7
1398-05-09,12:29:59,3832,9617006,315696328744,31800,34600,31451,33023,32200,749,2.38,32827,1376,4.38
1398-05-08,06:10:42,0,0,0,0,0,31451,0,31451,0,0.0,31451,0,0.0
1398-05-07,12:30:00,0,0,0,0,0,31451,0,31451,0,0.0,31951,500,1.59
1398-05-06,12:29:59,437,599953,18869121803,31451,31451,33106,31451,31451,-1655,-5.0,31451,-1655,-5.0
1398-05-05,12:29:59,10715,47298085,1565843522153,31022,33539,31942,33539,31350,-592,-1.85,33106,1164,3.64
1398-05-02,12:27:56,5388,33289560,1063340780166,29005,32032,30507,29005,32032,1525,5.0,31942,1435,4.7
1398-05-01,12:29:53,876,2244414,68471220590,30077,31800,31659,30501,30077,-1582,-5.0,30507,-1152,-3.64
1398-04-31,12:29:19,1325,1788952,56636149340,31366,32920,33016,31701,31366,-1650,-5.0,31659,-1357,-4.11
1398-04-30,12:29:56,1674,3942539,130165251103,32991,33890,34727,32991,32991,-1736,-5.0,33016,-1711,-4.93
1398-04-29,12:29:49,391,942394,32726331763,34200,36000,35949,36000,34200,-1749,-4.87,34727,-1222,-3.4
1398-04-26,11:25:38,1438,2781602,99995208811,35867,36700,37754,35867,35867,-1887,-5.0,35949,-1805,-4.78
1398-04-25,12:28:37,920,1723015,65049862206,36731,39498,38664,39498,36731,-1933,-5.0,37754,-910,-2.35
1398-04-24,12:28:47,230,690835,26710444440,38664,38664,36823,38664,38664,1841,5.0,38664,1841,5.0
1398-04-23,12:22:17,416,1312179,48318367317,36823,36823,35070,36823,36823,1753,5.0,36823,1753,5.0
1398-04-22,12:29:58,1771,4991301,175044910141,34148,36999,35945,34500,36200,255,0.71,35070,-875,-2.43
1398-04-19,12:29:57,1363,2657375,95518388112,35749,37988,37630,37988,35749,-1881,-5.0,35945,-1685,-4.48
1398-04-18,12:35:10,1106,1359562,51159838908,36333,38900,38050,37320,37600,-450,-1.18,37630,-420,-1.1
1398-04-17,12:29:59,2421,3482585,132513739021,37729,40400,39714,39990,38200,-1514,-3.81,38050,-1664,-4.19
1398-04-16,12:29:58,1839,4349341,172728032613,38637,41980,40667,38637,39500,-1167,-2.87,39714,-953,-2.34
1398-04-15,12:29:58,814,1142468,46460807356,40611,41599,42748,41599,40611,-2137,-5.0,40667,-2081,-4.87
1398-04-12,12:29:59,1592,2764887,118194155482,41850,43965,41891,41970,41850,-41,-0.1,42748,857,2.05
1398-04-11,12:36:56,1748,2883529,120794242748,40113,41931,39935,40998,41931,1996,5.0,41891,1956,4.9
1398-04-10,12:29:59,1702,3902066,155829642962,37801,41149,39190,39001,41149,1959,5.0,39935,745,1.9
1398-04-09,12:29:59,2071,3291753,129005353234,38865,41500,40910,41500,38865,-2045,-5.0,39190,-1720,-4.2
1398-04-05,12:29:58,2220,5094056,208400287037,39000,41493,39518,39500,41490,1972,4.99,40910,1392,3.52
1398-04-04,12:29:58,1364,2974105,117529221646,38010,41000,39317,41000,39690,373,0.95,39518,201,0.51
1398-04-03,12:29:45,1306,5669922,222926313980,36900,39762,37869,38756,39762,1893,5.0,39317,1448,3.82
1398-04-02,12:29:59,1642,2812864,106520030599,37009,37998,36189,37998,37997,1808,5.0,37869,1680,4.64
1398-04-01,12:28:48,782,3501638,126720448731,35001,36194,34471,36194,36194,1723,5.0,36189,1718,4.98
1398-03-29,12:27:15,1793,8254948,284555537738,33700,34490,32848,33740,34490,1642,5.0,34471,1623,4.94
1398-03-28,12:29:58,1367,3367979,110631245918,31188,33840,32829,32500,33740,911,2.77,32848,19,0.06
1398-03-27,12:29:55,853,1648019,54102884572,32000,33460,31885,33000,32500,615,1.93,32829,944,2.96
1398-03-26,12:29:58,2056,6983538,222670377416,31103,33717,32739,31103,33110,371,1.13,31885,-854,-2.61
1398-03-25,12:29:53,1343,3428834,112256253591,31002,33500,32223,32444,31256,-967,-3.0,32739,516,1.6
1398-03-22,12:29:57,2106,10035004,323360398149,32037,33450,33723,32150,32450,-1273,-3.77,32223,-1500,-4.45
1398-03-21,12:29:52,1974,3657710,123349433247,32515,34500,33916,34400,32900,-1016,-3.0,33723,-193,-0.57
1398-03-20,12:29:49,2066,7051691,239162393079,32983,33983,32365,33876,33983,1618,5.0,33916,1551,4.79
1398-03-19,12:26:56,1049,3315115,107293690967,31300,32432,30888,32000,32432,1544,5.0,32365,1477,4.78
1398-03-18,12:29:54,1912,7795852,240800696373,29000,31749,30238,29600,31749,1511,5.0,30888,650,2.15
1398-03-13,12:18:05,128,778614,23543730132,30238,30238,28799,30238,30238,1439,5.0,30238,1439,5.0
1398-03-12,12:23:59,252,4471715,128780920285,28799,28799,27428,28799,28799,1371,5.0,28799,1371,5.0
1398-03-11,12:27:12,1072,9938386,272593524242,26440,27440,26134,27440,27440,1306,5.0,27428,1294,4.95
1398-03-08,12:27:33,95,373455,9759872970,26134,26134,24890,26134,26134,1244,5.0,26134,1244,5.0
1398-03-07,12:24:42,538,3994577,99423380976,23894,24894,23709,24894,24894,1185,5.0,24890,1181,4.98
1398-03-05,12:29:39,104,272853,6469071777,23709,23709,22580,23709,23709,1129,5.0,23709,1129,5.0
1398-03-04,12:29:58,1818,8695244,196334486038,22062,23800,23223,23060,23511,288,1.24,22580,-643,-2.77
1398-03-01,12:29:53,2698,9426112,218906302823,22728,24888,23924,22850,22800,-1124,-4.7,23223,-701,-2.93
1398-02-31,12:29:56,4078,21887074,523620730469,23830,25500,25084,25500,23830,-1254,-5.0,23924,-1160,-4.62
1398-02-30,12:29:56,2612,16720603,419412620842,23172,25610,24391,25610,25610,1219,5.0,25084,693,2.84
1398-02-29,12:29:09,79,372413,9083525483,24391,24391,23230,24391,24391,1161,5.0,24391,1161,5.0
1398-02-28,12:26:18,351,2385915,55425771513,22500,23625,20468,22500,23625,3157,15.42,23230,2762,13.49
1398-02-25,12:49:57,1454,16904181,345990551812,19506,20481,18578,19506,20481,1903,10.24,20468,1890,10.17
1398-02-24,06:10:30,0,0,0,0,0,18578,0,18578,0,0.0,18578,0,0.0
1398-02-23,06:45:27,0,0,0,0,0,18578,0,18578,0,0.0,18578,0,0.0
1398-02-22,09:01:33,52,392049,7283486322,18578,18578,17694,18578,18578,884,5.0,18578,884,5.0
1398-02-21,12:29:05,844,5410823,95736924826,17070,17747,16902,17487,17747,845,5.0,17694,792,4.69
1398-02-18,12:29:24,1289,11658288,197047272814,16310,16911,16106,16310,16911,805,5.0,16902,796,4.94
1398-02-17,12:29:51,1723,8270811,133212492966,15102,16436,15654,15950,16100,446,2.85,16106,452,2.89
1398-02-16,14:25:17,1655,11624287,181964968162,14310,15737,14988,15737,15737,749,5.0,15654,666,4.44
1398-02-15,12:29:59,2435,25540258,382798831719,14136,15624,14880,14136,15624,744,5.0,14988,108,0.73
1398-02-14,12:29:52,223,1135854,16901507520,14880,14880,15663,14880,14880,-783,-5.0,14880,-783,-5.0
1398-02-11,12:29:54,2323,19564331,306435681780,14502,15703,14956,15703,15695,739,4.94,15663,707,4.73
1398-02-10,12:29:33,846,10943608,163673139755,14275,14983,14270,14983,14983,713,5.0,14956,686,4.81
1398-02-09,12:28:24,133,950730,13566917100,14270,14270,13591,14270,14270,679,5.0,14270,679,5.0
1398-02-08,12:25:08,54,239664,3257273424,13591,13591,12944,13591,13591,647,5.0,13591,647,5.0
1398-02-07,12:28:24,150,1973635,25546731440,12944,12944,12328,12944,12944,616,5.0,12944,616,5.0
1398-02-04,12:29:50,273,5542084,68323853170,12110,12715,10431,12110,12715,2284,21.9,12328,1897,18.19
1398-02-03,06:10:32,0,0,0,0,0,10431,0,10445,0,0.0,10431,0,0.0
1398-02-02,06:10:31,0,0,0,0,0,10431,0,10445,0,0.0,10431,0,0.0
1398-01-31,06:10:45,0,0,0,0,0,10431,0,10445,0,0.0,10431,0,0.0
1398-01-28,11:02:33,1995,21055438,219633309999,9522,10445,9948,10445,10445,497,5.0,10431,483,4.86
1398-01-27,12:29:38,108,832461,8281322028,9948,9948,9475,9948,9948,473,4.99,9948,473,4.99
1398-01-26,12:29:19,272,5041662,47771948178,9047,9499,8617,9047,9499,882,10.24,9475,858,9.96
1398-01-25,06:10:29,0,0,0,0,0,8617,0,8617,0,0.0,8617,0,0.0
1398-01-24,09:03:16,42,1059184,9126988528,8617,8617,8207,8617,8617,410,5.0,8617,410,5.0
1398-01-21,12:25:24,125,2580189,21175611123,8207,8207,7817,8207,8207,390,4.99,8207,390,4.99
1398-01-20,12:00:54,299,2599777,20322168633,7598,7859,7485,7750,7859,374,5.0,7817,332,4.44
1398-01-19,12:02:27,1383,17560917,131447787427,7152,7490,7134,7490,7490,356,4.99,7485,351,4.92
1398-01-18,12:29:03,128,1626479,11603301186,7134,7134,6795,7134,7134,339,4.99,7134,339,4.99
1398-01-17,12:09:59,212,3331633,22638446235,6795,6795,6472,6795,6795,323,4.99,6795,323,4.99
1398-01-11,12:27:55,1202,16811740,108806563952,6280,6478,6170,6478,6478,308,4.99,6472,302,4.89
1398-01-10,12:29:24,106,1689834,10426275780,6170,6170,5877,6170,6170,293,4.99,6170,293,4.99
1398-01-07,12:29:53,481,3811982,22402739235,5615,5952,5669,5700,5952,283,4.99,5877,208,3.67
1398-01-06,12:29:47,185,597209,3385813417,5502,5730,5553,5502,5615,62,1.12,5669,116,2.09
1398-01-05,12:29:57,144,392638,2180477904,5450,5640,5460,5500,5502,42,0.77,5553,93,1.7
1397-12-28,12:29:42,133,327373,1787506515,5413,5530,5408,5476,5480,72,1.33,5460,52,0.96
1397-12-27,12:29:49,159,449986,2433494431,5351,5450,5384,5400,5399,15,0.28,5408,24,0.45
1397-12-26,12:29:38,187,544055,2929385820,5306,5450,5375,5306,5419,44,0.82,5384,9,0.17
1397-12-25,12:29:47,291,989081,5316635474,5290,5548,5556,5479,5325,-231,-4.16,5375,-181,-3.26
1397-12-22,12:29:56,386,1440298,8001781705,5357,5738,5507,5738,5383,-124,-2.25,5556,49,0.89
1397-12-21,12:29:40,82,685593,3775560651,5507,5507,5245,5507,5507,262,5.0,5507,262,5.0
1397-12-20,14:18:16,0,0,0,0,0,5245,5507,5296,51,0.97,5245,0,0.0
1397-12-19,12:29:57,143,736040,3860603742,5197,5321,5208,5205,5296,88,1.69,5245,37,0.71
1397-12-18,12:29:45,297,1624172,8457923741,5160,5324,5305,5220,5200,-105,-1.98,5208,-97,-1.83
1397-12-15,12:29:55,223,853567,4528189582,5242,5499,5486,5499,5258,-228,-4.16,5305,-181,-3.3
1397-12-14,12:29:48,100,350565,1923285559,5368,5585,5531,5585,5387,-144,-2.6,5486,-45,-0.81
1397-12-13,12:29:49,215,1036016,5730120451,5460,5689,5449,5500,5489,40,0.73,5531,82,1.5
1397-12-12,12:29:56,230,1105584,6024865717,5260,5590,5494,5590,5588,94,1.71,5449,-45,-0.82
1397-12-11,12:30:10,456,2478837,13619350373,5387,5609,5359,5500,5550,191,3.56,5494,135,2.52
1397-12-08,12:17:16,242,1101641,5903423731,5200,5416,5159,5200,5416,257,4.98,5359,200,3.88
1397-12-07,12:28:49,178,787000,4060179935,5120,5228,5238,5181,5127,-111,-2.12,5159,-79,-1.51
1397-12-06,12:29:37,152,442106,2315940782,5190,5297,5210,5297,5195,-15,-0.29,5238,28,0.54
1397-12-05,12:28:33,221,790783,4120238142,5170,5292,5281,5200,5200,-81,-1.53,5210,-71,-1.34
1397-12-04,12:29:58,277,1277776,6747862530,5160,5419,5205,5170,5200,-5,-0.1,5281,76,1.46
1397-12-01,12:27:36,391,1608824,8373574571,5105,5439,5326,5420,5180,-146,-2.74,5205,-121,-2.27
1397-11-30,12:29:42,257,1011159,5385296610,5250,5450,5494,5399,5408,-86,-1.57,5326,-168,-3.06
1397-11-29,12:29:57,209,703738,3866687833,5251,5659,5507,5490,5251,-256,-4.65,5494,-13,-0.24
1397-11-28,12:29:39,161,425466,2342981733,5443,5690,5556,5502,5515,-41,-0.74,5507,-49,-0.88
1397-11-27,12:29:40,276,888364,4936024978,5510,5789,5733,5789,5530,-203,-3.54,5556,-177,-3.09
1397-11-24,12:29:35,229,1082855,6207568201,5555,5870,5668,5700,5698,30,0.53,5733,65,1.15
1397-11-23,12:29:57,151,510487,2893421278,5610,5800,5728,5750,5675,-53,-0.93,5668,-60,-1.05
1397-11-21,12:28:28,118,563490,3227637955,5600,5800,5702,5789,5720,18,0.32,5728,26,0.46
1397-11-17,12:30:00,265,725953,4139032252,5601,5779,5791,5751,5750,-41,-0.71,5702,-89,-1.54
1397-11-16,12:29:18,396,1689532,9783597321,5675,5978,5921,5831,5760,-161,-2.72,5791,-130,-2.2
1397-11-15,12:29:56,239,948357,5615657184,5834,6000,5966,5900,5860,-106,-1.78,5921,-45,-0.75
1397-11-14,12:29:58,332,2526234,15072050183,5801,6040,6002,5960,5900,-102,-1.7,5966,-36,-0.6
1397-11-13,12:29:23,329,1576065,9460319363,5878,6200,6093,6200,5960,-133,-2.18,6002,-91,-1.49
1397-11-10,12:29:54,746,3636164,22154436845,5800,6156,5863,5866,6140,277,4.72,6093,230,3.92
1397-11-09,12:29:55,235,665170,3899842947,5671,6030,5748,5700,5764,16,0.28,5863,115,2.0
1397-11-08,12:29:49,309,1062546,6107046013,5700,5996,5919,5900,5700,-219,-3.7,5748,-171,-2.89
1397-11-07,12:29:42,315,1261350,7465862125,5800,6120,6006,6120,5947,-59,-0.98,5919,-87,-1.45
1397-11-06,12:29:44,218,782523,4699494488,5912,6140,6046,6080,6000,-46,-0.76,6006,-40,-0.66
1397-11-03,12:29:34,223,748543,4525517965,6004,6199,6107,6199,6020,-87,-1.42,6046,-61,-1.0
1397-11-02,12:29:36,224,1202512,7343997845,5900,6200,6048,5902,6075,27,0.45,6107,59,0.98
1397-11-01,12:26:49,249,1707120,10324161645,6042,6180,6359,6180,6042,-317,-4.99,6048,-311,-4.89
1397-10-30,12:29:47,285,796895,5067245373,6200,6700,6430,6550,6201,-229,-3.56,6359,-71,-1.1
1397-10-29,12:29:53,383,1756431,11294063857,6180,6644,6344,6271,6500,156,2.46,6430,86,1.36
1397-10-26,12:29:45,493,2572719,16320318027,6035,6411,6106,6035,6308,202,3.31,6344,238,3.9
1397-10-25,12:29:55,275,1711963,10452516860,6050,6210,6086,6196,6080,-6,-0.1,6106,20,0.33
1397-10-24,12:29:58,230,1149156,6994282061,6001,6170,6120,6132,6103,-17,-0.28,6086,-34,-0.56
1397-10-23,12:29:47,285,892068,5459630799,6010,6269,6230,6260,6170,-60,-0.96,6120,-110,-1.77
1397-10-22,12:29:59,532,3981964,24806651785,6103,6232,5936,6173,6232,296,4.99,6230,294,4.95
1397-10-19,12:29:43,614,6165309,36598417172,5815,6083,5794,5815,6083,289,4.99,5936,142,2.45
1397-10-18,12:29:53,436,2811793,16290859033,5700,5939,5959,5885,5830,-129,-2.16,5794,-165,-2.77
1397-10-17,12:29:59,273,1143615,6814366616,5917,6150,6126,6150,5927,-199,-3.25,5959,-167,-2.73
1397-10-16,12:29:55,337,1387113,8498001944,5999,6247,5987,5999,6032,45,0.75,6126,139,2.32
1397-10-15,12:29:43,250,1162709,6960813113,5840,6067,5882,5986,6067,185,3.15,5987,105,1.79
1397-10-12,12:29:56,225,927837,5457549220,5800,6123,5967,6005,5852,-115,-1.93,5882,-85,-1.42
1397-10-11,12:29:21,546,3144395,18761389348,5760,6115,5824,5760,6086,262,4.5,5967,143,2.46
1397-10-10,12:29:56,910,9443095,54997024085,5724,5897,5801,5897,5859,58,1.0,5824,23,0.4
1397-10-09,12:29:46,220,1056723,6130449673,5700,5897,5808,5897,5880,72,1.24,5801,-7,-0.12
1397-10-08,12:29:54,298,1183470,6874127670,5723,5984,5950,5950,5723,-227,-3.82,5808,-142,-2.39
1397-10-05,12:29:08,1286,11384874,67741207220,5701,6002,5717,5790,5889,172,3.01,5950,233,4.08
1397-10-04,12:29:11,227,1682348,9617231000,5522,5822,5639,5522,5738,99,1.76,5717,78,1.38
1397-10-03,12:29:03,221,1126807,6354156613,5550,5850,5759,5680,5617,-142,-2.47,5639,-120,-2.08
1397-10-02,12:29:47,707,5297063,30504755151,5600,5899,5720,5790,5730,10,0.17,5759,39,0.68
1397-10-01,12:29:58,148,613146,3506901117,5612,5820,5751,5612,5777,26,0.45,5720,-31,-0.54
1397-09-28,12:29:25,206,867443,4988350599,5589,5980,5868,5800,5790,-78,-1.33,5751,-117,-1.99
1397-09-27,12:29:42,176,661598,3882515930,5830,6000,5943,5860,5880,-63,-1.06,5868,-75,-1.26
1397-09-26,12:29:08,412,2381178,14151258582,5860,6148,6053,6080,5864,-189,-3.12,5943,-110,-1.82
1397-09-25,12:29:50,836,4127056,24979385969,5927,6230,5971,6000,5990,19,0.32,6053,82,1.37
1397-09-24,12:26:53,982,5819671,34751432613,5660,6032,5745,5660,6032,287,5.0,5971,226,3.93
1397-09-21,12:29:39,491,3466846,19916386079,5412,5785,5510,5499,5785,275,4.99,5745,235,4.26
1397-09-20,18:05:22,0,0,0,0,0,5510,0,5500,0,0.0,5510,0,0.0
1397-09-19,12:27:28,254,1102354,6074362459,5300,5640,5463,5480,5500,37,0.68,5510,47,0.86
1397-09-18,12:29:54,294,1326007,7243757905,5380,5690,5657,5520,5480,-177,-3.13,5463,-194,-3.43
1397-09-17,12:29:38,345,1144548,6475278499,5512,5800,5704,5799,5512,-192,-3.37,5657,-47,-0.82
1397-09-14,12:29:02,339,1451766,8280933067,5470,5800,5613,5508,5700,87,1.55,5704,91,1.62
1397-09-13,12:29:58,322,1866987,10479049193,5465,5900,5738,5900,5617,-121,-2.11,5613,-125,-2.18
1397-09-12,12:29:54,498,2757633,15822213274,5620,5820,5543,5680,5820,277,5.0,5738,195,3.52
1397-09-11,12:29:37,330,2375650,13168404879,5300,5605,5339,5400,5605,266,4.98,5543,204,3.82
1397-09-10,12:25:32,205,597856,3192164585,5300,5550,5578,5441,5300,-278,-4.98,5339,-239,-4.28
1397-09-07,12:29:07,440,1966826,10970039676,5471,5800,5743,5800,5560,-183,-3.19,5578,-165,-2.87
1397-09-06,12:29:58,731,2384445,13692877467,5586,6060,5880,6060,5740,-140,-2.38,5743,-137,-2.33
1397-09-05,12:29:59,717,3492790,20538514121,5830,6120,6136,5920,5830,-306,-4.99,5880,-256,-4.17
1397-09-03,12:29:54,644,3183170,19530911312,6052,6340,6369,6340,6052,-317,-4.98,6136,-233,-3.66
1397-08-30,12:30:00,1549,12466650,79403376697,6000,6414,6109,6120,6300,191,3.13,6369,260,4.26
1397-08-29,12:30:00,1304,8260860,50463545406,6055,6445,6373,6440,6055,-318,-4.99,6109,-264,-4.14
1397-08-28,12:29:57,2182,13044408,83136404259,5871,6489,6263,6180,6383,120,1.92,6373,110,1.76
1397-08-27,09:04:39,105,647298,4054151779,6201,6300,6143,6300,6210,67,1.09,6263,120,1.95
1397-08-26,12:27:33,1447,16701198,102594028422,6000,6146,5854,6146,6146,292,4.99,6143,289,4.94
1397-08-23,12:23:38,781,10734942,62842802683,5756,5866,5587,5850,5866,279,4.99,5854,267,4.78
1397-08-22,12:16:12,34,99566,556275242,5587,5587,5321,5587,5587,266,5.0,5587,266,5.0
1397-08-21,12:22:34,216,1519828,8086461711,5101,5392,5136,5101,5392,256,4.98,5321,185,3.6
1397-08-20,12:29:54,286,943429,4845540917,5073,5444,5333,5444,5111,-222,-4.16,5136,-197,-3.69
1397-08-19,12:28:36,349,1822643,9720302394,5311,5500,5590,5500,5311,-279,-4.99,5333,-257,-4.6
1397-08-15,12:30:00,647,4248405,23747398592,5443,5704,5433,5704,5470,37,0.68,5590,157,2.89
1397-08-14,12:12:33,122,848553,4610293703,5355,5442,5183,5420,5442,259,5.0,5433,250,4.82
1397-08-13,12:29:05,763,6413079,33236185600,4870,5209,4961,4890,5209,248,5.0,5183,222,4.47
1397-08-12,12:29:56,511,2155151,10691042519,4930,5120,5189,5120,4970,-219,-4.22,4961,-228,-4.39
1397-08-09,12:29:41,465,1565441,8123796317,5005,5340,5152,5340,5042,-110,-2.14,5189,37,0.72
1397-08-07,12:23:17,425,4280517,22052168225,5001,5152,4907,5152,5152,245,4.99,5152,245,4.99
1397-08-06,12:10:26,69,299975,1471977325,4907,4907,4674,4907,4907,233,4.99,4907,233,4.99
1397-08-05,12:29:45,164,1833075,8567809204,4342,4798,5735,4570,4798,-937,-16.34,4674,-1061,-18.5
1397-08-02,06:10:23,0,0,0,0,0,5835,0,6125,0,0.0,5835,0,0.0
1397-08-01,06:10:41,0,0,0,0,0,5835,0,6125,0,0.0,5835,0,0.0
1397-07-30,06:10:28,0,0,0,0,0,5835,0,6125,0,0.0,5835,0,0.0
1397-07-29,06:10:26,0,0,0,0,0,5835,0,6125,0,0.0,5835,0,0.0
1397-07-28,06:10:30,0,0,0,0,0,5835,0,6125,0,0.0,5835,0,0.0
1397-07-25,06:10:46,0,0,0,0,0,5835,0,6125,0,0.0,5835,0,0.0
1397-07-24,06:10:45,0,0,0,0,0,5835,0,6125,0,0.0,5835,0,0.0
1397-07-23,06:10:45,0,0,0,0,0,5835,0,6125,0,0.0,5835,0,0.0
1397-07-22,06:10:34,0,0,0,0,0,5835,0,6125,0,0.0,5835,0,0.0
1397-07-21,06:10:29,0,0,0,0,0,5835,0,6125,0,0.0,5835,0,0.0
1397-07-18,06:10:25,0,0,0,0,0,5835,0,6125,0,0.0,5835,0,0.0
1397-07-17,06:10:35,0,0,0,0,0,5835,0,6125,0,0.0,5835,0,0.0
1397-07-16,06:10:41,0,0,0,0,0,5835,0,6125,0,0.0,5835,0,0.0
1397-07-15,06:10:12,0,0,0,0,0,5835,0,6125,0,0.0,5835,0,0.0
1397-07-14,06:10:33,0,0,0,0,0,5835,0,6125,0,0.0,5835,0,0.0
1397-07-11,06:10:33,0,0,0,0,0,5835,0,6125,0,0.0,5835,0,0.0
1397-07-10,06:10:27,0,0,0,0,0,5835,0,6125,0,0.0,5835,0,0.0
1397-07-09,06:10:34,0,0,0,0,0,5835,0,6125,0,0.0,5835,0,0.0
1397-07-08,06:10:31,0,0,0,0,0,5835,0,6125,0,0.0,5835,0,0.0
1397-07-07,06:10:19,0,0,0,0,0,5835,0,6125,0,0.0,5835,0,0.0
1397-07-04,06:10:36,0,0,0,0,0,5835,0,6125,0,0.0,5835,0,0.0
1397-07-03,06:10:33,0,0,0,0,0,5835,0,6125,0,0.0,5835,0,0.0
1397-07-02,06:10:23,0,0,0,0,0,5835,0,6125,0,0.0,5835,0,0.0
1397-07-01,06:10:29,0,0,0,0,0,5835,0,6125,0,0.0,5835,0,0.0
1397-06-31,17:05:37,0,0,0,6125,6125,5835,6126,6125,290,4.97,5835,0,0.0
1397-06-27,12:29:59,607,3140715,18324932410,5721,5919,5744,5800,5900,156,2.72,5835,91,1.58
1397-06-26,12:30:00,692,3849074,22108151178,5500,5779,5504,5655,5750,246,4.47,5744,240,4.36
1397-06-25,12:29:47,783,4412391,24287794663,5437,5700,5723,5502,5632,-91,-1.59,5504,-219,-3.83
1397-06-24,12:29:43,1081,5083022,29089887346,5554,6111,5846,5870,5610,-236,-4.04,5723,-123,-2.1
1397-06-21,15:29:34,1262,7621054,44550769650,5750,5999,5836,5930,5780,-56,-0.96,5846,10,0.17
1397-06-20,12:29:59,111,473276,2762158124,5719,5998,6083,5998,5769,-314,-5.16,5836,-247,-4.06
1397-06-19,09:04:03,55,415180,2525369584,5912,6088,5799,6088,5912,113,1.95,6083,284,4.9
1397-06-18,12:29:58,2131,13464744,78076313699,5440,5849,5571,5440,5847,276,4.95,5799,228,4.09
1397-06-17,12:29:56,761,3900789,21731727145,5380,5689,5435,5399,5499,64,1.18,5571,136,2.5
1397-06-14,12:29:48,604,4007321,21778200339,5311,5465,5205,5464,5370,165,3.17,5435,230,4.42
1397-06-13,12:27:58,152,1393806,7254488316,5199,5205,4958,5199,5205,247,4.98,5205,247,4.98
1397-06-12,14:53:52,900,5857913,29044944286,4701,5195,4948,4730,5170,222,4.49,4958,10,0.2
1397-06-11,12:29:03,364,1627951,8054631537,4914,5170,5172,5170,4914,-258,-4.99,4948,-224,-4.33
1397-06-10,12:29:30,876,4975381,25732677104,5020,5241,4992,5180,5050,58,1.16,5172,180,3.61
1397-06-07,12:28:30,558,7756237,38722988813,4854,4998,4760,4998,4998,238,5.0,4992,232,4.87
1397-06-06,12:26:35,713,9235057,43963375560,4690,4762,4536,4762,4762,226,4.98,4760,224,4.94
1397-06-05,12:24:28,500,2526422,11459891626,4405,4690,4467,4550,4690,223,4.99,4536,69,1.54
1397-06-04,12:29:40,447,2342908,10464999666,4295,4560,4356,4300,4470,114,2.62,4467,111,2.55
1397-06-03,12:29:55,253,894706,3896968904,4251,4400,4292,4281,4355,63,1.47,4356,64,1.49
1397-05-30,12:29:33,188,718342,3082778815,4240,4382,4215,4269,4280,65,1.54,4292,77,1.83
1397-05-29,12:29:14,445,1897305,7998078159,4200,4335,4374,4335,4215,-159,-3.64,4215,-159,-3.64
1397-05-28,12:29:10,536,2877199,12583918890,4210,4572,4357,4380,4240,-117,-2.69,4374,17,0.39
1397-05-27,12:28:22,556,3986643,17367958087,4150,4377,4169,4150,4377,208,4.99,4357,188,4.51
1397-05-24,12:28:22,373,1437190,5992054209,4106,4285,4217,4170,4148,-69,-1.64,4169,-48,-1.14
1397-05-23,12:29:03,447,1918241,8089015744,4167,4380,4386,4380,4167,-219,-4.99,4217,-169,-3.85
1397-05-22,12:30:00,463,2363589,10365881253,4250,4588,4422,4588,4270,-152,-3.44,4386,-36,-0.81
1397-05-21,12:04:36,679,5368790,23740257821,4200,4452,4240,4215,4452,212,5.0,4422,182,4.29
1397-05-20,12:29:54,146,853442,3618342703,4201,4375,4276,4375,4330,54,1.26,4240,-36,-0.84
1397-05-17,12:29:52,281,1691327,7231767147,4113,4350,4196,4113,4285,89,2.12,4276,80,1.91
1397-05-16,12:30:00,175,871413,3656759781,4100,4278,4104,4100,4267,163,3.97,4196,92,2.24
1397-05-15,12:29:26,208,532342,2184703574,4001,4280,4192,4170,4040,-152,-3.63,4104,-88,-2.1
1397-05-14,12:29:55,218,684605,2869569773,4127,4300,4177,4130,4164,-13,-0.31,4192,15,0.36
1397-05-13,12:25:50,99,410046,1712640967,4126,4330,4296,4131,4130,-166,-3.86,4177,-119,-2.77
1397-05-10,12:29:50,205,794377,3412513909,4249,4524,4424,4500,4299,-125,-2.83,4296,-128,-2.89
1397-05-09,12:22:07,324,1491249,6597115963,4252,4462,4250,4252,4462,212,4.99,4424,174,4.09
1397-05-08,12:29:34,266,788542,3351253553,4201,4410,4422,4385,4300,-122,-2.76,4250,-172,-3.89
1397-05-07,12:19:46,182,521766,2307499681,4351,4541,4445,4400,4400,-45,-1.01,4422,-23,-0.52
1397-05-06,12:25:46,74,121532,540202279,4400,4559,4464,4410,4435,-29,-0.65,4445,-19,-0.43
1397-05-05,06:30:14,0,0,0,0,0,4464,0,4475,0,0.0,4464,0,0.0
1397-05-04,12:04:23,0,0,0,0,0,4464,0,4475,0,0.0,4464,0,0.0
1397-05-03,12:28:51,147,349247,1559179964,4400,4586,4435,4586,4475,40,0.9,4464,29,0.65
1397-05-02,12:30:00,165,407768,1808319659,4399,4515,4515,4427,4483,-32,-0.71,4435,-80,-1.77
1397-05-01,12:28:08,88,255723,1154549419,4408,4588,4586,4542,4408,-178,-3.88,4515,-71,-1.55
1397-04-31,12:29:49,117,378775,1736900069,4550,4680,4676,4680,4600,-76,-1.63,4586,-90,-1.92
1397-04-30,12:29:46,146,277054,1295601389,4580,4759,4658,4759,4620,-38,-0.82,4676,18,0.39
1397-04-27,13:51:15,131,706202,3289372991,4600,4760,4627,4600,4611,-16,-0.35,4658,31,0.67
1397-04-26,12:29:11,85,294230,1361392757,4567,4740,4761,4740,4610,-151,-3.17,4627,-134,-2.81
1397-04-25,12:28:38,65,184315,877517698,4733,4838,4842,4778,4733,-109,-2.25,4761,-81,-1.67
1397-04-24,12:28:58,76,363102,1758311537,4804,4950,4824,4950,4824,0,0.0,4842,18,0.37
1397-04-23,12:29:13,124,1501721,7243618422,4634,4980,4815,4797,4831,16,0.33,4824,9,0.19
1397-04-20,12:29:50,256,784836,3778777842,4660,4900,4730,4660,4840,110,2.33,4815,85,1.8
1397-04-19,12:29:22,159,368603,1743309985,4700,4850,4903,4815,4768,-135,-2.75,4730,-173,-3.53
1397-04-17,12:29:59,292,1643920,8060289993,4821,5000,5059,4860,4880,-179,-3.54,4903,-156,-3.08
1397-04-16,12:29:52,555,2508178,12689846686,4822,5200,4983,5200,4960,-23,-0.46,5059,76,1.53
1397-04-13,12:27:28,70,748997,3732252051,4983,4983,4746,4983,4983,237,4.99,4983,237,4.99
1397-04-12,12:00:24,94,461195,2188791411,4635,4765,4539,4635,4765,226,4.98,4746,207,4.56
1397-04-11,12:29:13,130,579670,2631030999,4400,4639,4477,4505,4600,123,2.75,4539,62,1.38
1397-04-10,12:25:59,172,488732,2188122180,4410,4660,4583,4550,4450,-133,-2.9,4477,-106,-2.31
1397-04-09,12:29:11,175,591598,2711309980,4521,4699,4659,4607,4670,11,0.24,4583,-76,-1.63
1397-04-06,12:27:58,126,426157,1985573060,4550,4799,4709,4700,4647,-62,-1.32,4659,-50,-1.06
1397-04-05,12:29:10,86,221325,1042327375,4660,4756,4672,4680,4690,18,0.39,4709,37,0.79
1397-04-04,12:29:45,417,1691252,7900693477,4581,4830,4822,4800,4605,-217,-4.5,4672,-150,-3.11
1397-04-03,12:29:47,300,1305405,6295280651,4701,4950,4880,4840,4750,-130,-2.66,4822,-58,-1.19
1397-04-02,12:29:55,132,390375,1904962205,4820,4948,4846,4838,4881,35,0.72,4880,34,0.7
1397-03-30,12:29:53,302,1239586,6007407163,4769,4994,4937,4990,4857,-80,-1.62,4846,-91,-1.84
1397-03-29,12:29:59,426,2867786,14158108052,4850,5000,4978,4920,4860,-118,-2.37,4937,-41,-0.82
1397-03-28,12:29:57,260,1397271,6955416586,4900,5090,5041,5000,4965,-76,-1.51,4978,-63,-1.25
1397-03-27,12:29:28,363,1586416,7997286974,4790,5205,4979,5205,4985,6,0.12,5041,62,1.25
1397-03-23,12:29:59,188,637214,3172450493,4900,5074,4864,4901,5020,156,3.21,4979,115,2.36
1397-03-22,12:29:33,115,375535,1826786638,4750,4900,4819,4761,4832,13,0.27,4864,45,0.93
1397-03-21,12:29:57,196,941343,4535937485,4732,4988,4981,4902,4848,-133,-2.67,4819,-162,-3.25
1397-03-20,12:29:19,198,1388667,6916866862,4900,5040,4996,5000,4900,-96,-1.92,4981,-15,-0.3
1397-03-19,12:29:40,133,554524,2770568939,4933,5110,5087,5110,4944,-143,-2.81,4996,-91,-1.79
1397-03-13,12:26:23,168,569379,2896446238,5020,5144,5134,5061,5041,-93,-1.81,5087,-47,-0.92
1397-03-12,12:27:51,177,905046,4646222852,5042,5250,5039,5118,5080,41,0.81,5134,95,1.89
1397-03-09,12:29:56,129,420166,2117301285,5016,5138,5032,5100,5060,28,0.56,5039,7,0.14
1397-03-08,12:29:33,301,2669185,13432493828,4971,5186,4957,5064,5011,54,1.09,5032,75,1.51
1397-03-07,12:29:57,368,3185875,15792457448,4910,5089,4955,4920,4986,31,0.63,4957,2,0.04
1397-03-06,12:29:44,95,192724,954917983,4920,5000,5034,4921,4989,-45,-0.89,4955,-79,-1.57
1397-03-05,12:29:50,111,276599,1392410867,4929,5169,5000,5080,4982,-18,-0.36,5034,34,0.68
1397-03-02,12:29:59,147,353390,1767066432,4940,5110,4936,5035,4965,29,0.59,5000,64,1.3
1397-03-01,12:29:04,271,1479797,7303547865,4873,5189,5129,5100,4880,-249,-4.85,4936,-193,-3.76
1397-02-31,12:27:19,111,397999,2041321053,5100,5288,5231,5135,5180,-51,-0.97,5129,-102,-1.95
1397-02-30,12:29:57,190,866713,4533661125,5133,5366,5281,5302,5170,-111,-2.1,5231,-50,-0.95
1397-02-29,12:29:58,195,912959,4821319294,5180,5400,5241,5180,5220,-21,-0.4,5281,40,0.76
1397-02-26,12:29:32,175,1593085,8349221794,5150,5288,5235,5288,5183,-52,-0.99,5241,6,0.11
1397-02-25,12:29:36,146,547317,2865322879,5167,5329,5213,5299,5200,-13,-0.25,5235,22,0.42
1397-02-24,12:29:46,102,530635,2766026580,5161,5380,5228,5380,5206,-22,-0.42,5213,-15,-0.29
1397-02-23,12:29:50,212,1185635,6198139368,5150,5499,5324,5369,5170,-154,-2.89,5228,-96,-1.8
1397-02-22,12:29:58,390,3950638,21033892080,5000,5330,5077,5000,5330,253,4.98,5324,247,4.87
1397-02-19,12:29:31,113,413150,2097521111,5058,5259,5257,5058,5127,-130,-2.47,5077,-180,-3.42
1397-02-18,12:29:57,131,596335,3135075064,5091,5347,5119,5188,5340,221,4.32,5257,138,2.7
1397-02-17,12:29:32,74,114030,583752120,5012,5300,5125,5200,5188,63,1.23,5119,-6,-0.12
1397-02-16,15:03:42,110,418524,2145101793,5070,5320,5266,5200,5080,-186,-3.53,5125,-141,-2.68
1397-02-15,12:29:59,86,313538,1651084794,5244,5528,5520,5528,5250,-270,-4.89,5266,-254,-4.6
1397-02-11,15:05:58,103,336303,1856274210,5221,5587,5440,5221,5400,-40,-0.74,5520,80,1.47
1397-02-10,12:29:55,190,698548,3799874994,5204,5546,5332,5300,5422,90,1.69,5440,108,2.03
1397-02-09,12:25:36,141,584161,3114929309,5320,5600,5599,5600,5320,-279,-4.98,5332,-267,-4.77
1397-02-08,12:29:58,195,1288821,7215469374,5454,5799,5629,5540,5454,-175,-3.11,5599,-30,-0.53
1397-02-05,12:27:18,375,3231107,18186811188,5400,5637,5369,5412,5637,268,4.99,5629,260,4.84
1397-02-04,12:28:53,236,2958365,15884742003,5180,5468,5208,5180,5468,260,4.99,5369,161,3.09
1397-02-03,12:29:55,98,242591,1263377866,5160,5399,5338,5399,5160,-178,-3.33,5208,-130,-2.44
1397-02-02,12:28:48,302,1263650,6745112846,5258,5550,5534,5500,5399,-135,-2.44,5338,-196,-3.54
1397-02-01,12:29:50,277,2618575,14491130300,5342,5789,5176,5525,5497,321,6.2,5534,358,6.92
1397-01-29,06:30:12,0,0,0,0,0,5176,0,5176,0,0.0,5176,0,0.0
1397-01-28,06:30:13,0,0,0,0,0,5176,0,5176,0,0.0,5176,0,0.0
1397-01-27,15:12:10,0,0,0,0,0,5176,5176,5176,0,0.0,5176,0,0.0
1397-01-26,12:22:58,85,1106959,5729619784,5176,5176,4930,5176,5176,246,4.99,5176,246,4.99
1397-01-22,12:29:55,231,912151,4497121577,4780,5039,4848,5000,4927,79,1.63,4930,82,1.69
1397-01-21,12:17:16,84,477866,2316926478,4800,4851,4620,4830,4851,231,5.0,4848,228,4.94
1397-01-20,12:29:05,153,768193,3549300482,4600,4879,4791,4600,4606,-185,-3.86,4620,-171,-3.57
1397-01-19,12:25:04,196,761990,3650680328,4745,4901,4994,4900,4745,-249,-4.99,4791,-203,-4.06
1397-01-18,12:29:59,122,467408,2334329677,4900,5140,5021,5097,4989,-32,-0.64,4994,-27,-0.54
1397-01-15,12:28:47,35,108788,546232403,4914,5085,5014,5000,5064,50,1.0,5021,7,0.14
1397-01-14,12:28:48,36,44806,224677452,4891,5089,4957,5089,5066,109,2.2,5014,57,1.15
1397-01-08,12:29:52,86,143062,709213748,4800,5030,4812,4952,4910,98,2.04,4957,145,3.01
1397-01-07,12:04:33,96,269293,1295870511,4800,4995,4942,4900,4946,4,0.08,4812,-130,-2.63
1397-01-06,12:29:01,152,455319,2250400442,4897,5184,5154,5184,4970,-184,-3.57,4942,-212,-4.11
1397-01-05,12:29:51,37,87937,453223914,5100,5483,5222,5483,5185,-37,-0.71,5154,-68,-1.3
1396-12-28,12:29:40,186,4093283,21376557294,4935,5297,4805,4998,5200,395,8.22,5222,417,8.68
1396-12-27,12:26:58,167,664512,3193289810,4750,4900,4980,4900,4750,-230,-4.62,4805,-175,-3.51
1396-12-26,12:29:52,118,426314,2122867706,4922,5000,5125,5000,4970,-155,-3.02,4980,-145,-2.83
1396-12-23,12:29:54,1670,15426003,79052603614,5112,5319,5156,5131,5133,-23,-0.45,5125,-31,-0.6
1396-12-22,12:29:56,161,536052,2764049724,5125,5240,5222,5125,5150,-72,-1.38,5156,-66,-1.26
1396-12-21,12:29:57,234,692467,3616007145,5100,5368,5294,5150,5202,-92,-1.74,5222,-72,-1.36
1396-12-20,12:29:52,367,1330391,7043162694,5108,5388,5144,5200,5202,58,1.13,5294,150,2.92
1396-12-19,12:28:47,443,2743177,14111882713,4853,5161,4916,4853,5161,245,4.98,5144,228,4.64
1396-12-16,12:29:56,186,633949,3116532844,4820,5096,5059,5096,4889,-170,-3.36,4916,-143,-2.83
1396-12-15,12:29:21,204,654711,3312448892,4909,5194,5094,5194,4909,-185,-3.63,5059,-35,-0.69
1396-12-14,12:29:55,488,2018554,10283315395,4849,5189,4971,5138,5080,109,2.19,5094,123,2.47
1396-12-13,12:08:09,151,1513957,7526177157,4969,4972,4736,4969,4972,236,4.98,4971,235,4.96
1396-12-12,12:29:44,312,2359122,11172553236,4516,4776,4549,4516,4776,227,4.99,4736,187,4.11
1396-12-09,12:26:06,96,292272,1329572487,4523,4638,4577,4626,4530,-47,-1.03,4549,-28,-0.61
1396-12-08,12:29:58,66,217661,996172473,4512,4679,4553,4512,4600,47,1.03,4577,24,0.53
1396-12-07,12:29:56,188,407278,1854133431,4500,4688,4599,4609,4520,-79,-1.72,4553,-46,-1.0
1396-12-06,12:29:46,97,161952,744774931,4481,4630,4587,4629,4610,23,0.5,4599,12,0.26
1396-12-05,12:28:20,95,259419,1189894438,4470,4629,4559,4470,4555,-4,-0.09,4587,28,0.61
1396-12-02,12:29:51,89,412196,1879349071,4504,4600,4605,4573,4520,-85,-1.85,4559,-46,-1.0
1396-11-30,12:28:27,67,123505,568753586,4462,4669,4532,4528,4610,78,1.72,4605,73,1.61
1396-11-29,12:25:10,116,461806,2092774212,4500,4696,4681,4695,4590,-91,-1.94,4532,-149,-3.18
1396-11-28,12:29:58,165,931468,4360583377,4570,4809,4691,4809,4600,-91,-1.94,4681,-10,-0.21
1396-11-25,12:18:48,316,2695297,12643676172,4420,4713,4489,4554,4713,224,4.99,4691,202,4.5
1396-11-24,12:27:33,126,717299,3219758588,4410,4600,4492,4580,4500,8,0.18,4489,-3,-0.07
1396-11-23,12:29:33,410,3271299,14693897240,4381,4638,4418,4382,4519,101,2.29,4492,74,1.67
1396-11-21,12:28:55,398,1431282,6322711940,4378,4600,4608,4600,4396,-212,-4.6,4418,-190,-4.12
1396-11-18,12:29:48,381,1606148,7401181563,4561,4672,4684,4620,4585,-99,-2.11,4608,-76,-1.62
1396-11-17,12:29:56,116,446207,2090163353,4666,4765,4768,4764,4676,-92,-1.93,4684,-84,-1.76
1396-11-16,12:29:38,166,1066705,5085695092,4682,4899,4798,4890,4700,-98,-2.04,4768,-30,-0.63
1396-11-15,12:29:43,85,335954,1611961396,4757,4949,4900,4758,4890,-10,-0.2,4798,-102,-2.08
1396-11-14,12:29:32,39,126521,619935833,4850,5100,4965,5000,4900,-65,-1.31,4900,-65,-1.31
1396-11-11,12:28:36,63,269546,1338395897,4818,5048,4891,4920,4881,-10,-0.2,4965,74,1.51
1396-11-10,12:29:32,47,157635,770922851,4861,4988,4985,4879,4864,-121,-2.43,4891,-94,-1.89
1396-11-09,12:27:45,123,627195,3126594207,4820,5147,4956,5000,5011,55,1.11,4985,29,0.59
1396-11-08,12:23:52,148,556032,2755543829,4940,5200,5200,5200,4950,-250,-4.81,4956,-244,-4.69
1396-11-07,12:29:42,163,686951,3572363399,5012,5242,4993,5242,5091,98,1.96,5200,207,4.15
1396-11-04,12:21:57,42,240802,1202324386,4993,4993,4756,4993,4993,237,4.98,4993,237,4.98
1396-11-03,12:29:49,145,665420,3164656689,4520,4799,4571,4555,4799,228,4.99,4756,185,4.05
1396-11-02,12:28:13,193,896854,4099105011,4453,4706,4591,4706,4600,9,0.2,4571,-20,-0.44
1396-11-01,12:29:45,193,642145,2948013454,4495,4690,4718,4680,4550,-168,-3.56,4591,-127,-2.69
1396-10-30,12:28:17,109,279379,1318121055,4650,4867,4729,4675,4690,-39,-0.82,4718,-11,-0.23
1396-10-27,12:29:56,189,553552,2617886202,4669,4850,4907,4850,4754,-153,-3.12,4729,-178,-3.63
1396-10-26,12:18:42,40,153495,753150043,4880,5078,4886,5078,4891,5,0.1,4907,21,0.43
1396-10-25,11:48:05,78,296730,1449740420,4870,5176,5037,4903,5149,112,2.22,4886,-151,-3.0
1396-10-24,12:29:55,18,35605,179334620,5000,5140,5127,5140,5000,-127,-2.48,5037,-90,-1.76
1396-10-23,12:29:46,18,38500,197387242,5022,5280,5031,5275,5063,32,0.64,5127,96,1.91
1396-10-20,12:29:58,26,18438,92763370,4877,5200,5120,5200,5199,79,1.54,5031,-89,-1.74
1396-10-19,12:27:22,66,220871,1130962625,5100,5235,5356,5200,5120,-236,-4.41,5120,-236,-4.41
1396-10-18,12:29:45,32,112237,601162741,5148,5449,5379,5379,5148,-231,-4.29,5356,-23,-0.43
1396-10-17,12:29:43,63,310039,1667684814,4951,5389,5135,4951,5350,215,4.19,5379,244,4.75
1396-10-16,12:29:31,79,222136,1140651130,4822,5220,4972,4901,5220,248,4.99,5135,163,3.28
1396-10-13,12:23:33,63,176921,879642506,4905,5000,5016,5000,4958,-58,-1.16,4972,-44,-0.88
1396-10-12,12:29:49,84,269150,1350013880,4956,5190,5158,5010,5060,-98,-1.9,5016,-142,-2.75
1396-10-11,12:27:11,53,108477,559517205,5053,5272,5249,5200,5055,-194,-3.7,5158,-91,-1.73
1396-10-10,12:28:51,112,433965,2277900864,5241,5426,5516,5426,5317,-199,-3.61,5249,-267,-4.84
1396-10-09,12:29:59,49,63602,350839155,5472,5697,5597,5500,5480,-117,-2.09,5516,-81,-1.45
1396-10-06,12:28:02,96,76633,428931889,5507,5765,5627,5765,5545,-82,-1.46,5597,-30,-0.53
1396-10-05,12:29:29,110,402659,2265816434,5500,5807,5670,5700,5500,-170,-3.0,5627,-43,-0.76
1396-10-04,12:26:24,115,479203,2716967578,5600,5900,5724,5800,5809,85,1.48,5670,-54,-0.94
1396-10-03,12:29:55,91,418815,2397461203,5700,5997,5827,5997,5798,-29,-0.5,5724,-103,-1.77
1396-10-02,12:29:35,61,164934,961030499,5704,5929,5970,5850,5790,-180,-3.02,5827,-143,-2.4
1396-09-29,12:29:59,72,141180,842808450,5868,6042,6043,6007,5871,-172,-2.85,5970,-73,-1.21
1396-09-28,12:28:19,70,121817,736089299,6010,6150,6074,6050,6080,6,0.1,6043,-31,-0.51
1396-09-27,12:29:02,93,203606,1236703339,5990,6180,6139,6169,6001,-138,-2.25,6074,-65,-1.06
1396-09-26,12:29:57,134,508987,3124576549,6002,6199,5906,6199,6100,194,3.28,6139,233,3.95
1396-09-25,12:19:45,104,340980,2013873209,5611,5991,5706,5988,5991,285,4.99,5906,200,3.51
1396-09-24,13:46:11,0,0,0,0,0,5706,0,5708,0,0.0,5706,0,0.0
1396-09-23,10:36:12,0,0,0,0,0,5706,0,5708,0,0.0,5706,0,0.0
1396-09-22,12:28:44,179,635780,3627996943,5690,5803,5905,5800,5708,-197,-3.34,5706,-199,-3.37
1396-09-21,12:29:54,125,444173,2622874401,5800,6000,6029,5869,5800,-229,-3.8,5905,-124,-2.06
1396-09-20,12:28:55,182,618535,3729363398,5911,6396,6175,6396,5950,-225,-3.64,6029,-146,-2.36
1396-09-19,12:29:42,163,844789,5216950509,6100,6305,5941,6190,6200,259,4.36,6175,234,3.94
1396-09-18,06:30:13,0,0,0,0,0,5941,0,17970,0,0.0,5941,0,0.0
1396-09-14,06:30:12,0,0,0,0,0,5941,0,17970,0,0.0,5941,0,0.0
1396-09-13,06:30:12,0,0,0,0,0,5941,0,17970,0,0.0,5941,0,0.0
1396-09-12,06:30:11,0,0,0,0,0,17824,0,17970,0,0.0,17824,0,0.0
1396-09-11,06:30:13,0,0,0,0,0,17824,0,17970,0,0.0,17824,0,0.0
1396-09-08,06:30:12,0,0,0,0,0,17824,0,17970,0,0.0,17824,0,0.0
1396-09-07,06:30:13,0,0,0,0,0,17824,0,17970,0,0.0,17824,0,0.0
1396-09-05,06:30:12,0,0,0,0,0,17824,0,17970,0,0.0,17824,0,0.0
1396-09-04,06:30:12,0,0,0,0,0,17824,0,17970,0,0.0,17824,0,0.0
1396-09-01,12:29:59,213,603848,10762795603,17690,18000,17948,17860,17970,22,0.12,17824,-124,-0.69
1396-08-30,12:29:37,224,445966,8004161806,17850,18350,18300,18100,17970,-330,-1.8,17948,-352,-1.92
1396-08-29,12:29:55,112,376290,6886132406,17959,18480,18294,18150,18110,-184,-1.01,18300,6,0.03
1396-08-27,12:29:38,80,163344,2988191671,17780,18500,18333,17780,18031,-302,-1.65,18294,-39,-0.21
1396-08-24,12:25:44,13,16917,310133779,18012,18500,18187,18500,18012,-175,-0.96,18333,146,0.8
1396-08-23,06:30:12,0,0,0,0,0,18187,0,18200,0,0.0,18187,0,0.0
1396-08-22,06:30:12,0,0,0,0,0,18187,0,18200,0,0.0,18187,0,0.0
1396-08-21,06:30:13,0,0,0,0,0,18187,0,18200,0,0.0,18187,0,0.0
1396-08-20,06:30:12,0,0,0,0,0,18187,0,18200,0,0.0,18187,0,0.0
1396-08-17,06:30:11,0,0,0,0,0,18187,0,18200,0,0.0,18187,0,0.0
1396-08-16,12:29:42,219,220817,4016067687,17774,18550,18081,17950,18200,119,0.66,18187,106,0.59
1396-08-15,16:36:44,139,308932,5585763648,18000,18500,18742,18401,18000,-742,-3.96,18081,-661,-3.53
1396-08-14,12:29:58,102,136225,2553067159,18200,19228,18615,19000,18463,-152,-0.82,18742,127,0.68
1396-08-13,12:25:41,194,187630,3492739656,17902,18998,18454,18270,18980,526,2.85,18615,161,0.87
1396-08-10,12:29:27,210,341205,6296498576,18123,19138,18872,18801,18699,-173,-0.92,18454,-418,-2.21
1396-08-09,12:29:54,224,494677,9335497266,18724,19900,19709,19890,18801,-908,-4.61,18872,-837,-4.25
1396-08-08,12:29:52,125,95716,1886490886,19475,20899,20410,20899,19780,-630,-3.09,19709,-701,-3.43
1396-08-07,12:29:57,274,318216,6494673666,20188,21000,21250,21000,20191,-1059,-4.98,20410,-840,-3.95
1396-08-06,12:29:59,175,307378,6531913757,20904,21550,20723,20995,21001,278,1.34,21250,527,2.54
1396-08-03,12:28:45,650,2678022,55496102853,19200,20996,19997,19500,20996,999,5.0,20723,726,3.63
1396-08-02,12:29:50,239,768292,15363619132,19400,20490,19520,20000,19400,-120,-0.61,19997,477,2.44
1396-08-01,12:29:57,333,1551824,30292276912,19006,19899,18841,19899,19895,1054,5.59,19520,679,3.6
1396-07-30,06:30:12,0,0,0,0,0,19001,0,19118,0,0.0,19001,0,0.0
1396-07-29,06:30:13,0,0,0,0,0,19001,0,19118,0,0.0,19001,0,0.0
1396-07-26,06:30:11,0,0,0,0,0,19001,0,19118,0,0.0,19001,0,0.0
1396-07-25,12:29:55,520,2150779,40866021963,18210,19118,18208,18470,19118,910,5.0,19001,793,4.36
1396-07-24,12:29:05,343,1122161,20432439314,17515,18499,17676,17874,18499,823,4.66,18208,532,3.01
1396-07-23,12:29:55,186,322091,5693287467,17300,18487,18201,18487,17502,-699,-3.84,17676,-525,-2.88
1396-07-22,12:29:56,128,211004,3840560944,17912,19000,18583,18999,18000,-583,-3.14,18201,-382,-2.06
1396-07-19,12:25:19,593,2979777,55371830306,17077,18774,17880,18700,18774,894,5.0,18583,703,3.93
1396-07-18,12:19:06,25,32798,586428240,17880,17880,17029,17880,17880,851,5.0,17880,851,5.0
1396-07-17,12:29:43,63,421386,7175743635,16339,17155,16339,16339,17155,816,4.99,17029,690,4.22
1396-07-16,12:29:32,9,14370,234794700,16199,16389,16129,16389,16200,71,0.44,16339,210,1.3
1396-07-15,06:30:13,0,0,0,0,0,16129,0,16200,0,0.0,16129,0,0.0
1396-07-12,06:30:11,0,0,0,0,0,16129,0,16200,0,0.0,16129,0,0.0
1396-07-11,12:29:40,124,134149,2163721151,16000,16890,16753,16500,16200,-553,-3.3,16129,-624,-3.72
1396-07-10,12:29:59,143,344238,5766951670,16403,17765,17266,17765,16500,-766,-4.44,16753,-513,-2.97
1396-07-05,12:28:56,120,133833,2310748088,16790,17699,16913,17000,17430,517,3.06,17266,353,2.09
1396-07-04,12:29:58,108,192033,3247768241,16738,17429,17183,17429,16912,-271,-1.58,16913,-270,-1.57
1396-07-03,12:27:01,171,342830,5890984858,16901,17800,17501,17800,17000,-501,-2.86,17183,-318,-1.82
1396-07-02,12:27:06,102,156477,2738443898,17400,17740,17730,17601,17600,-130,-0.73,17501,-229,-1.29
1396-07-01,12:28:21,81,158153,2804057857,17561,18000,18282,18000,17850,-432,-2.36,17730,-552,-3.02
1396-06-29,12:29:18,83,350320,6404474522,17810,18649,18586,17901,18190,-396,-2.13,18282,-304,-1.64
1396-06-28,12:30:00,140,270687,5030932104,18000,18888,17991,18402,18495,504,2.8,18586,595,3.31
1396-06-27,12:29:49,94,114426,2058645619,17393,18347,17474,17500,18347,873,5.0,17991,517,2.96
1396-06-26,12:29:58,203,406148,7096966918,17317,18497,18228,17500,17600,-628,-3.45,17474,-754,-4.14
1396-06-25,12:29:03,118,193507,3527202562,18123,18757,19076,18708,18123,-953,-5.0,18228,-848,-4.45
1396-06-22,12:29:42,96,90724,1730647036,18816,19400,19324,19400,18865,-459,-2.38,19076,-248,-1.28
1396-06-21,12:29:58,105,272312,5262159878,18901,19628,18829,19199,19428,599,3.18,19324,495,2.63
1396-06-20,12:09:33,100,140195,2639726516,18200,19379,19031,19379,19099,68,0.36,18829,-202,-1.06
1396-06-19,12:27:58,148,263722,5018931394,18969,19900,19967,19900,18969,-998,-5.0,19031,-936,-4.69
1396-06-15,12:29:01,87,141831,2831933019,19801,20249,20231,20240,19801,-430,-2.13,19967,-264,-1.3
1396-06-14,12:28:49,161,364884,7382004016,19810,20450,20204,20189,20238,34,0.17,20231,27,0.13
1396-06-13,12:29:47,227,442372,8937854962,19710,20598,19671,19677,20041,370,1.88,20204,533,2.71
1396-06-12,12:29:59,242,367740,7233779456,19511,20340,20367,19888,20340,-27,-0.13,19671,-696,-3.42
1396-06-11,12:30:00,486,3058205,62287622308,19500,21100,17113,20514,19887,2774,16.21,20367,3254,19.01
1396-06-08,06:30:11,0,0,0,0,0,17113,0,17113,0,0.0,17113,0,0.0
1396-06-07,06:30:11,0,0,0,0,0,17113,0,17113,0,0.0,17113,0,0.0
1396-06-06,06:30:13,0,0,0,0,0,17113,0,17113,0,0.0,17113,0,0.0
1396-06-05,06:30:11,0,0,0,0,0,17113,0,17113,0,0.0,17113,0,0.0
1396-06-04,06:30:13,0,0,0,0,0,17113,0,17113,0,0.0,17113,0,0.0
1396-06-01,06:30:11,0,0,0,0,0,17113,0,17113,0,0.0,17113,0,0.0
1396-05-31,06:30:11,0,0,0,0,0,17113,0,17113,0,0.0,17113,0,0.0
1396-05-30,06:30:12,0,0,0,0,0,17113,0,17113,0,0.0,17113,0,0.0
1396-05-29,06:30:13,0,0,0,0,0,17113,0,17113,0,0.0,17113,0,0.0
1396-05-28,06:30:13,0,0,0,0,0,17113,0,17113,0,0.0,17113,0,0.0
1396-05-25,06:30:11,0,0,0,0,0,17113,0,17113,0,0.0,17113,0,0.0
1396-05-24,06:30:12,0,0,0,0,0,17113,0,17113,0,0.0,17113,0,0.0
1396-05-23,06:30:13,0,0,0,0,0,17113,0,17113,0,0.0,17113,0,0.0
1396-05-22,06:30:13,0,0,0,0,0,17113,0,17113,0,0.0,17113,0,0.0
1396-05-21,06:30:13,0,0,0,0,0,17113,0,17113,0,0.0,17113,0,0.0
1396-05-18,06:30:12,0,0,0,0,0,17113,0,17113,0,0.0,17113,0,0.0
1396-05-17,06:30:12,0,0,0,0,0,17113,0,17113,0,0.0,17113,0,0.0
1396-05-16,06:30:12,0,0,0,0,0,17113,0,17113,0,0.0,17113,0,0.0
1396-05-15,06:30:12,0,0,0,0,0,17113,0,17113,0,0.0,17113,0,0.0
1396-05-11,06:30:11,0,0,0,0,0,17113,0,17113,0,0.0,17113,0,0.0
1396-05-10,06:30:11,0,0,0,0,0,17113,0,17113,0,0.0,17113,0,0.0
1396-05-09,06:30:12,0,0,0,0,0,17113,0,17113,0,0.0,17113,0,0.0
1396-05-08,06:30:11,0,0,0,0,0,17113,0,17113,0,0.0,17113,0,0.0
1396-05-07,06:30:12,0,0,0,0,0,17113,0,17113,0,0.0,17113,0,0.0
1396-05-04,06:30:11,0,0,0,0,0,17113,0,17113,0,0.0,17113,0,0.0
1396-05-03,06:30:13,0,0,0,0,0,17113,0,17113,0,0.0,17113,0,0.0
1396-05-02,06:30:12,0,0,0,0,0,17113,0,17113,0,0.0,17113,0,0.0
1396-05-01,06:30:12,0,0,0,0,0,17113,0,17113,0,0.0,17113,0,0.0
1396-04-31,06:30:12,0,0,0,0,0,17113,0,17113,0,0.0,17113,0,0.0
1396-04-28,03:56:04,0,0,0,0,0,17113,0,17113,0,0.0,17113,0,0.0
1396-04-27,06:30:12,0,0,0,0,0,17113,0,17113,0,0.0,17113,0,0.0
1396-04-26,06:30:13,0,0,0,0,0,17113,0,17113,0,0.0,17113,0,0.0
1396-04-25,06:30:13,0,0,0,0,0,17113,0,17113,0,0.0,17113,0,0.0
1396-04-24,06:30:14,0,0,0,0,0,17113,0,17113,0,0.0,17113,0,0.0
1396-04-21,06:30:12,0,0,0,0,0,17113,0,17113,0,0.0,17113,0,0.0
1396-04-20,06:30:13,0,0,0,0,0,17113,0,17113,0,0.0,17113,0,0.0
1396-04-19,06:30:14,0,0,0,0,0,17113,0,17113,0,0.0,17113,0,0.0
1396-04-18,06:30:12,0,0,0,0,0,17113,0,17113,0,0.0,17113,0,0.0
1396-04-17,06:30:14,0,0,0,0,0,17113,0,17113,0,0.0,17113,0,0.0
1396-04-14,06:30:13,0,0,0,0,0,17113,0,17113,0,0.0,17113,0,0.0
1396-04-13,06:30:12,0,0,0,0,0,17113,0,17113,0,0.0,17113,0,0.0
1396-04-12,06:30:13,0,0,0,0,0,17113,0,17113,0,0.0,17113,0,0.0
1396-04-11,06:30:12,0,0,0,0,0,17113,0,17113,0,0.0,17113,0,0.0
1396-04-10,06:30:14,0,0,0,0,0,17113,0,17113,0,0.0,17113,0,0.0
1396-04-07,06:30:13,0,0,0,0,0,17113,0,17113,0,0.0,17113,0,0.0
1396-04-04,06:30:13,0,0,0,0,0,17113,0,17113,0,0.0,17113,0,0.0
1396-04-03,06:30:13,0,0,0,0,0,17113,0,17113,0,0.0,17113,0,0.0
1396-03-31,12:29:33,81,912740,15619719620,17113,17113,16299,17113,17113,814,4.99,17113,814,4.99
1396-03-30,12:29:35,241,2153112,35093420558,16229,16299,15523,16299,16299,776,5.0,16299,776,5.0
1396-03-29,12:08:55,58,474721,7369092333,15522,15523,14784,15523,15523,739,5.0,15523,739,5.0
1396-03-28,12:29:55,326,1491663,22053364774,14561,15690,15327,15044,14710,-617,-4.03,14784,-543,-3.54
1396-03-27,12:29:22,128,480105,7358624582,15000,15800,15588,15800,15800,212,1.36,15327,-261,-1.67
1396-03-24,12:29:50,64,127562,1988466059,15063,15800,15386,15780,15790,404,2.63,15588,202,1.31
1396-03-23,12:29:47,23,80486,1238356190,15010,15800,15396,15010,15039,-357,-2.32,15386,-10,-0.06
1396-03-22,12:28:15,15,4929,75888633,15051,15998,15783,15051,15899,116,0.73,15396,-387,-2.45
1396-03-21,12:25:50,16,53726,847933580,15266,15950,15686,15268,15950,264,1.68,15783,97,0.62
1396-03-20,12:27:46,21,13566,212799720,15502,16454,15703,16454,16000,297,1.89,15686,-17,-0.11
1396-03-17,12:29:37,58,127546,2002867173,15535,16880,16351,16000,15543,-808,-4.94,15703,-648,-3.96
1396-03-16,12:29:56,89,421185,6886989209,15781,16990,16611,16500,16007,-604,-3.64,16351,-260,-1.57
1396-03-13,11:27:32,38,62840,1043835008,16500,17210,16730,16790,16500,-230,-1.37,16611,-119,-0.71
1396-03-10,12:29:56,54,56151,939415992,16501,17176,17033,16750,16505,-528,-3.1,16730,-303,-1.78
1396-03-09,12:29:41,86,377985,6438132058,16300,17398,17067,17398,17153,86,0.5,17033,-34,-0.2
1396-03-08,12:19:56,50,163741,2794548106,16737,17329,16882,17329,17090,208,1.23,17067,185,1.1
1396-03-07,12:22:11,82,271370,4581181293,16670,17190,16454,16886,17122,668,4.06,16882,428,2.6
1396-03-06,12:29:59,1,156,2574624,16504,16504,16454,16504,16504,50,0.3,16454,0,0.0
1396-03-03,06:30:13,0,0,0,0,0,16454,0,16500,0,0.0,16454,0,0.0
1396-03-02,06:30:13,0,0,0,0,0,16454,0,16500,0,0.0,16454,0,0.0
1396-03-01,06:30:13,0,0,0,0,0,16454,0,16500,0,0.0,16454,0,0.0
1396-02-31,06:30:12,0,0,0,0,0,16454,0,16500,0,0.0,16454,0,0.0
1396-02-30,06:30:13,0,0,0,0,0,16454,0,16500,0,0.0,16454,0,0.0
1396-02-27,06:30:12,0,0,0,0,0,16454,0,16500,0,0.0,16454,0,0.0
1396-02-26,12:25:43,33,49608,816255020,16201,16899,16914,16201,16500,-414,-2.45,16454,-460,-2.72
1396-02-25,12:13:02,18,14551,246122456,16400,17197,16617,17197,16950,333,2.0,16914,297,1.79
1396-02-24,12:29:28,66,288773,4798489509,16450,17441,17315,17441,16899,-416,-2.4,16617,-698,-4.03
1396-02-23,12:26:25,133,375028,6493585364,16700,17531,16697,17000,16700,3,0.02,17315,618,3.7
1396-02-20,12:29:47,120,845319,14114233025,16202,17300,16695,16202,17050,355,2.13,16697,2,0.01
1396-02-19,12:29:43,92,338644,5653798762,16070,17164,16347,16070,16370,23,0.14,16695,348,2.13
1396-02-18,12:29:44,98,202809,3315241456,16115,16785,16894,16119,16408,-486,-2.88,16347,-547,-3.24
1396-02-17,12:28:29,170,730419,12340061641,16851,17475,17737,16906,16851,-886,-5.0,16894,-843,-4.75
1396-02-16,12:28:59,196,605084,10732237607,16902,17897,17045,17690,17100,55,0.32,17737,692,4.06
1396-02-13,12:24:06,197,1493500,25456274372,16700,17095,16281,16700,17095,814,5.0,17045,764,4.69
1396-02-12,12:29:59,146,319746,5205886150,15955,16357,15579,15995,16357,778,4.99,16281,702,4.51
1396-02-11,12:29:42,202,627007,9768078081,15157,15919,15161,15161,15919,758,5.0,15579,418,2.76
1396-02-10,12:29:40,204,598484,9073715767,14900,15800,15361,15111,14900,-461,-3.0,15161,-200,-1.3
1396-02-09,12:29:59,214,588669,9042645947,15143,15999,15939,15999,15150,-789,-4.95,15361,-578,-3.63
1396-02-06,12:28:49,111,601895,9593618267,15500,16200,16000,16000,15500,-500,-3.13,15939,-61,-0.38
1396-02-04,12:29:59,98,289247,4627996087,15599,16100,16069,16069,15599,-470,-2.92,16000,-69,-0.43
1396-02-03,12:29:19,184,622614,10004585266,15810,16500,16546,16320,15900,-646,-3.9,16069,-477,-2.88
1396-02-02,12:29:40,98,269258,4455249349,16320,16990,16561,16990,16355,-206,-1.24,16546,-15,-0.09
1396-01-30,12:29:55,55,96390,1596296402,16359,16611,16854,16359,16560,-294,-1.74,16561,-293,-1.74
1396-01-29,12:29:35,64,305103,5142269858,16550,17190,16806,16950,16718,-88,-0.52,16854,48,0.29
1396-01-28,12:28:21,118,526089,8841626730,16314,17080,16821,16500,16999,178,1.06,16806,-15,-0.09
1396-01-27,12:29:14,121,363366,6112181962,16314,17170,17172,17170,16332,-840,-4.89,16821,-351,-2.04
1396-01-26,12:29:54,112,369132,6338658384,16502,17687,17174,17249,16502,-672,-3.91,17172,-2,-0.01
1396-01-23,12:29:30,82,201519,3460877902,16553,17600,16952,17087,17200,248,1.46,17174,222,1.31
1396-01-21,12:29:59,328,1473528,24978974415,16000,17088,16275,16276,16960,685,4.21,16952,677,4.16
1396-01-20,12:28:31,86,278022,4524718932,16018,16500,16017,16018,16111,94,0.59,16275,258,1.61
1396-01-19,12:29:42,181,538467,8624804869,15262,16400,15909,15262,16297,388,2.44,16017,108,0.68
1396-01-16,12:23:43,68,204825,3258626906,15660,16079,15829,16000,15660,-169,-1.07,15909,80,0.51
1396-01-15,12:29:58,133,588312,9312214070,15261,16089,15365,15261,15999,634,4.13,15829,464,3.02
1396-01-14,12:29:52,126,203896,3132766052,15278,16297,15585,16297,15300,-285,-1.83,15365,-220,-1.41
1396-01-09,12:27:44,71,211861,3301810942,15411,15900,15572,15500,15531,-41,-0.26,15585,13,0.08
1396-01-08,12:29:55,90,177795,2768665120,15500,16400,15806,16400,15510,-296,-1.87,15572,-234,-1.48
1396-01-07,12:29:40,92,216105,3415821540,15504,16180,16269,15504,15794,-475,-2.92,15806,-463,-2.85
1396-01-06,12:29:29,164,438971,7141527870,15702,16699,16037,16699,16100,63,0.39,16269,232,1.45
1396-01-05,12:07:57,128,497079,7971804914,15829,16044,15280,15829,16044,764,5.0,16037,757,4.95
1395-12-28,12:28:46,203,1089270,16643687589,14500,15494,14757,14850,15494,737,4.99,15280,523,3.54
1395-12-25,12:29:21,82,210455,3105717965,14500,15000,14850,15000,14504,-346,-2.33,14757,-93,-0.63
1395-12-24,12:29:57,89,199323,2960030801,14500,14999,14775,14887,14900,125,0.85,14850,75,0.51
1395-12-23,12:29:57,105,218799,3232693365,14500,14900,14579,14500,14879,300,2.06,14775,196,1.34
1395-12-22,12:29:15,69,238328,3474525876,14309,14950,14634,14590,14650,16,0.11,14579,-55,-0.38
1395-12-21,12:23:22,36,70901,1037549055,14001,14899,14710,14001,14306,-404,-2.75,14634,-76,-0.52
1395-12-18,12:29:55,97,264475,3890406719,14500,15099,15100,14500,14500,-600,-3.97,14710,-390,-2.58
1395-12-17,12:29:49,333,1977850,29865701831,14750,15110,14391,15110,14990,599,4.16,15100,709,4.93
1395-12-16,12:28:13,46,255058,3670602881,14300,14394,13709,14300,14394,685,5.0,14391,682,4.97
1395-12-15,12:29:37,350,2569212,35220840349,13580,14400,14293,14051,14003,-290,-2.03,13709,-584,-4.09
1395-12-14,12:29:56,88,123288,1762148640,14051,14970,14270,14970,14051,-219,-1.53,14293,23,0.16
1395-12-11,12:29:55,138,432523,6172131381,13999,14600,14005,14001,14500,495,3.53,14270,265,1.89
1395-12-10,12:29:46,158,745046,10434368300,14000,14163,14204,14040,14007,-197,-1.39,14005,-199,-1.4
1395-12-09,12:27:02,74,231973,3294873955,14008,14498,14003,14220,14012,9,0.06,14204,201,1.44
1395-12-08,12:29:16,184,617424,8645940301,13719,14658,14152,14658,14200,48,0.34,14003,-149,-1.05
1395-12-07,12:29:44,192,531921,7527533837,14001,14900,14631,14185,14001,-630,-4.31,14152,-479,-3.27
1395-12-04,12:29:50,254,657463,9619488270,14450,14951,14624,14550,14700,76,0.52,14631,7,0.05
1395-12-03,12:29:43,197,653278,9553650950,14350,15000,15059,14926,14930,-129,-0.86,14624,-435,-2.89
1395-12-02,12:29:57,150,334369,5035126733,14920,15299,14954,15299,14926,-28,-0.19,15059,105,0.7
1395-12-01,12:29:55,239,496736,7428307363,14804,15279,15250,14976,15190,-60,-0.39,14954,-296,-1.94
1395-11-30,12:29:54,202,511673,7803140507,15000,15600,15645,15220,15250,-395,-2.52,15250,-395,-2.52
1395-11-27,12:29:47,357,1615720,25278134128,15090,15765,15015,15090,15556,541,3.6,15645,630,4.2
1395-11-26,12:25:29,376,1453800,21828274553,14700,15147,14426,14719,15147,721,5.0,15015,589,4.08
1395-11-25,12:29:49,301,1772772,25573445089,14200,15080,14559,14669,14501,-58,-0.4,14426,-133,-0.91
1395-11-24,12:28:30,207,820348,11943142650,14324,14799,14739,14769,14500,-239,-1.62,14559,-180,-1.22
1395-11-23,12:29:57,313,1590022,23434927539,14257,14950,14778,14950,14759,-19,-0.13,14739,-39,-0.26
1395-11-20,12:29:50,795,7260015,107291449663,14302,14824,14119,14555,14824,705,4.99,14778,659,4.67
1395-11-19,11:24:00,43,217553,3071623800,14000,14120,13448,14000,14120,672,5.0,14119,671,4.99
1395-11-18,12:29:38,318,2551920,34318499378,13156,14149,13847,13600,13862,15,0.11,13448,-399,-2.88
1395-11-17,12:29:55,202,688968,9539994284,13350,14289,14036,14050,14002,-34,-0.24,13847,-189,-1.35
1395-11-16,12:29:58,205,588166,8255661996,13901,14700,14607,14700,13904,-703,-4.81,14036,-571,-3.91
1395-11-13,12:29:51,395,1315506,19215786504,13920,14745,14043,14000,14419,376,2.68,14607,564,4.02
1395-11-12,12:29:54,562,3656515,51349584942,13500,14112,13440,14112,14000,560,4.17,14043,603,4.49
1395-11-11,12:13:43,52,166689,2240305528,13399,13464,12823,13400,13464,641,5.0,13440,617,4.81
1395-11-10,12:11:34,267,2144152,27494057749,12301,12996,12378,12740,12996,618,4.99,12823,445,3.6
1395-11-09,12:29:59,140,345711,4279068735,12260,12690,12693,12679,12370,-323,-2.54,12378,-315,-2.48
1395-11-06,12:29:06,154,566549,7190974832,12531,13100,12751,13075,12531,-220,-1.73,12693,-58,-0.45
1395-11-05,12:17:15,334,1834502,23392368583,12390,12877,12264,12390,12877,613,5.0,12751,487,3.97
1395-11-04,12:28:57,479,1920763,23556920476,12164,12705,12804,12421,12164,-640,-5.0,12264,-540,-4.22
1395-11-03,12:13:07,124,341664,4374720229,12705,13150,13373,13150,12705,-668,-5.0,12804,-569,-4.25
1395-11-02,12:29:46,485,1994429,26671020240,12806,13708,13057,13050,12810,-247,-1.89,13373,316,2.42
1395-10-29,12:29:49,386,1642485,21446522630,12804,13154,12528,13020,13000,472,3.77,13057,529,4.22
1395-10-28,12:29:50,222,1460319,18295253790,12100,12664,12061,12450,12664,603,5.0,12528,467,3.87
1395-10-27,12:29:57,320,1011261,12196398644,11751,12380,12096,11824,12040,-56,-0.46,12061,-35,-0.29
1395-10-26,12:27:41,453,2043930,24723461669,11603,12115,11539,12115,12115,576,4.99,12096,557,4.83
1395-10-25,12:18:19,135,867520,10010514745,11400,11551,11001,11490,11551,550,5.0,11539,538,4.89
1395-10-22,12:29:47,105,246146,2707792399,10800,11298,11063,11060,11000,-63,-0.57,11001,-62,-0.56
1395-10-20,12:29:53,535,3153196,34884514060,10400,11085,10558,10400,11084,526,4.98,11063,505,4.78
1395-10-19,12:29:39,145,493604,5211375296,10350,10720,10429,10501,10720,291,2.79,10558,129,1.24
1395-10-18,12:28:57,114,355866,3711442402,10201,10682,10502,10679,10525,23,0.22,10429,-73,-0.7
1395-10-15,12:29:45,105,366626,3850283747,10323,10648,10695,10323,10519,-176,-1.65,10502,-193,-1.8
1395-10-14,12:29:20,133,550221,5884647934,10450,10980,10812,10750,10499,-313,-2.89,10695,-117,-1.08
1395-10-13,12:29:36,507,3895133,42115292464,10370,10826,10311,10370,10750,439,4.26,10812,501,4.86
1395-10-12,12:29:53,109,215682,2223973886,10274,10569,10371,10569,10302,-69,-0.67,10311,-60,-0.58
1395-10-11,12:29:52,140,358862,3721855788,10200,10699,10585,10400,10300,-285,-2.69,10371,-214,-2.02
1395-10-08,12:29:49,201,591270,6258743164,10420,11026,10916,10999,10552,-364,-3.33,10585,-331,-3.03
1395-10-07,12:29:56,391,1607072,17543283848,10706,11000,10501,10706,10821,320,3.05,10916,415,3.95
1395-10-06,12:29:43,412,1817876,19090380832,10060,10800,10352,10111,10701,349,3.37,10501,149,1.44
1395-10-05,12:29:24,182,341055,3530768210,10121,10477,10578,10350,10250,-328,-3.1,10352,-226,-2.14
1395-10-04,12:29:44,358,1255579,13282007598,10205,10852,10336,10447,10251,-85,-0.82,10578,242,2.34
1395-10-01,12:24:14,178,1487404,15373606752,10334,10336,9844,10336,10336,492,5.0,10336,492,5.0
1395-09-30,12:29:41,284,3946719,38853024924,9300,10143,9660,9661,10143,483,5.0,9844,184,1.9
1395-09-29,12:29:59,89,220876,2133584488,9450,9900,9908,9800,9450,-458,-4.62,9660,-248,-2.5
1395-09-28,12:29:41,52,122341,1212188241,9701,10098,10120,9850,9800,-320,-3.16,9908,-212,-2.09
1395-09-24,12:29:33,107,244233,2471633980,9900,10249,10156,9999,9903,-253,-2.49,10120,-36,-0.35
1395-09-23,12:29:50,76,134373,1364675538,10050,10260,10151,10260,10051,-100,-0.99,10156,5,0.05
1395-09-22,12:29:37,364,1202068,12202419737,9777,10274,9785,9777,10119,334,3.41,10151,366,3.74
1395-09-21,12:29:27,308,1378594,13490210542,9761,9898,9780,9898,9807,27,0.28,9785,5,0.05
1395-09-20,12:29:22,145,286145,2798465243,9572,9870,9797,9572,9820,23,0.23,9780,-17,-0.17
1395-09-17,12:29:52,182,821844,8051695483,9503,9890,9773,9890,9880,107,1.09,9797,24,0.25
1395-09-16,12:29:59,209,763661,7463116267,9365,9939,9479,9529,9800,321,3.39,9773,294,3.1
1395-09-15,12:29:55,123,307355,2913479891,9300,9536,9423,9487,9480,57,0.6,9479,56,0.59
1395-09-14,12:29:45,124,480037,4523321745,9300,9499,9316,9499,9325,9,0.1,9423,107,1.15
1395-09-13,12:29:45,106,322674,3006106988,9300,9517,9440,9517,9339,-101,-1.07,9316,-124,-1.31
1395-09-09,12:28:03,47,106081,1001374037,9290,9592,9388,9390,9419,31,0.33,9440,52,0.55
1395-09-07,12:29:17,78,222419,2088031451,9368,9469,9458,9401,9429,-29,-0.31,9388,-70,-0.74
1395-09-06,12:29:30,74,119840,1133405315,9400,9600,9429,9599,9400,-29,-0.31,9458,29,0.31
1395-09-03,12:29:24,95,181925,1715296563,9257,9550,9298,9487,9470,172,1.85,9429,131,1.41
1395-09-02,12:29:39,45,43729,406582622,9221,9322,9300,9322,9300,0,0.0,9298,-2,-0.02
1395-09-01,12:25:28,75,189161,1759195194,9250,9600,9511,9600,9321,-190,-2.0,9300,-211,-2.22
1395-08-29,12:29:55,122,466995,4441776771,9086,9670,9399,9400,9452,53,0.56,9511,112,1.19
1395-08-26,12:29:59,71,154932,1456155292,9302,9690,9478,9690,9380,-98,-1.03,9399,-79,-0.83
1395-08-25,12:29:57,157,404829,3837084216,9309,9825,9746,9511,9309,-437,-4.48,9478,-268,-2.75
1395-08-24,12:29:59,138,232004,2261066180,9598,9900,9733,9611,9598,-135,-1.39,9746,13,0.13
1395-08-23,12:28:51,256,1423854,13858139728,9312,9758,9294,9350,9758,464,4.99,9733,439,4.72
1395-08-22,12:29:06,101,188831,1754985039,9025,9360,9067,9025,9350,283,3.12,9294,227,2.5
1395-08-19,12:25:55,273,905205,8207131205,8970,9271,9442,9271,9196,-246,-2.61,9067,-375,-3.97
1395-08-18,12:27:56,99,349483,3299826208,9300,9589,9390,9300,9411,21,0.22,9442,52,0.55
1395-08-17,12:29:29,172,307686,2889126932,9150,9576,9257,9395,9576,319,3.45,9390,133,1.44
1395-08-16,12:29:56,173,334287,3094510690,9092,9500,9396,9500,9171,-225,-2.39,9257,-139,-1.48
1395-08-15,12:29:59,194,411430,3865898877,9088,9689,9565,9401,9220,-345,-3.61,9396,-169,-1.77
1395-08-12,12:29:32,231,567451,5427491960,9223,9700,9501,9223,9500,-1,-0.01,9565,64,0.67
1395-08-11,12:29:36,338,2535074,24086867655,9250,9800,9664,9680,9499,-165,-1.71,9501,-163,-1.69
1395-08-10,12:29:57,382,747878,7227583170,9523,10118,10024,10118,9680,-344,-3.43,9664,-360,-3.59
1395-08-09,12:29:55,182,367354,3682458561,9950,10275,10185,10275,9950,-235,-2.31,10024,-161,-1.58
1395-08-08,12:29:59,338,540446,5504606715,9900,10333,10038,10228,10100,62,0.62,10185,147,1.46
1395-08-07,10:31:10,0,0,0,0,0,10038,0,10025,0,0.0,10038,0,0.0
1395-08-06,10:31:10,0,0,0,0,0,10038,0,10025,0,0.0,10038,0,0.0
1395-08-05,12:30:01,222,562012,5641379501,9901,10197,9936,9950,10025,89,0.9,10038,102,1.03
1395-08-04,12:29:45,322,571310,5676401257,9899,10419,10420,10419,9899,-521,-5.0,9936,-484,-4.64
1395-08-03,12:29:51,248,745071,7763608881,10206,10700,9974,10390,10300,326,3.27,10420,446,4.47
1395-08-02,06:30:31,0,0,0,0,0,10134,0,10199,0,0.0,10134,0,0.0
1395-08-01,06:30:32,0,0,0,0,0,10134,0,10199,0,0.0,10134,0,0.0
1395-07-28,06:30:30,0,0,0,0,0,10134,0,10199,0,0.0,10134,0,0.0
1395-07-27,12:30:01,560,2807491,28450716497,9550,10199,9714,9551,10199,485,4.99,10134,420,4.32
1395-07-26,12:29:54,224,484064,4702317476,9650,9990,9992,9852,9660,-332,-3.32,9714,-278,-2.78
1395-07-25,12:29:31,238,681770,6812108674,9851,10189,10052,10000,9900,-152,-1.51,9992,-60,-0.6
1395-07-24,12:29:39,251,536971,5397643865,9867,10397,10249,10249,9882,-367,-3.58,10052,-197,-1.92
1395-07-21,14:06:32,0,0,0,0,0,10249,0,10195,0,0.0,10249,0,0.0
1395-07-19,12:30:10,234,556934,5708222525,10151,10390,10514,10151,10195,-319,-3.03,10249,-265,-2.52
1395-07-18,12:29:52,433,1878516,19751345944,10100,10900,10386,10328,10151,-235,-2.26,10514,128,1.23
1395-07-17,12:30:02,629,3492146,36271012215,10000,10466,9968,10466,10150,182,1.83,10386,418,4.19
1395-07-14,12:29:06,246,1754466,17488097237,9600,10019,9542,9600,10019,477,5.0,9968,426,4.46
1395-07-13,06:30:31,0,0,0,0,0,9542,0,9550,0,0.0,9542,0,0.0
1395-07-12,06:30:31,0,0,0,0,0,9542,0,9550,0,0.0,9542,0,0.0
1395-07-11,06:30:32,0,0,0,0,0,9542,0,9550,0,0.0,9542,0,0.0
1395-07-10,12:29:35,639,2445944,23338818379,9154,9730,9277,9419,9550,273,2.94,9542,265,2.86
1395-07-07,12:29:58,339,999365,9271220084,9153,9490,9608,9356,9167,-441,-4.59,9277,-331,-3.45
1395-07-06,12:29:55,405,1138519,10939229152,9300,9836,9617,9642,9380,-237,-2.46,9608,-9,-0.09
1395-07-05,12:29:53,651,2529102,24321890542,9503,9700,8926,9700,9531,605,6.78,9617,691,7.74
1395-07-04,06:30:35,0,0,0,0,0,8926,0,8700,0,0.0,8926,0,0.0
1395-07-03,06:30:34,0,0,0,0,0,8926,0,8700,0,0.0,8926,0,0.0
1395-06-31,06:30:33,0,0,0,0,0,8926,0,8700,0,0.0,8926,0,0.0
1395-06-29,06:30:32,0,0,0,0,0,8926,0,8700,0,0.0,8926,0,0.0
1395-06-28,06:30:32,0,0,0,0,0,8926,0,8700,0,0.0,8926,0,0.0
1395-06-27,06:30:33,0,0,0,0,0,8926,0,8700,0,0.0,8926,0,0.0
1395-06-24,12:27:32,124,185760,1658109658,8630,9088,8774,8997,8700,-74,-0.84,8926,152,1.73
1395-06-23,12:25:13,110,288199,2528663192,8320,8875,8453,8509,8875,422,4.99,8774,321,3.8
1395-06-21,12:29:56,60,63309,535172464,8400,8695,8581,8695,8438,-143,-1.67,8453,-128,-1.49
1395-06-20,12:29:35,66,79191,679543181,8391,8794,8682,8794,8649,-33,-0.38,8581,-101,-1.16
1395-06-17,12:29:51,82,137545,1194116768,8530,8890,8652,8799,8550,-102,-1.18,8682,30,0.35
1395-06-16,12:29:50,67,132114,1143022257,8501,8800,8623,8778,8670,47,0.55,8652,29,0.34
1395-06-15,12:29:56,78,116547,1004939197,8439,8700,8483,8439,8483,0,0.0,8623,140,1.65
1395-06-14,12:23:06,91,79934,678048137,8430,8629,8524,8629,8560,36,0.42,8483,-41,-0.48
1395-06-13,12:29:38,132,186302,1588025100,8450,8696,8628,8650,8586,-42,-0.49,8524,-104,-1.21
1395-06-10,12:27:29,65,210221,1813830797,8616,8750,8603,8749,8616,13,0.15,8628,25,0.29
1395-06-09,12:21:34,106,137113,1179628967,8500,8946,8864,8946,8735,-129,-1.46,8603,-261,-2.94
1395-06-08,12:29:55,111,168421,1492947007,8600,8963,8762,8601,8830,68,0.78,8864,102,1.16
1395-06-07,12:29:54,132,190480,1669058815,8550,9059,8952,9000,8595,-357,-3.99,8762,-190,-2.12
1395-06-06,12:29:55,120,208485,1866450442,8801,9130,9044,9000,8803,-241,-2.66,8952,-92,-1.02
1395-06-03,12:27:52,63,139082,1257808494,9033,9189,9115,9189,9038,-77,-0.84,9044,-71,-0.78
1395-06-02,12:24:57,46,46251,421560747,9030,9201,9136,9201,9100,-36,-0.39,9115,-21,-0.23
1395-06-01,12:29:40,103,225938,2064240713,9031,9201,9062,9031,9185,123,1.36,9136,74,0.82
1395-05-31,12:26:26,79,192257,1742306908,8999,9201,9217,9201,9160,-57,-0.62,9062,-155,-1.68
1395-05-30,12:29:50,158,289037,2663975417,9160,9300,9077,9200,9196,119,1.31,9217,140,1.54
1395-05-27,12:28:47,64,114391,1038275235,9005,9250,9078,9250,9062,-16,-0.18,9077,-1,-0.01
1395-05-26,12:29:32,89,295880,2685914622,9023,9190,9049,9089,9060,11,0.12,9078,29,0.32
1395-05-25,12:29:30,68,147886,1338277101,9023,9237,9162,9237,9030,-132,-1.44,9049,-113,-1.23
1395-05-24,12:29:58,142,382140,3501265428,9000,9260,9085,9260,9011,-74,-0.81,9162,77,0.85
1395-05-23,12:29:02,92,419715,3813116111,8950,9270,9096,9270,9010,-86,-0.95,9085,-11,-0.12
1395-05-20,12:29:48,85,319995,2910716966,9010,9198,9087,9197,9159,72,0.79,9096,9,0.1
1395-05-19,12:29:53,120,269966,2453085538,9000,9299,9276,9299,9090,-186,-2.01,9087,-189,-2.04
1395-05-18,12:29:34,293,1026652,9522869232,8914,9452,9003,9000,9300,297,3.3,9276,273,3.03
1395-05-17,12:28:58,218,555306,4999654691,8888,9136,8997,9136,9001,4,0.04,9003,6,0.07
1395-05-16,12:29:00,20,25090,225746008,8970,9180,9173,9180,8970,-203,-2.21,8997,-176,-1.92
1395-05-13,06:30:30,0,0,0,0,0,9173,0,9180,0,0.0,9173,0,0.0
1395-05-12,06:30:29,0,0,0,0,0,9173,0,9180,0,0.0,9173,0,0.0
1395-05-11,06:30:30,0,0,0,0,0,9173,0,9180,0,0.0,9173,0,0.0
1395-05-10,06:30:31,0,0,0,0,0,9173,0,9180,0,0.0,9173,0,0.0
1395-05-06,06:30:29,0,0,0,0,0,9173,0,9180,0,0.0,9173,0,0.0
1395-05-05,09:04:00,6,9016,82700400,9150,9180,9102,9150,9180,78,0.86,9173,71,0.78
1395-05-04,12:29:58,171,373394,3398697103,9000,9238,9022,9000,9024,2,0.02,9102,80,0.89
1395-05-03,12:30:01,296,646629,5833745795,8962,9290,9433,9060,9050,-383,-4.06,9022,-411,-4.36
1395-05-02,12:29:58,504,2220433,20945189314,9055,9595,9226,9560,9098,-128,-1.39,9433,207,2.24
1395-04-30,12:26:48,579,1815894,16753218081,8808,9337,8893,9000,9337,444,4.99,9226,333,3.74
1395-04-29,12:29:54,512,1988510,17682928527,8700,8932,8507,8700,8932,425,5.0,8893,386,4.54
1395-04-28,12:23:33,206,703977,5988896851,8220,8566,8159,8249,8566,407,4.99,8507,348,4.27
1395-04-27,12:30:03,171,267079,2179003813,8051,8249,7987,8139,8051,64,0.8,8159,172,2.15
1395-04-26,12:29:48,150,369819,2953838204,7850,8150,7961,7997,8089,128,1.61,7987,26,0.33
1395-04-23,12:26:07,98,107168,853120034,7802,8055,8026,8000,7861,-165,-2.06,7961,-65,-0.81
1395-04-22,12:28:46,81,157802,1266522168,7800,8299,8100,8299,7800,-300,-3.7,8026,-74,-0.91
1395-04-21,12:29:45,241,724783,5870891287,7780,8221,7830,7979,8111,281,3.59,8100,270,3.45
1395-04-20,12:29:00,104,113759,890755842,7799,8139,7943,8139,7900,-43,-0.54,7830,-113,-1.42
1395-04-19,12:28:20,81,218275,1733831413,7900,8151,8033,8151,7970,-63,-0.78,7943,-90,-1.12
1395-04-15,12:29:56,80,109915,882926274,7980,8150,8073,8150,8060,-13,-0.16,8033,-40,-0.5
1395-04-14,12:16:30,60,83598,674916958,8004,8299,8062,8050,8012,-50,-0.62,8073,11,0.14
1395-04-13,12:29:34,138,367562,2963343121,7604,8300,7988,7995,8021,33,0.41,8062,74,0.93
1395-04-12,12:29:02,138,255790,2043195173,7890,8100,8001,8049,7903,-98,-1.22,7988,-13,-0.16
1395-04-09,12:29:50,204,580756,4646843793,7964,8300,8383,8000,7964,-419,-5.0,8001,-382,-4.56
1395-04-08,12:29:44,187,369232,3095100434,8200,8610,8202,8380,8220,18,0.22,8383,181,2.21
1395-04-06,12:29:06,274,695697,5706444268,7801,8306,7911,8099,8306,395,4.99,8202,291,3.68
1395-04-05,12:28:51,151,272345,2154486324,7651,8230,7898,8000,7700,-198,-2.51,7911,13,0.16
1395-04-02,12:19:08,159,587414,4639324136,7889,7898,7522,7890,7898,376,5.0,7898,376,5.0
1395-04-01,12:30:04,155,275754,2074121140,7350,7700,7632,7597,7650,18,0.24,7522,-110,-1.44
1395-03-31,12:29:31,246,421490,3217015372,7579,7799,7977,7610,7579,-398,-4.99,7632,-345,-4.32
1395-03-30,12:29:52,71,141277,1126964360,7707,8380,8543,8380,7920,-623,-7.29,7977,-566,-6.63
1395-03-29,06:30:29,0,0,0,0,0,8543,0,8500,0,0.0,8543,0,0.0
1395-03-26,06:30:28,0,0,0,0,0,8543,0,8500,0,0.0,8543,0,0.0
1395-03-25,06:30:28,0,0,0,0,0,8543,0,8500,0,0.0,8543,0,0.0
1395-03-24,06:30:27,0,0,0,0,0,8543,0,8500,0,0.0,8543,0,0.0
1395-03-23,06:30:27,0,0,0,0,0,8543,0,8500,0,0.0,8543,0,0.0
1395-03-22,06:30:28,0,0,0,0,0,8543,0,8500,0,0.0,8543,0,0.0
1395-03-19,06:30:29,0,0,0,0,0,8543,0,8500,0,0.0,8543,0,0.0
1395-03-18,06:30:30,0,0,0,0,0,8543,0,8500,0,0.0,8543,0,0.0
1395-03-17,06:30:28,0,0,0,0,0,8543,0,8500,0,0.0,8543,0,0.0
1395-03-16,06:30:32,0,0,0,0,0,8543,0,8500,0,0.0,8543,0,0.0
1395-03-12,12:29:53,138,139715,1193536656,8471,8750,8554,8511,8500,-54,-0.63,8543,-11,-0.13
1395-03-11,12:20:47,85,108588,928862544,8521,8888,8705,8888,8560,-145,-1.67,8554,-151,-1.73
1395-03-10,12:29:58,112,271133,2360279217,8632,8850,8799,8720,8700,-99,-1.13,8705,-94,-1.07
1395-03-09,12:28:25,111,163405,1437805440,8700,9000,8960,8900,8762,-198,-2.21,8799,-161,-1.8
1395-03-08,12:29:22,179,233934,2096126781,8900,9159,8830,8997,8903,73,0.83,8960,130,1.47
1395-03-05,12:29:41,180,271885,2400772822,8760,8951,8868,8760,8801,-67,-0.76,8830,-38,-0.43
1395-03-04,12:30:01,213,268654,2382338338,8752,9200,9050,9200,8793,-257,-2.84,8868,-182,-2.01
1395-03-03,12:30:00,338,676105,6118617346,8600,9199,8766,8700,9025,259,2.95,9050,284,3.24
1395-03-01,12:29:44,206,601452,5272344958,8650,8900,8728,8709,8681,-47,-0.54,8766,38,0.44
1395-02-29,12:30:03,181,294449,2570087180,8501,8900,8627,8900,8660,33,0.38,8728,101,1.17
1395-02-28,12:19:42,259,711811,6141047224,8207,8689,8276,8207,8689,413,4.99,8627,351,4.24
1395-02-27,12:30:03,170,238497,1973730553,8114,8438,8291,8114,8300,9,0.11,8276,-15,-0.18
1395-02-26,12:29:53,156,302568,2508523900,8201,8585,8479,8585,8244,-235,-2.77,8291,-188,-2.22
1395-02-25,12:29:50,238,421230,3571400868,8260,8649,8249,8389,8447,198,2.4,8479,230,2.79
1395-02-22,12:29:53,434,1393373,11494230043,8228,8770,8661,8401,8290,-371,-4.28,8249,-412,-4.76
1395-02-21,12:29:36,193,311601,2698688784,8400,8897,8749,8760,8553,-196,-2.24,8661,-88,-1.01
1395-02-20,12:29:08,180,394964,3455355565,8700,8839,8729,8732,8702,-27,-0.31,8749,20,0.23
1395-02-19,12:29:58,303,378367,3302743601,8588,9000,9040,8711,8730,-310,-3.43,8729,-311,-3.44
1395-02-18,12:29:38,299,580625,5248595227,8850,9300,9248,9300,8999,-249,-2.69,9040,-208,-2.25
1395-02-15,12:30:07,249,514738,4760060399,9070,9450,9029,9300,9165,136,1.51,9248,219,2.43
1395-02-14,12:29:59,561,1602585,14469358694,8700,9369,8937,8900,9120,183,2.05,9029,92,1.03
1395-02-13,12:28:40,93,117793,1052716041,8937,8937,9407,8937,8937,-470,-5.0,8937,-470,-5.0
1395-02-12,12:27:29,27,45935,432110545,9407,9407,9902,9407,9407,-495,-5.0,9407,-495,-5.0
1395-02-11,12:28:48,472,885242,8765903404,9700,10400,10052,9999,9800,-252,-2.51,9902,-150,-1.49
1395-02-08,12:30:07,491,1385267,13924376856,9600,10112,9631,9600,10000,369,3.83,10052,421,4.37
1395-02-07,12:29:51,298,640061,6164168701,9400,9850,9746,9800,9667,-79,-0.81,9631,-115,-1.18
1395-02-06,12:29:15,601,1533461,14945519489,9402,9789,9323,9670,9789,466,5.0,9746,423,4.54
1395-02-05,12:30:00,465,814600,7594174605,9037,9490,9088,9037,9489,401,4.41,9323,235,2.59
1395-02-04,12:29:56,272,725161,6590005331,8920,9210,8826,8950,9037,211,2.39,9088,262,2.97
1395-02-01,12:29:49,333,860528,7595384344,8660,9240,8986,9240,8870,-116,-1.29,8826,-160,-1.78
1395-01-31,12:29:53,499,1139136,10236118115,8934,9399,9404,9399,9110,-294,-3.13,8986,-418,-4.44
1395-01-30,12:29:34,636,1727927,16248590693,9200,9513,9060,9286,9270,210,2.32,9404,344,3.8
1395-01-29,12:29:58,574,2059551,18658614749,9053,9240,9529,9053,9053,-476,-5.0,9060,-469,-4.92
1395-01-28,12:29:17,277,494856,4715393016,9454,10168,9951,10168,9454,-497,-4.99,9529,-422,-4.24
1395-01-25,12:29:56,754,1560499,15528422549,9861,10550,10379,10218,10000,-379,-3.65,9951,-428,-4.12
1395-01-24,12:30:00,500,1063777,11040804780,10200,10689,10579,10689,10340,-239,-2.26,10379,-200,-1.89
1395-01-23,12:29:19,323,593165,6275026720,10300,10940,10779,10940,10469,-310,-2.88,10579,-200,-1.86
1395-01-22,12:29:46,487,1019539,10989900207,10201,11000,10694,10790,10500,-194,-1.81,10779,85,0.79
1395-01-21,12:29:50,343,674996,7218519163,10315,11000,10814,10443,10660,-154,-1.42,10694,-120,-1.11
1395-01-18,12:30:03,873,2472067,26732242941,10601,11380,11158,11011,10748,-410,-3.67,10814,-344,-3.08
1395-01-17,12:29:50,938,4317431,48175019732,10879,11242,10707,10890,11000,293,2.74,11158,451,4.21
1395-01-16,12:29:59,478,1273377,13633907414,10203,11119,10708,10860,10423,-285,-2.66,10707,-1,-0.01
1395-01-15,12:29:57,695,2053823,21992943124,10679,11300,11241,11000,10679,-562,-5.0,10708,-533,-4.74
1395-01-14,12:29:13,341,598581,6728467351,11121,11888,11706,11888,11121,-585,-5.0,11241,-465,-3.97
1395-01-11,12:30:01,870,1418030,16598986945,11120,11950,11440,11120,11684,244,2.13,11706,266,2.33
1395-01-10,12:28:46,321,791456,9054309330,11417,11900,12017,11417,11417,-600,-4.99,11440,-577,-4.8
1395-01-09,12:29:53,390,1587972,19082988086,11627,12300,12238,12080,11627,-611,-4.99,12017,-221,-1.81
1395-01-08,12:29:45,595,1913063,23412077808,11700,12316,11730,12280,12000,270,2.3,12238,508,4.33
1395-01-07,12:29:59,762,1986078,23295825289,11423,12250,12024,11423,12089,65,0.54,11730,-294,-2.45
1394-12-26,12:27:40,142,413289,4969519208,11973,12130,12603,12101,11973,-630,-5.0,12024,-579,-4.59
1394-12-25,12:29:27,685,2750753,34666604699,12079,13267,12714,13240,12079,-635,-4.99,12603,-111,-0.87
1394-12-24,12:28:34,204,785695,9989363569,12235,12800,12191,12599,12800,609,5.0,12714,523,4.29
1394-12-22,12:29:59,334,2151051,26223425006,12190,12191,11611,12191,12191,580,5.0,12191,580,5.0
1394-12-19,12:29:41,260,2105094,24441636113,11300,11687,11131,11610,11687,556,5.0,11611,480,4.31
1394-12-18,12:24:33,51,209486,2331788666,11131,11131,10601,11131,11131,530,5.0,11131,530,5.0
1394-12-17,12:29:43,503,5311676,56311457578,10302,10606,10101,10605,10606,505,5.0,10601,500,4.95
1394-12-16,12:27:45,531,5789797,58481729297,10000,10101,9620,10101,10101,481,5.0,10101,481,5.0
1394-12-15,11:27:44,23,79582,765578840,9620,9620,9162,9620,9620,458,5.0,9620,458,5.0
1394-12-12,12:22:12,68,417019,3820728078,9162,9162,8726,9162,9162,436,5.0,9162,436,5.0
1394-12-11,06:30:24,0,0,0,0,0,8726,0,8726,0,0.0,8726,0,0.0
1394-12-10,06:30:25,0,0,0,0,0,8726,0,8726,0,0.0,8726,0,0.0
1394-12-09,11:15:44,23,92094,803612244,8726,8726,8311,8726,8726,415,4.99,8726,415,4.99
1394-12-08,12:12:16,439,8301541,68994468672,8050,8314,7919,8154,8314,395,4.99,8311,392,4.95
1394-12-05,12:29:48,167,712276,5640730059,7777,8099,7995,7901,7842,-153,-1.91,7919,-76,-0.95
1394-12-04,12:29:53,278,816398,6527477757,7880,8350,8213,8200,8080,-133,-1.62,7995,-218,-2.65
1394-12-03,12:29:32,407,1316784,10815345620,8000,8519,8144,8271,8200,56,0.69,8213,69,0.85
1394-12-02,12:27:31,248,538030,4381548913,8071,8400,8495,8400,8071,-424,-4.99,8144,-351,-4.13
1394-12-01,12:29:59,492,1568716,13326916978,8150,8699,8476,8350,8580,104,1.23,8495,19,0.22
1394-11-28,12:29:55,382,1278021,10832861211,8340,8748,8772,8341,8400,-372,-4.24,8476,-296,-3.37
1394-11-27,12:29:31,197,619398,5433314632,8401,9154,8843,9000,8499,-344,-3.89,8772,-71,-0.8
1394-11-26,12:23:01,216,1134576,10033262692,8501,8853,8432,8501,8853,421,4.99,8843,411,4.87
1394-11-25,12:30:19,244,758405,6394683298,8210,8800,8554,8438,8220,-334,-3.9,8432,-122,-1.43
1394-11-24,12:29:07,286,940584,8045302552,8291,8973,8719,8700,8321,-398,-4.56,8554,-165,-1.89
1394-11-21,12:29:29,518,3409983,29732704805,8050,8826,8406,8298,8500,94,1.12,8719,313,3.72
1394-11-20,12:29:54,310,2719675,22862244247,8061,8468,8065,8468,8100,26,0.32,8406,341,4.23
1394-11-19,12:28:17,30,110802,893618130,8065,8065,7681,8065,8065,384,5.0,8065,384,5.0
1394-11-18,12:18:28,43,273077,2097504437,7681,7681,7316,7681,7681,365,4.99,7681,365,4.99
1394-11-17,12:30:22,316,1200480,8783288559,7023,7384,7033,7199,7384,351,4.99,7316,283,4.02
1394-11-14,12:32:09,210,633645,4456411927,6775,7197,6997,6775,7073,76,1.09,7033,36,0.51
1394-11-13,12:27:58,107,640028,4478097486,6912,7298,7093,7298,6950,-143,-2.02,6997,-96,-1.35
1394-11-12,12:15:34,225,1076175,7633787233,6810,7138,6799,6810,7138,339,4.99,7093,294,4.32
1394-11-11,12:30:06,229,749361,5094575760,6733,7018,7087,6882,6792,-295,-4.16,6799,-288,-4.06
1394-11-10,12:29:26,116,271854,1926519144,6900,7369,7233,7168,6997,-236,-3.26,7087,-146,-2.02
1394-11-07,12:30:42,279,1091617,7895612357,7178,7740,7555,7740,7178,-377,-4.99,7233,-322,-4.26
1394-11-06,12:30:44,191,1697753,12826253385,7530,7555,7196,7555,7554,358,4.97,7555,359,4.99
1394-11-05,12:14:57,265,1224616,8811973195,6900,7274,6928,7043,7274,346,4.99,7196,268,3.87
1394-11-04,12:30:45,295,996064,6900942265,6721,7070,7013,7070,7045,32,0.46,6928,-85,-1.21
1394-11-03,12:30:33,236,744502,5221171134,6854,7073,6737,7000,6996,259,3.84,7013,276,4.1
1394-10-30,12:29:53,341,1222632,8236706520,6474,7100,6814,6787,6950,136,2.0,6737,-77,-1.13
1394-10-29,12:30:25,250,911862,6213375250,6509,7032,6698,6877,6639,-59,-0.88,6814,116,1.73
1394-10-28,12:29:34,189,1244250,8334281344,6697,6899,7049,6697,6697,-352,-4.99,6698,-351,-4.98
1394-10-27,12:28:33,121,322817,2275651933,7038,7428,7408,7428,7038,-370,-4.99,7049,-359,-4.85
1394-10-26,12:30:51,212,592849,4391724260,7186,7546,7187,7344,7200,13,0.18,7408,221,3.07
1394-10-23,12:29:47,241,748091,5376332312,7000,7387,7094,7040,7100,6,0.08,7187,93,1.31
1394-10-22,12:29:53,316,1289234,9146109734,6740,7148,6808,6740,7140,332,4.88,7094,286,4.2
1394-10-21,12:29:58,192,1171666,7976418403,6499,6856,6530,6499,6856,326,4.99,6808,278,4.26
1394-10-20,12:29:55,145,359476,2347431373,6310,6659,6621,6500,6400,-221,-3.34,6530,-91,-1.37
1394-10-19,12:29:58,358,1881196,12455789477,6303,6664,6347,6663,6498,151,2.38,6621,274,4.32
1394-10-16,12:27:26,304,1220873,7749366265,6170,6355,6053,6355,6355,302,4.99,6347,294,4.86
1394-10-15,12:24:13,116,500559,3029736102,5791,6104,5814,5843,6104,290,4.99,6053,239,4.11
1394-10-14,12:30:01,127,588261,3420011160,5530,5843,5565,5540,5799,234,4.2,5814,249,4.47
1394-10-13,12:29:32,142,371302,2066442352,5460,5711,5713,5711,5560,-153,-2.68,5565,-148,-2.59
1394-10-12,12:29:48,99,215791,1232819523,5571,5898,5690,5898,5647,-43,-0.76,5713,23,0.4
1394-10-09,12:29:49,222,889091,5058731227,5220,5727,5455,5220,5727,272,4.99,5690,235,4.31
1394-10-07,12:29:37,276,1084565,5915814648,5201,5580,5407,5580,5368,-39,-0.72,5455,48,0.89
1394-10-06,11:40:08,14,30314,163907798,5407,5407,5150,5407,5407,257,4.99,5407,257,4.99
1394-10-05,12:19:30,28,62025,319428750,5150,5150,4905,5150,5150,245,4.99,5150,245,4.99
1394-10-02,12:28:38,69,156673,768472984,4700,4921,4687,4900,4921,234,4.99,4905,218,4.65
1394-10-01,12:29:38,68,87254,408924021,4600,4798,4654,4680,4798,144,3.09,4687,33,0.71
1394-09-30,12:28:19,98,367872,1712070905,4631,4999,4874,4995,4700,-174,-3.57,4654,-220,-4.51
1394-09-29,12:29:33,75,208346,1015508465,4764,5149,5014,5149,4770,-244,-4.87,4874,-140,-2.79
1394-09-28,12:29:55,136,370250,1856298942,4966,5270,5227,5064,5000,-227,-4.34,5014,-213,-4.07
1394-09-25,12:29:48,146,283979,1484406467,5157,5535,5409,5401,5200,-209,-3.86,5227,-182,-3.36
1394-09-24,12:29:47,138,427170,2310440312,5350,5650,5536,5600,5390,-146,-2.64,5409,-127,-2.29
1394-09-23,12:30:01,73,398694,2207004556,5421,5660,5597,5660,5480,-117,-2.09,5536,-61,-1.09
1394-09-22,12:29:37,44,272860,1527187465,5500,5719,5666,5719,5500,-166,-2.93,5597,-69,-1.22
1394-09-18,12:29:00,81,230848,1308068850,5600,5737,5539,5630,5621,82,1.48,5666,127,2.29
1394-09-17,12:25:33,37,51384,284603412,5429,5650,5550,5530,5538,-12,-0.22,5539,-11,-0.2
1394-09-16,12:28:10,73,163655,908241669,5412,5675,5615,5600,5490,-125,-2.23,5550,-65,-1.16
1394-09-15,12:29:47,84,365759,2053683409,5601,5872,5723,5872,5606,-117,-2.04,5615,-108,-1.89
1394-09-14,12:23:49,55,71424,408794023,5640,5777,5688,5640,5641,-47,-0.83,5723,35,0.62
1394-09-10,12:18:53,39,37612,213941318,5619,5757,5679,5640,5626,-53,-0.93,5688,9,0.16
1394-09-09,12:29:51,46,55350,314345401,5632,5875,5684,5875,5698,14,0.25,5679,-5,-0.09
1394-09-08,12:30:00,76,110803,629811734,5602,5876,5683,5876,5750,67,1.18,5684,1,0.02
1394-09-07,12:29:54,60,79605,452427734,5621,5980,5760,5980,5638,-122,-2.12,5683,-77,-1.34
1394-09-04,12:30:06,93,139153,801487941,5700,5970,5875,5899,5700,-175,-2.98,5760,-115,-1.96
1394-09-03,12:29:07,30,27097,159195591,5852,5999,5979,5861,5890,-89,-1.49,5875,-104,-1.74
1394-09-02,12:29:42,30,33560,200650472,5860,6030,5946,5860,5998,52,0.87,5979,33,0.55
1394-09-01,12:27:32,27,57033,339115835,5900,6060,5910,6000,5999,89,1.51,5946,36,0.61
1394-08-30,12:28:01,52,145456,859691408,5881,6045,5964,5950,5881,-83,-1.39,5910,-54,-0.91
1394-08-27,12:28:33,41,49772,296827762,5910,6071,6013,6071,5910,-103,-1.71,5964,-49,-0.81
1394-08-26,12:29:07,59,95856,576338119,5901,6075,5916,6000,5960,44,0.74,6013,97,1.64
1394-08-25,12:27:08,53,137333,812471268,5853,5950,6001,5931,5860,-141,-2.35,5916,-85,-1.42
1394-08-24,12:13:18,49,89709,538373644,5931,6076,5989,6075,5931,-58,-0.97,6001,12,0.2
1394-08-23,12:29:40,59,121508,727670089,5913,6050,5956,6000,5990,34,0.57,5989,33,0.55
1394-08-20,12:29:51,32,94397,562226382,5922,6090,6046,6090,5980,-66,-1.09,5956,-90,-1.49
1394-08-19,12:29:34,23,78843,476676385,5912,6101,5986,5912,6060,74,1.24,6046,60,1.0
1394-08-18,12:28:25,60,115942,694022762,5910,6200,6084,6198,6000,-84,-1.38,5986,-98,-1.61
1394-08-17,12:29:40,63,143284,871766119,6002,6230,6235,6230,6003,-232,-3.72,6084,-151,-2.42
1394-08-16,12:29:53,65,203858,1271118855,6111,6384,6152,6319,6180,28,0.46,6235,83,1.35
1394-08-13,12:29:45,163,532778,3277434736,5930,6228,5969,5997,6199,230,3.85,6152,183,3.07
1394-08-12,12:27:43,46,89059,531614976,5890,6000,5911,6000,5999,88,1.49,5969,58,0.98
1394-08-11,12:28:34,28,41648,246196778,5889,6050,5969,6050,5889,-80,-1.34,5911,-58,-0.97
1394-08-10,12:27:51,90,231649,1382764796,5882,6135,5893,6040,5932,39,0.66,5969,76,1.29
1394-08-09,12:29:33,83,134901,795029125,5765,6130,6018,5765,5802,-216,-3.59,5893,-125,-2.08
1394-08-06,12:29:56,80,303920,1829095729,5808,6200,6077,6200,5850,-227,-3.74,6018,-59,-0.97
1394-08-05,12:29:32,38,105539,641328795,6017,6274,6066,6274,6067,1,0.02,6077,11,0.18
1394-08-04,12:29:35,78,295927,1795061297,6016,6382,6262,6382,6130,-132,-2.11,6066,-196,-3.13
1394-08-03,12:06:52,60,138594,867939145,6260,6575,6589,6575,6260,-329,-4.99,6262,-327,-4.96
1394-07-29,12:26:31,175,395009,2602623402,6523,6940,6866,6940,6523,-343,-5.0,6589,-277,-4.03
1394-07-28,12:29:58,236,817933,5615570527,6730,6989,6305,6899,6861,556,8.82,6866,561,8.9
1394-07-27,06:30:20,0,0,0,0,0,6305,0,6465,0,0.0,6305,0,0.0
1394-07-26,06:30:23,0,0,0,0,0,6465,0,6465,0,0.0,6465,0,0.0
1394-07-25,06:30:23,0,0,0,0,0,6465,0,6465,0,0.0,6465,0,0.0
1394-07-22,06:30:21,0,0,0,0,0,6465,0,6465,0,0.0,6465,0,0.0
1394-07-21,12:28:40,156,982897,6354413505,6459,6465,6158,6465,6465,307,4.99,6465,307,4.99
1394-07-20,12:29:10,41,410795,2529675610,6158,6158,5865,6158,6158,293,5.0,6158,293,5.0
1394-07-19,12:08:54,87,315576,1850833717,5506,5985,5700,5830,5985,285,5.0,5865,165,2.89
1394-07-18,12:28:49,44,72809,414984350,5670,5830,5639,5830,5790,151,2.68,5700,61,1.08
1394-07-15,12:25:48,117,215525,1215308253,5501,5799,5766,5799,5650,-116,-2.01,5639,-127,-2.2
1394-07-14,12:29:52,84,246130,1419296393,5556,5850,5781,5850,5672,-109,-1.89,5766,-15,-0.26
1394-07-13,12:29:58,113,111842,646579543,5652,5829,5660,5829,5816,156,2.76,5781,121,2.14
1394-07-12,12:29:45,92,106273,601486150,5501,5789,5642,5789,5666,24,0.43,5660,18,0.32
1394-07-11,12:27:58,39,80667,455098217,5555,5940,5823,5710,5577,-246,-4.22,5642,-181,-3.11
1394-07-08,12:24:45,22,17687,102983176,5801,5999,5981,5999,5821,-160,-2.68,5823,-158,-2.64
1394-07-07,12:28:42,16,31629,189159889,5979,5984,5794,5980,5981,187,3.23,5981,187,3.23
1394-07-06,06:30:26,0,0,0,0,0,5794,0,5950,156,2.69,5794,0,0.0
1394-07-05,06:30:19,0,0,0,0,0,5794,0,5950,156,2.69,5794,0,0.0
1394-07-04,12:29:40,144,441045,2555578462,5727,6270,6028,6000,5950,-78,-1.29,5794,-234,-3.88
1394-07-01,12:29:46,38,91281,550280611,6000,6300,6104,6300,6000,-104,-1.7,6028,-76,-1.25
1394-06-31,12:28:22,40,143528,876120372,6022,6180,5936,6090,6040,104,1.75,6104,168,2.83
1394-06-30,12:29:25,93,228763,1357845852,5899,6100,6209,5909,6080,-129,-2.08,5936,-273,-4.4
1394-06-29,12:29:26,70,335720,2084472413,6122,6469,6444,6364,6122,-322,-5.0,6209,-235,-3.65
1394-06-28,12:29:37,95,351308,2263844810,6381,6560,6413,6500,6400,-13,-0.2,6444,31,0.48
1394-06-25,12:29:55,108,224570,1440083791,6370,6550,6412,6400,6415,3,0.05,6413,1,0.02
1394-06-24,12:29:45,87,329610,2113367027,6360,6501,6568,6501,6400,-168,-2.56,6412,-156,-2.38
1394-06-23,12:29:41,94,481042,3159639577,6300,6670,6459,6670,6519,60,0.93,6568,109,1.69
1394-06-22,12:29:57,89,146190,944175196,6278,6505,6608,6503,6397,-211,-3.19,6459,-149,-2.25
1394-06-21,12:29:36,46,102763,679052752,6550,6699,6536,6650,6568,32,0.49,6608,72,1.1
1394-06-18,12:29:55,209,151529,990419473,6445,6649,6465,6599,6552,87,1.35,6536,71,1.1
1394-06-17,12:29:56,82,148794,961915597,6425,6579,6529,6500,6450,-79,-1.21,6465,-64,-0.98
1394-06-16,12:29:53,48,94305,615737243,6511,6599,6604,6561,6541,-63,-0.95,6529,-75,-1.14
1394-06-15,12:28:21,83,253416,1673531249,6550,6688,6725,6665,6560,-165,-2.45,6604,-121,-1.8
1394-06-14,12:29:49,78,275050,1849789718,6673,6950,6773,6898,6681,-92,-1.36,6725,-48,-0.71
1394-06-11,12:29:33,64,140233,949773344,6731,6840,6763,6790,6732,-31,-0.46,6773,10,0.15
1394-06-10,12:29:55,37,105001,710148089,6557,6800,6682,6558,6700,18,0.27,6763,81,1.21
1394-06-09,12:28:52,30,52299,349472533,6550,6800,6733,6550,6750,17,0.25,6682,-51,-0.76
1394-06-08,12:28:07,23,75259,506713664,6633,6849,6879,6633,6685,-194,-2.82,6733,-146,-2.12
1394-06-07,12:28:30,48,138422,952250934,6740,6950,6633,6800,6740,107,1.61,6879,246,3.71
1394-06-04,12:24:53,28,34005,225545093,6511,6725,6618,6511,6601,-17,-0.26,6633,15,0.23
1394-06-03,12:29:47,39,126369,836361011,6521,6800,6758,6700,6524,-234,-3.46,6618,-140,-2.07
1394-06-02,12:28:46,38,76626,517811162,6550,6840,6687,6673,6837,150,2.24,6758,71,1.06
1394-06-01,12:15:54,20,32555,217689330,6610,6800,6853,6780,6622,-231,-3.37,6687,-166,-2.42
1394-05-31,12:29:11,72,97492,668097461,6750,6980,6731,6897,6778,47,0.7,6853,122,1.81
1394-05-28,12:29:54,127,307777,2071778971,6361,6779,6457,6498,6778,321,4.97,6731,274,4.24
1394-05-27,12:29:23,82,172083,1111209335,6401,6664,6543,6664,6450,-93,-1.42,6457,-86,-1.31
1394-05-26,12:29:56,33,64407,421410226,6500,6679,6575,6679,6518,-57,-0.87,6543,-32,-0.49
1394-05-25,12:29:41,62,103384,679766388,6500,6775,6594,6775,6511,-83,-1.26,6575,-19,-0.29
1394-05-24,12:29:46,63,120693,795903293,6530,6870,6785,6611,6530,-255,-3.76,6594,-191,-2.82
1394-05-21,12:28:02,59,129626,879549052,6582,6838,6799,6732,6800,1,0.01,6785,-14,-0.21
1394-05-19,12:29:48,57,80012,544002367,6760,6930,6813,6880,6760,-53,-0.78,6799,-14,-0.21
1394-05-18,12:28:59,63,123947,844439761,6700,6900,6814,6770,6800,-14,-0.21,6813,-1,-0.01
1394-05-17,12:29:22,62,109369,745263944,6770,6956,6922,6880,6772,-150,-2.17,6814,-108,-1.56
1394-05-14,12:24:45,65,168301,1165059127,6830,7095,6872,6830,6915,43,0.63,6922,50,0.73
1394-05-13,12:29:24,98,199308,1369557305,6713,7120,6992,6823,6940,-52,-0.74,6872,-120,-1.72
1394-05-12,12:29:50,175,511391,3575723968,6860,7139,6851,6930,7000,149,2.17,6992,141,2.06
1394-05-11,12:29:53,167,681359,4667682078,6710,6999,6749,6840,6799,50,0.74,6851,102,1.51
1394-05-10,12:29:52,50,186740,1260322192,6677,7020,6937,7000,6750,-187,-2.7,6749,-188,-2.71
1394-05-07,06:30:22,0,0,0,0,0,6937,0,7000,63,0.91,6937,0,0.0
1394-05-06,06:30:26,0,0,0,0,0,6937,0,7000,0,0.0,6937,0,0.0
1394-05-05,06:30:29,0,0,0,0,0,6937,0,7000,63,0.91,6937,0,0.0
1394-05-04,12:25:22,103,203153,1409319290,6650,7049,6742,6998,7000,258,3.83,6937,195,2.89
1394-05-03,12:29:56,155,481685,3247698361,6702,7000,7054,6721,6702,-352,-4.99,6742,-312,-4.42
1394-04-31,12:29:15,132,338289,2386197195,6911,7310,7192,7310,6930,-262,-3.64,7054,-138,-1.92
1394-04-30,12:29:54,105,175472,1261920420,7021,7559,7249,7559,7165,-84,-1.16,7192,-57,-0.79
1394-04-29,12:29:59,154,720613,5223692837,7246,7769,7627,7250,7246,-381,-5.0,7249,-378,-4.96
1394-04-28,06:30:24,0,0,0,0,0,7627,0,7579,0,0.0,7627,0,0.0
1394-04-24,11:54:44,90,265980,2028604481,7579,8100,7977,8100,7579,-398,-4.99,7627,-350,-4.39
1394-04-23,12:29:45,389,1476247,11776650377,7719,8529,8125,8529,8100,-25,-0.31,7977,-148,-1.82
1394-04-22,12:28:43,269,817359,6640816246,7803,8155,7767,7803,8155,388,5.0,8125,358,4.61
1394-04-21,12:30:04,179,468239,3636868599,7600,7998,7652,7699,7740,88,1.15,7767,115,1.5
1394-04-20,12:29:42,172,419638,3211125282,7500,7899,7600,7561,7700,100,1.32,7652,52,0.68
1394-04-16,12:28:52,220,888604,6753016997,7325,7750,7384,7325,7700,316,4.28,7600,216,2.93
1394-04-15,12:30:10,262,709708,5240276797,7080,7480,7127,7324,7400,273,3.83,7384,257,3.61
1394-04-14,12:29:57,285,1589292,11327641622,7000,7134,6795,7134,7134,339,4.99,7127,332,4.89
1394-04-13,12:25:18,37,195762,1330202790,6795,6795,6472,6795,6795,323,4.99,6795,323,4.99
1394-04-10,12:30:07,221,987616,6392061871,6262,6632,6317,6390,6632,315,4.99,6472,155,2.45
1394-04-09,12:25:41,194,381172,2407887220,6150,6374,6071,6229,6374,303,4.99,6317,246,4.05
1394-04-08,12:29:37,43,58455,354878429,6031,6200,6105,6200,6072,-33,-0.54,6071,-34,-0.56
1394-04-07,12:29:46,53,90307,551327920,6100,6150,6348,6102,6100,-248,-3.91,6105,-243,-3.83
1394-04-06,12:30:00,60,72880,462649623,6300,6477,6368,6400,6300,-68,-1.07,6348,-20,-0.31
1394-04-03,12:30:01,113,255522,1627240235,6280,6690,6521,6585,6350,-171,-2.62,6368,-153,-2.35
1394-04-02,12:30:01,138,372808,2431091318,6300,6584,6272,6302,6580,308,4.91,6521,249,3.97
1394-04-01,12:28:02,89,277420,1739905591,6200,6400,6208,6300,6280,72,1.16,6272,64,1.03
1394-03-31,12:38:09,108,265558,1648642113,6070,6377,6368,6300,6150,-218,-3.42,6208,-160,-2.51
1394-03-30,12:16:31,66,139847,890580670,6201,6567,6308,6455,6318,10,0.16,6368,60,0.95
1394-03-27,12:25:24,71,221141,1394940334,6179,6333,6032,6179,6333,301,4.99,6308,276,4.58
1394-03-26,12:26:25,72,236379,1425873362,5878,6144,5916,6050,6139,223,3.77,6032,116,1.96
1394-03-25,12:29:44,37,119173,705028234,5870,6162,6069,5920,5903,-166,-2.74,5916,-153,-2.52
1394-03-24,12:29:53,73,171517,1040879590,5911,6240,6006,6109,6000,-6,-0.1,6069,63,1.05
1394-03-23,12:29:17,111,432338,2596645304,5922,6113,5822,6080,6110,288,4.95,6006,184,3.16
1394-03-20,12:29:58,201,927196,5397828796,5509,6000,5836,5789,5930,94,1.61,5822,-14,-0.24
1394-03-19,12:29:53,20,51066,287232618,5561,5739,6208,5739,5689,-519,-8.36,5836,-372,-5.99
1394-03-18,06:30:23,0,0,0,0,0,6208,0,6249,41,0.66,6208,0,0.0
1394-03-17,06:30:22,0,0,0,0,0,6208,0,6249,0,0.0,6208,0,0.0
1394-03-16,06:30:24,0,0,0,0,0,6208,0,6249,0,0.0,6208,0,0.0
1394-03-12,12:40:35,109,250661,1556106183,6151,6319,6256,6153,6249,-7,-0.11,6208,-48,-0.77
1394-03-11,12:29:58,82,109537,685287422,6121,6350,6251,6295,6230,-21,-0.34,6256,5,0.08
1394-03-10,12:29:53,53,98404,615112357,6060,6302,6222,6060,6185,-37,-0.59,6251,29,0.47
1394-03-09,12:29:39,87,289463,1801101720,6185,6385,6328,6385,6199,-129,-2.04,6222,-106,-1.68
1394-03-06,12:29:00,125,312835,1979759262,6135,6548,6259,6171,6290,31,0.5,6328,69,1.1
1394-03-05,12:29:14,130,335795,2101850931,6105,6333,6183,6200,6230,47,0.76,6259,76,1.23
1394-03-04,12:30:01,101,247645,1531259807,6104,6343,6134,6202,6150,16,0.26,6183,49,0.8
1394-03-03,12:29:51,184,599082,3674472942,6020,6400,6301,6152,6300,-1,-0.02,6134,-167,-2.65
1394-03-02,12:29:19,335,567951,3578880606,6289,6639,6619,6500,6289,-330,-4.99,6301,-318,-4.8
1394-02-30,12:26:24,157,343704,2275113632,6547,6800,6597,6780,6600,3,0.05,6619,22,0.33
1394-02-29,12:29:55,149,246648,1627046685,6451,6737,6575,6592,6637,62,0.94,6597,22,0.33
1394-02-28,12:25:59,341,1124030,7390357522,6410,6591,6278,6450,6591,313,4.99,6575,297,4.73
1394-02-27,12:29:54,109,251440,1578637718,6235,6500,6410,6500,6250,-160,-2.5,6278,-132,-2.06
1394-02-23,12:29:58,203,409718,2626331387,6301,6650,6575,6381,6450,-125,-1.9,6410,-165,-2.51
1394-02-22,12:26:04,155,261885,1721962057,6390,6764,6549,6440,6420,-129,-1.97,6575,26,0.4
1394-02-21,12:29:47,136,298521,1955049012,6350,6690,6473,6560,6440,-33,-0.51,6549,76,1.17
1394-02-20,12:29:36,205,709549,4592755965,6448,6650,6787,6501,6448,-339,-4.99,6473,-314,-4.63
1394-02-19,12:07:41,143,433445,2941688047,6745,7147,7099,7147,6745,-354,-4.99,6787,-312,-4.39
1394-02-16,12:29:16,148,275225,1953848335,7030,7200,7036,7036,7100,64,0.91,7099,63,0.9
1394-02-15,12:29:56,293,709988,4995208265,6820,7198,6865,7001,7190,325,4.73,7036,171,2.49
1394-02-14,12:29:49,362,1225942,8416453568,6602,7199,8502,7010,6950,-1552,-18.25,6865,-1637,-19.25
1394-02-13,06:30:22,0,0,0,0,0,8502,0,8589,0,0.0,8502,0,0.0
1394-02-09,06:30:26,0,0,0,0,0,8502,0,8589,87,1.02,8502,0,0.0
1394-02-08,06:30:24,0,0,0,0,0,8502,0,8589,0,0.0,8502,0,0.0
1394-02-07,06:30:21,0,0,0,0,0,8502,0,8589,87,1.02,8502,0,0.0
1394-02-06,06:30:19,0,0,0,0,0,8502,0,8589,87,1.02,8502,0,0.0
1394-02-05,06:30:27,0,0,0,0,0,8502,0,8589,87,1.02,8502,0,0.0
1394-02-02,06:30:20,0,0,0,0,0,8502,0,8589,87,1.02,8502,0,0.0
1394-02-01,06:30:16,0,0,0,0,0,8502,0,8589,87,1.02,8502,0,0.0
1394-01-31,06:30:20,0,0,0,0,0,8502,0,8589,0,0.0,8502,0,0.0
1394-01-30,06:30:27,0,0,0,0,0,8502,0,8589,87,1.02,8502,0,0.0
1394-01-29,06:30:22,0,0,0,0,0,8502,0,8589,0,0.0,8502,0,0.0
1394-01-26,09:37:28,146,380191,3232232397,8273,8589,8197,8273,8589,392,4.78,8502,305,3.72
1394-01-25,12:30:01,306,1200369,9839666101,7920,8370,8040,8298,8350,310,3.86,8197,157,1.95
1394-01-24,12:29:01,253,907044,7292686331,7651,8299,8009,7770,8170,161,2.01,8040,31,0.39
1394-01-23,12:29:48,392,1469378,11768970107,7994,8351,8414,8003,7994,-420,-4.99,8009,-405,-4.81
1394-01-22,12:18:33,501,1982935,16683473576,8393,8800,8834,8393,8393,-441,-4.99,8414,-420,-4.75
1394-01-19,12:30:29,530,1623213,14338861957,8600,9020,8600,9020,8726,126,1.47,8834,234,2.72
1394-01-18,12:28:30,366,1389862,11952740616,8400,8643,8232,8560,8643,411,4.99,8600,368,4.47
1394-01-17,12:16:31,834,5206541,42859223500,7905,8247,7855,8247,8247,392,4.99,8232,377,4.8
1394-01-16,12:28:14,9,54470,427861850,7855,7855,7481,7855,7855,374,5.0,7855,374,5.0
1394-01-15,12:28:37,8,2041,15268721,7481,7481,7125,7481,7481,356,5.0,7481,356,5.0
1394-01-11,12:25:02,468,2217178,15797203659,6560,7167,6826,6560,7167,341,5.0,7125,299,4.38
1394-01-10,13:04:48,283,520775,3554892649,6675,7139,7026,6900,6682,-344,-4.9,6826,-200,-2.85
1394-01-09,12:29:41,245,1008673,7086616119,6823,7035,6700,6823,6890,190,2.84,7026,326,4.87
1394-01-08,12:29:35,124,351591,2355587113,6500,6743,6422,6500,6743,321,5.0,6700,278,4.33
1394-01-05,12:29:16,109,237248,1523570211,6310,6555,6485,6451,6410,-75,-1.16,6422,-63,-0.97
1393-12-27,12:30:19,224,783478,5080804693,6336,6651,6336,6336,6491,155,2.45,6485,149,2.35
1393-12-26,12:29:40,167,348633,2208979828,6266,6545,6595,6334,6299,-296,-4.49,6336,-259,-3.93
1393-12-25,12:29:56,210,430974,2842227956,6491,6848,6812,6848,6548,-264,-3.88,6595,-217,-3.19
1393-12-24,12:29:52,355,1223173,8332345355,6601,6848,6522,6810,6780,258,3.96,6812,290,4.45
1393-12-23,12:29:15,148,542210,3536164743,6253,6580,6267,6346,6580,313,4.99,6522,255,4.07
1393-12-20,12:29:56,162,295706,1853182696,6119,6349,6122,6119,6310,188,3.07,6267,145,2.37
1393-12-19,12:29:57,273,744554,4558350359,6020,6251,6296,6251,6117,-179,-2.84,6122,-174,-2.76
1393-12-18,12:59:36,99,213353,1343237868,6252,6389,6351,6389,6252,-99,-1.56,6296,-55,-0.87
1393-12-17,12:29:45,213,509015,3232575953,6300,6490,6400,6419,6310,-90,-1.41,6351,-49,-0.77
1393-12-16,12:29:26,183,348668,2231412276,6311,6470,6352,6440,6325,-27,-0.43,6400,48,0.76
1393-12-13,12:30:00,146,255103,1620373854,6250,6400,6264,6340,6342,78,1.25,6352,88,1.4
1393-12-12,12:29:34,223,608286,3810231221,6170,6480,6438,6480,6300,-138,-2.14,6264,-174,-2.7
1393-12-11,13:28:10,314,768449,4947417063,6302,6680,6601,6620,6390,-211,-3.2,6438,-163,-2.47
1393-12-10,12:29:55,323,922140,6086886069,6515,6769,6574,6655,6600,26,0.4,6601,27,0.41
1393-12-09,12:29:38,337,934632,6144444803,6389,6629,6314,6389,6629,315,4.99,6574,260,4.12
1393-12-06,12:29:47,374,973780,6148246471,6256,6466,6549,6256,6362,-187,-2.86,6314,-235,-3.59
1393-12-05,12:29:58,402,1127967,7386791010,6350,6847,6632,6700,6399,-233,-3.51,6549,-83,-1.25
1393-12-04,12:30:00,155,545806,3619567003,6301,6950,7330,6950,6680,-650,-8.87,6632,-698,-9.52
1393-12-03,06:30:26,0,0,0,0,0,7330,0,7280,0,0.0,7330,0,0.0
1393-12-02,06:30:20,0,0,0,0,0,7330,0,7280,-50,-0.68,7330,0,0.0
1393-11-29,12:30:01,272,559860,4103947168,7221,7498,7488,7479,7280,-208,-2.78,7330,-158,-2.11
1393-11-28,12:28:55,252,799308,5984888029,7300,7700,7638,7666,7330,-308,-4.03,7488,-150,-1.96
1393-11-27,12:29:58,253,603533,4609560498,7520,7720,7520,7640,7545,25,0.33,7638,118,1.57
1393-11-26,12:29:51,185,387488,2913894776,7203,7680,7512,7451,7600,88,1.17,7520,8,0.11
1393-11-25,12:29:56,295,740376,5561956032,7372,7556,7197,7516,7450,253,3.52,7512,315,4.38
1393-11-21,12:30:00,299,969664,6978792661,6921,7500,7247,7010,7345,98,1.35,7197,-50,-0.69
1393-11-20,12:17:14,172,716884,5195455680,7223,7490,7603,7351,7223,-380,-5.0,7247,-356,-4.68
1393-11-19,12:29:59,362,1234926,9388970417,7559,7900,7956,7797,7591,-365,-4.59,7603,-353,-4.44
1393-11-18,12:29:34,404,1078767,8582821145,7800,8248,7967,8020,7800,-167,-2.1,7956,-11,-0.14
1393-11-15,12:29:59,685,2661298,21203815698,7720,8031,7649,7720,7990,341,4.46,7967,318,4.16
1393-11-14,12:29:57,533,1194731,9138740748,7511,7849,7579,7580,7630,51,0.67,7649,70,0.92
1393-11-13,13:14:25,487,1493095,11315950893,7410,7740,7593,7597,7410,-183,-2.41,7579,-14,-0.18
1393-11-12,12:29:39,520,1390017,10554662034,7406,7790,7532,7670,7600,68,0.9,7593,61,0.81
1393-11-11,12:12:02,82,295162,2223204050,7411,7542,7183,7411,7542,359,5.0,7532,349,4.86
1393-11-08,12:29:43,350,1053581,7567885910,6950,7281,6935,7050,7281,346,4.99,7183,248,3.58
1393-11-07,12:29:55,400,1136372,7881243555,6668,7095,6888,6900,6900,12,0.17,6935,47,0.68
1393-11-06,12:29:52,321,649368,4472703258,6751,7110,7102,7090,6900,-202,-2.84,6888,-214,-3.01
1393-11-05,12:29:46,295,572321,4064411765,6900,7250,6908,6900,7050,142,2.06,7102,194,2.81
1393-11-04,12:29:55,321,1032145,7130064984,6815,7300,7173,7142,6990,-183,-2.55,6908,-265,-3.69
1393-11-01,12:23:59,278,822981,5903185073,7142,7320,7517,7301,7142,-375,-4.99,7173,-344,-4.58
1393-10-30,12:29:05,391,1030558,7747042475,7378,7848,7766,7660,7378,-388,-5.0,7517,-249,-3.21
1393-10-29,12:29:56,562,1478330,11481197101,7540,8149,7888,7771,7650,-238,-3.02,7766,-122,-1.55
1393-10-28,12:29:58,533,1477292,11652412331,7810,8190,8221,8190,7930,-291,-3.54,7888,-333,-4.05
1393-10-27,12:29:46,474,1157464,9515979874,7871,8349,7988,7871,8160,172,2.15,8221,233,2.92
1393-10-24,12:29:59,455,1295439,10347418509,7660,8190,7888,7702,7880,-8,-0.1,7988,100,1.27
1393-10-23,12:29:48,907,2583334,20376657253,7480,8222,7831,8222,7829,-2,-0.03,7888,57,0.73
1393-10-22,12:16:40,56,133551,1045837881,7831,7831,7459,7831,7831,372,4.99,7831,372,4.99
1393-10-21,12:30:00,1041,3291411,24551884740,7070,7814,7442,7070,7814,372,5.0,7459,17,0.23
1393-10-20,12:29:26,218,484370,3604510626,7316,7939,7701,7600,7316,-385,-5.0,7442,-259,-3.36
1393-10-17,12:29:58,515,1226208,9442419512,7470,8099,7821,7690,7640,-181,-2.31,7701,-120,-1.53
1393-10-16,12:29:59,284,933646,7302461354,7776,8140,8185,8140,7776,-409,-5.0,7821,-364,-4.45
1393-10-15,12:29:25,604,1296143,10608368070,8150,8500,8578,8310,8150,-428,-4.99,8185,-393,-4.58
1393-10-14,12:29:58,632,1487193,12757633533,8230,8978,8612,8230,8321,-291,-3.38,8578,-34,-0.39
1393-10-13,12:30:00,899,2275525,19595856880,8428,9150,8871,8750,8428,-443,-4.99,8612,-259,-2.92
1393-10-10,12:29:59,804,2872040,25477961228,8854,9080,9320,8999,8854,-466,-5.0,8871,-449,-4.82
1393-10-09,12:29:59,780,1089514,10154517836,9040,9570,9231,9270,9197,-34,-0.37,9320,89,0.96
1393-10-08,12:30:04,1617,3893572,35941466766,8880,9327,8883,9327,9308,425,4.78,9231,348,3.92
1393-10-07,12:29:29,116,387079,3438422757,8883,8883,8460,8883,8883,423,5.0,8883,423,5.0
1393-10-06,12:29:13,1554,4709864,39847184392,7921,8753,8337,8570,8753,416,4.99,8460,123,1.48
1393-10-03,12:27:53,73,422227,3520106499,8337,8337,7940,8337,8337,397,5.0,8337,397,5.0
1393-10-01,12:23:44,25,127504,1012381760,7940,7940,7562,7940,7940,378,5.0,7940,378,5.0
1393-09-29,12:26:21,512,1461807,11053937784,7077,7786,7416,7372,7786,370,4.99,7562,146,1.97
1393-09-26,12:29:59,590,1664187,12341834164,7358,7920,7745,7890,7388,-357,-4.61,7416,-329,-4.25
1393-09-25,12:30:01,955,2810721,21768743276,7400,7936,7559,7610,7899,340,4.5,7745,186,2.46
1393-09-24,12:29:40,56,142630,1078140170,7559,7559,7956,7559,7559,-397,-4.99,7559,-397,-4.99
1393-09-23,12:24:50,143,519855,4135863034,7908,8198,8324,8000,7908,-416,-5.0,7956,-368,-4.42
1393-09-19,12:29:51,485,1491062,12411415131,8301,8500,8737,8401,8301,-436,-4.99,8324,-413,-4.73
1393-09-18,12:29:40,1169,3627633,31695709853,8625,9447,9078,9447,8625,-453,-4.99,8737,-341,-3.76
1393-09-17,12:29:08,1152,3045448,27648012955,8550,9327,8883,8703,9327,444,5.0,9078,195,2.2
1393-09-16,12:11:57,25,23611,209736513,8883,8883,9350,8883,8883,-467,-4.99,8883,-467,-4.99
1393-09-15,12:28:11,72,95022,888455700,9350,9350,9842,9350,9350,-492,-5.0,9350,-492,-5.0
1393-09-12,12:29:08,41,42574,419013308,9842,9842,10360,9842,9842,-518,-5.0,9842,-518,-5.0
1393-09-11,12:29:10,563,1534168,15894307929,10228,10980,10766,10800,10228,-538,-5.0,10360,-406,-3.77
1393-09-10,12:29:36,1271,6136880,66071223070,10747,11111,11312,10820,10747,-565,-4.99,10766,-546,-4.83
1393-09-09,12:26:47,268,1210901,13697648900,11294,11500,11888,11330,11294,-594,-5.0,11312,-576,-4.85
1393-09-08,12:18:29,1473,4487962,53353254226,11622,12738,12233,12530,11622,-611,-4.99,11888,-345,-2.82
1393-09-05,12:29:50,1602,5339328,65317668031,12000,12289,11704,12002,12289,585,5.0,12233,529,4.52
1393-09-04,12:29:21,73,84334,987045136,11704,11704,12320,11704,11704,-616,-5.0,11704,-616,-5.0
1393-09-03,12:30:01,938,3855828,47501914072,12010,12362,11774,12010,12300,526,4.47,12320,546,4.64
1393-09-02,12:26:31,159,1101135,12964763490,11774,11774,11214,11774,11774,560,4.99,11774,560,4.99
1393-09-01,12:25:52,41,144964,1625626296,11214,11214,10680,11214,11214,534,5.0,11214,534,5.0
1393-08-28,12:30:01,2364,9984839,106637164963,10297,11379,10838,10297,11379,541,4.99,10680,-158,-1.46
1393-08-27,12:29:38,89,249222,2701068036,10838,10838,11408,10838,10838,-570,-5.0,10838,-570,-5.0
1393-08-26,12:29:53,799,2483903,28336959461,11184,11700,11772,11600,11184,-588,-4.99,11408,-364,-3.09
1393-08-25,12:29:58,1578,4730820,55691632810,11524,12660,12130,12340,11524,-606,-5.0,11772,-358,-2.95
1393-08-24,12:29:53,1211,6921149,83956314569,11910,12136,11559,12136,12136,577,4.99,12130,571,4.94
1393-08-21,12:28:01,1280,4169137,48192203602,10810,11747,11188,11250,11747,559,5.0,11559,371,3.32
1393-08-20,12:20:19,222,1351520,15120736760,11100,11188,10656,11188,11188,532,4.99,11188,532,4.99
1393-08-19,12:26:31,41,178624,1903417344,10656,10656,10149,10656,10656,507,5.0,10656,507,5.0
1393-08-18,12:29:06,217,867519,8804472182,9899,10180,9696,10100,10180,484,4.99,10149,453,4.67
1393-08-17,12:08:47,466,1960478,19008042743,9561,9716,9254,9600,9716,462,4.99,9696,442,4.78
1393-08-14,12:29:15,163,1243404,11506728175,9150,9255,8815,9255,9255,440,4.99,9254,439,4.98
1393-08-11,12:27:54,49,71282,628350830,8815,8815,8396,8815,8815,419,4.99,8815,419,4.99
1393-08-10,12:29:52,263,884192,7423992372,7850,8489,8085,8050,8489,404,5.0,8396,311,3.85
1393-08-07,12:30:00,502,1477648,11946944728,8001,8299,8186,8299,8096,-90,-1.1,8085,-101,-1.23
1393-08-06,12:29:59,413,1056243,8646786283,7931,8350,8086,8179,8200,114,1.41,8186,100,1.24
1393-08-05,12:29:58,508,1603979,12969428605,7603,8277,7958,7880,7990,32,0.4,8086,128,1.61
1393-08-04,12:29:59,904,2699042,21479609455,7700,8130,7743,8000,7799,56,0.72,7958,215,2.78
1393-08-03,12:28:52,249,1125981,8718794547,7500,7782,7412,7630,7782,370,4.99,7743,331,4.47
1393-07-30,11:48:24,426,2435001,18047421643,7180,7449,7095,7449,7449,354,4.99,7412,317,4.47
1393-07-29,11:35:50,72,533125,3782521875,7095,7095,6758,7095,7095,337,4.99,7095,337,4.99
1393-07-28,12:29:51,337,2090652,14129167554,6220,7150,5196,6489,7100,1904,36.64,6758,1562,30.06
1393-07-27,06:30:21,0,0,0,0,0,5366,0,5366,0,0.0,5366,0,0.0
1393-07-26,06:30:18,0,0,0,0,0,5366,0,5366,0,0.0,5366,0,0.0
1393-07-23,06:30:24,0,0,0,0,0,5366,0,5366,0,0.0,5366,0,0.0
1393-07-22,12:29:35,74,498239,2673550474,5366,5366,5111,5366,5366,255,4.99,5366,255,4.99
1393-07-20,12:26:40,21,78061,398969771,5111,5111,4868,5111,5111,243,4.99,5111,243,4.99
1393-07-19,12:10:01,15,31206,151910808,4868,4868,4637,4868,4868,231,4.98,4868,231,4.98
1393-07-16,11:49:55,181,694300,3219641230,4570,4705,4481,4570,4705,224,5.0,4637,156,3.48
1393-07-15,12:29:52,61,396170,1775045145,4450,4549,4541,4480,4528,-13,-0.29,4481,-60,-1.32
1393-07-14,12:29:56,67,133768,607465662,4472,4647,4603,4620,4570,-33,-0.72,4541,-62,-1.35
1393-07-12,12:28:40,12,24457,112574656,4522,4670,4514,4670,4600,86,1.91,4603,89,1.97
1393-07-09,12:28:48,42,53448,241269538,4421,4665,4531,4665,4530,-1,-0.02,4514,-17,-0.38
1393-07-08,14:36:20,0,0,0,0,0,4531,4531,4531,0,0.0,4531,0,0.0
1393-07-07,06:30:24,0,0,0,0,0,4531,0,4600,0,0.0,4531,0,0.0
1393-07-06,06:30:27,0,0,0,0,0,4531,0,4600,69,1.52,4531,0,0.0
1393-07-05,12:50:52,120,176749,800832259,4494,4700,4612,4700,4600,-12,-0.26,4531,-81,-1.76
1393-07-02,13:09:21,69,257673,1188485212,4580,4699,4599,4630,4630,31,0.67,4612,13,0.28
1393-07-01,12:29:22,83,375117,1725275679,4521,4700,4647,4600,4700,53,1.14,4599,-48,-1.03
1393-06-31,12:29:40,36,158009,734323902,4550,4668,4634,4550,4640,6,0.13,4647,13,0.28
1393-06-30,12:29:39,56,164315,761473382,4556,4700,4601,4700,4556,-45,-0.98,4634,33,0.72
1393-06-29,12:29:58,47,52266,240493488,4501,4700,4564,4700,4602,38,0.83,4601,37,0.81
1393-06-26,12:29:51,41,105935,483533084,4553,4742,4624,4742,4554,-70,-1.51,4564,-60,-1.3
1393-06-25,12:28:15,50,311715,1441340620,4558,4749,4695,4749,4560,-135,-2.88,4624,-71,-1.51
1393-06-24,12:29:56,46,119775,562357453,4601,4740,4626,4740,4705,79,1.71,4695,69,1.49
1393-06-23,12:29:55,25,69981,323714038,4536,4886,4700,4886,4679,-21,-0.45,4626,-74,-1.57
1393-06-22,12:29:55,41,379251,1782575981,4605,4780,4711,4605,4607,-104,-2.21,4700,-11,-0.23
1393-06-19,12:29:39,49,185563,874276827,4650,4890,4816,4890,4650,-166,-3.45,4711,-105,-2.18
1393-06-18,12:27:47,50,118925,572766171,4653,4947,4727,4653,4790,63,1.33,4816,89,1.88
1393-06-17,12:29:02,31,115454,545761186,4700,4810,4716,4739,4738,22,0.47,4727,11,0.23
1393-06-16,12:25:56,75,167369,789248281,4651,4888,4846,4701,4691,-155,-3.2,4716,-130,-2.68
1393-06-15,12:29:59,43,169876,823135517,4715,5020,4920,5020,4770,-150,-3.05,4846,-74,-1.5
1393-06-12,12:22:59,53,113165,556746770,4736,5010,4882,4736,4900,18,0.37,4920,38,0.78
1393-06-11,12:29:47,87,255571,1247805105,4801,5010,5029,5000,4900,-129,-2.57,4882,-147,-2.92
1393-06-10,12:26:50,71,175950,884866342,4980,5100,5060,5100,4980,-80,-1.58,5029,-31,-0.61
1393-06-09,12:29:51,60,272578,1379359398,5012,5198,5105,5149,5090,-15,-0.29,5060,-45,-0.88
1393-06-08,12:29:01,10,21309,108783839,5100,5166,5168,5100,5111,-57,-1.1,5105,-63,-1.22
1393-06-05,12:25:24,72,125898,650635162,5100,5280,5232,5270,5200,-32,-0.61,5168,-64,-1.22
1393-06-04,12:28:47,56,217987,1140611945,5001,5340,5187,5001,5155,-32,-0.62,5232,45,0.87
1393-06-03,12:29:53,37,41499,215275050,5123,5238,5122,5160,5210,88,1.72,5187,65,1.27
1393-06-02,12:29:25,56,110685,566968004,5008,5189,5195,5131,5099,-96,-1.85,5122,-73,-1.41
1393-06-01,12:29:36,50,181359,942098006,5131,5280,5216,5131,5150,-66,-1.27,5195,-21,-0.4
1393-05-29,12:25:06,76,299352,1561360809,5152,5300,5310,5298,5200,-110,-2.07,5216,-94,-1.77
1393-05-28,12:28:55,33,85092,451833311,5266,5400,5320,5400,5297,-23,-0.43,5310,-10,-0.19
1393-05-27,12:28:04,45,124725,663566332,5223,5400,5298,5380,5262,-36,-0.68,5320,22,0.42
1393-05-26,12:29:39,105,350927,1859195129,5121,5450,5252,5123,5237,-15,-0.29,5298,46,0.88
1393-05-25,12:30:00,95,309741,1626681262,5120,5397,5365,5151,5305,-60,-1.12,5252,-113,-2.11
1393-05-22,12:29:04,214,571450,3065746580,5203,5530,5414,5203,5221,-193,-3.56,5365,-49,-0.91
1393-05-21,12:29:45,200,751699,4069601091,5251,5559,5316,5400,5310,-6,-0.11,5414,98,1.84
1393-05-20,12:16:18,224,826814,4395343928,5159,5371,5116,5259,5371,255,4.98,5316,200,3.91
1393-05-19,12:29:33,108,310217,1587198183,5070,5264,5184,5260,5189,5,0.1,5116,-68,-1.31
1393-05-18,12:29:56,225,1967964,10201659879,5051,5196,4949,5070,5170,221,4.47,5184,235,4.75
1393-05-15,12:29:28,68,351688,1740659513,4737,5030,4925,4900,5029,104,2.11,4949,24,0.49
1393-05-14,12:29:58,35,51478,253527879,4852,5038,4975,5038,4960,-15,-0.3,4925,-50,-1.01
1393-05-13,12:29:57,65,68792,342247810,4900,5098,4898,5098,4945,47,0.96,4975,77,1.57
1393-05-12,12:29:22,31,92119,451179055,4810,5019,4965,4887,4970,5,0.1,4898,-67,-1.35
1393-05-11,12:29:51,77,230336,1143654857,4921,5190,5143,5190,4921,-222,-4.32,4965,-178,-3.46
1393-05-06,12:29:33,185,554251,2850783437,5055,5210,4966,5100,5124,158,3.18,5143,177,3.56
1393-05-05,12:26:18,131,872107,4330844571,4751,4981,4744,4900,4981,237,5.0,4966,222,4.68
1393-05-04,12:29:57,24,62923,298511647,4710,4800,4949,4753,4737,-212,-4.28,4744,-205,-4.14
1393-05-01,12:29:41,176,539803,2671463280,4770,5140,5003,4900,4951,-52,-1.04,4949,-54,-1.08
1393-04-31,12:13:33,139,891162,4458407666,5000,5003,4765,5003,5003,238,4.99,5003,238,4.99
1393-04-30,11:38:30,71,215319,1026086423,4400,4815,4586,4400,4815,229,4.99,4765,179,3.9
1393-04-29,12:28:52,40,124255,569777255,4471,4700,4696,4660,4560,-136,-2.9,4586,-110,-2.34
1393-04-25,13:13:00,113,297570,1397409728,4501,4790,4598,4688,4680,82,1.78,4696,98,2.13
1393-04-24,12:29:40,64,158333,728072357,4511,4799,4746,4799,4526,-220,-4.64,4598,-148,-3.12
1393-04-23,12:29:48,70,244580,1160835839,4661,4790,4589,4739,4779,190,4.14,4746,157,3.42
1393-04-22,12:23:01,151,688916,3161616345,4575,4899,4815,4899,4620,-195,-4.05,4589,-226,-4.69
1393-04-21,12:29:32,89,233810,1125735382,4750,4985,4920,4985,4760,-160,-3.25,4815,-105,-2.13
1393-04-18,12:29:57,150,648124,3188955645,4770,5100,5015,5010,4782,-233,-4.65,4920,-95,-1.89
1393-04-17,12:29:36,107,813513,4079588941,4930,5022,4783,4960,5010,227,4.75,5015,232,4.85
1393-04-16,12:29:51,198,1120973,5361119676,4717,5000,4965,4730,4800,-165,-3.32,4783,-182,-3.67
1393-04-15,11:57:45,104,404062,2006063557,4936,5066,5195,5066,4936,-259,-4.99,4965,-230,-4.43
1393-04-14,12:29:30,193,987137,5128619890,5000,5209,4961,5000,5209,248,5.0,5195,234,4.72
1393-04-11,12:29:48,369,1964051,9743744974,4850,5221,4891,5221,4975,84,1.72,4961,70,1.43
1393-04-10,06:30:27,0,0,0,0,0,4891,0,4860,0,0.0,4891,0,0.0
1393-04-09,06:30:22,0,0,0,0,0,4891,0,4860,0,0.0,4891,0,0.0
1393-04-08,06:30:26,0,0,0,0,0,4891,0,4860,-31,-0.63,4891,0,0.0
1393-04-07,06:30:27,0,0,0,0,0,4891,0,4860,0,0.0,4891,0,0.0
1393-04-04,06:30:19,0,0,0,0,0,4891,0,4860,-31,-0.63,4891,0,0.0
1393-04-03,06:30:22,0,0,0,0,0,4891,0,4860,-31,-0.63,4891,0,0.0
1393-04-02,06:30:23,0,0,0,0,0,4891,0,4860,0,0.0,4891,0,0.0
1393-04-01,06:30:21,0,0,0,0,0,4891,0,4860,0,0.0,4891,0,0.0
1393-03-31,06:30:25,0,0,0,0,0,4891,0,4860,0,0.0,4891,0,0.0
1393-03-28,06:30:23,0,0,0,0,0,4891,0,4860,0,0.0,4891,0,0.0
1393-03-27,06:30:24,0,0,0,0,0,4891,0,4860,0,0.0,4891,0,0.0
1393-03-26,06:30:21,0,0,0,0,0,4891,0,4860,0,0.0,4891,0,0.0
1393-03-25,11:41:38,78,298994,1462286366,4831,5050,5085,5050,4860,-225,-4.42,4891,-194,-3.82
1393-03-24,12:28:19,113,383569,1950495386,5049,5200,5314,5075,5049,-265,-4.99,5085,-229,-4.31
1393-03-21,12:25:08,129,263750,1401497044,5245,5580,5521,5435,5304,-217,-3.93,5314,-207,-3.75
1393-03-20,12:27:12,74,192668,1063767732,5479,5650,5767,5510,5650,-117,-2.03,5521,-246,-4.27
1393-03-19,12:29:08,105,276275,1593396742,5600,5900,5890,5601,5601,-289,-4.91,5767,-123,-2.09
1393-03-18,12:29:54,332,1055750,6218333110,5604,5991,5706,5991,5746,40,0.7,5890,184,3.22
1393-03-17,11:45:39,23,178339,1017602334,5706,5706,5435,5706,5706,271,4.99,5706,271,4.99
1393-03-13,12:15:51,20,140804,765269740,5435,5435,5177,5435,5435,258,4.98,5435,258,4.98
1393-03-12,13:08:46,140,411195,2128877967,5015,5282,5031,5032,5282,251,4.99,5177,146,2.9
1393-03-11,12:46:52,132,266821,1342420245,5011,5150,5245,5018,5023,-222,-4.23,5031,-214,-4.08
1393-03-10,12:29:59,89,162071,850008694,5111,5350,5335,5307,5200,-135,-2.53,5245,-90,-1.69
1393-03-07,12:24:03,152,594534,3171864663,5230,5599,5505,5320,5302,-203,-3.69,5335,-170,-3.09
1393-03-05,12:29:43,202,531854,2927639381,5469,5730,5756,5730,5469,-287,-4.99,5505,-251,-4.36
1393-03-04,12:29:47,197,567580,3267093380,5620,5980,6346,5980,5700,-646,-10.18,5756,-590,-9.3
1393-03-03,12:29:33,10,21697,124125764,5718,5725,6579,5719,5724,-855,-13.0,6346,-233,-3.54
1393-02-31,06:30:19,0,0,0,0,0,6579,0,6521,-58,-0.88,6579,0,0.0
1393-02-30,06:30:19,0,0,0,0,0,6579,0,6521,0,0.0,6579,0,0.0
1393-02-29,12:29:18,125,520658,3425535152,6500,6900,6698,6900,6521,-177,-2.64,6579,-119,-1.78
1393-02-28,12:11:34,193,516151,3457418317,6466,6817,6493,6466,6817,324,4.99,6698,205,3.16
1393-02-27,12:30:01,125,283617,1841459796,6431,6750,6769,6750,6466,-303,-4.48,6493,-276,-4.08
1393-02-24,12:29:43,64,235072,1591302053,6600,6875,6757,6600,6875,118,1.75,6769,12,0.18
1393-02-22,12:29:23,121,122957,830865165,6650,6900,6695,6652,6760,65,0.97,6757,62,0.93
1393-02-21,12:29:29,204,1040308,6964690481,6580,6880,6837,6723,6736,-101,-1.48,6695,-142,-2.08
1393-02-20,12:29:48,113,440172,3009448574,6700,7150,6969,7150,6890,-79,-1.13,6837,-132,-1.89
1393-02-17,12:29:37,91,183763,1280713931,6780,7189,7102,6900,7000,-102,-1.44,6969,-133,-1.87
1393-02-16,12:27:27,116,185891,1320269072,7020,7400,7234,7111,7020,-214,-2.96,7102,-132,-1.82
1393-02-15,12:29:33,139,491357,3554239975,7000,7490,7320,7145,7150,-170,-2.32,7234,-86,-1.17
1393-02-14,12:29:24,80,158979,1163678797,7317,7400,7702,7400,7317,-385,-5.0,7320,-382,-4.96
1393-02-13,12:29:53,106,536662,4133512885,7412,7779,7778,7730,7450,-328,-4.22,7702,-76,-0.98
1393-02-10,12:26:48,227,2550111,19834786504,7500,7800,7724,7600,7600,-124,-1.61,7778,54,0.7
1393-02-09,12:29:16,169,1084952,8379726076,7421,7851,7651,7769,7500,-151,-1.97,7724,73,0.95
1393-02-08,12:30:01,130,593544,4541008519,7410,7719,7749,7410,7611,-138,-1.78,7651,-98,-1.26
1393-02-07,12:29:24,258,1181043,9151849913,7500,8000,7736,8000,7556,-180,-2.33,7749,13,0.17
1393-02-06,12:24:38,181,949496,7345154044,7570,7761,7392,7580,7761,369,4.99,7736,344,4.65
1393-02-03,12:29:26,243,800781,5919634792,7118,7670,7400,7118,7150,-250,-3.38,7392,-8,-0.11
1393-02-02,12:30:02,273,1044394,7728506361,7115,7466,7111,7466,7222,111,1.56,7400,289,4.06
1393-02-01,10:16:49,15,44180,314163980,7111,7111,6773,7111,7111,338,4.99,7111,338,4.99
1393-01-31,12:05:17,17,38270,259202710,6773,6773,6451,6773,6773,322,4.99,6773,322,4.99
1393-01-30,12:24:55,94,289845,1869700015,6370,6879,6705,6879,6370,-335,-5.0,6451,-254,-3.79
1393-01-27,12:08:17,130,560919,3761238188,6672,6707,6388,6680,6707,319,4.99,6705,317,4.96
1393-01-26,12:28:55,111,431059,2753674893,6234,6877,6562,6261,6360,-202,-3.08,6388,-174,-2.65
1393-01-25,12:29:28,98,209253,1373121338,6555,6790,6899,6571,6555,-344,-4.99,6562,-337,-4.88
1393-01-24,12:29:46,118,307774,2123198534,6897,7035,7259,7035,6897,-362,-4.99,6899,-360,-4.96
1393-01-23,12:29:47,161,416993,3026909435,7034,7686,7404,7402,7035,-369,-4.98,7259,-145,-1.96
1393-01-20,12:29:57,84,275223,2037859475,7350,7799,7717,7799,7500,-217,-2.81,7404,-313,-4.06
1393-01-19,12:23:11,139,387903,2993456879,7553,7738,7370,7700,7554,184,2.5,7717,347,4.71
1393-01-18,12:29:53,122,206386,1521139288,7210,7597,7508,7593,7450,-58,-0.77,7370,-138,-1.84
1393-01-17,12:21:29,86,367898,2762100104,7506,7521,7901,7521,7506,-395,-5.0,7508,-393,-4.97
1393-01-16,12:19:34,63,170611,1347930755,7606,8169,7961,8169,7699,-262,-3.29,7901,-60,-0.75
1393-01-11,12:19:24,118,316388,2518749890,7670,7998,7618,7880,7950,332,4.36,7961,343,4.5
1393-01-10,12:24:16,44,210384,1602635240,7499,7656,7292,7604,7656,364,4.99,7618,326,4.47
1393-01-09,12:29:58,33,78986,575970381,7234,7500,7351,7274,7285,-66,-0.9,7292,-59,-0.8
1393-01-06,12:24:33,51,137987,1014367217,7153,7500,7526,7153,7300,-226,-3.0,7351,-175,-2.33
1393-01-05,12:27:53,62,200663,1510283472,7431,8049,7822,8049,7435,-387,-4.95,7526,-296,-3.78
1392-12-28,12:30:10,193,583548,4564526038,7727,8130,8133,8130,7751,-382,-4.7,7822,-311,-3.82
1392-12-27,12:29:49,172,336870,2739917116,7850,8398,8078,8398,8060,-18,-0.22,8133,55,0.68
1392-12-26,11:59:16,200,643811,5200871093,7900,8080,7696,8080,8080,384,4.99,8078,382,4.96
1392-12-25,12:06:18,97,360270,2772794017,7123,7738,7370,7728,7738,368,4.99,7696,326,4.42
1392-12-24,12:15:38,151,858303,6326024306,7250,7375,7024,7330,7375,351,5.0,7370,346,4.93
1392-12-21,11:59:54,117,396922,2787787356,6880,7390,7148,6950,7287,139,1.94,7024,-124,-1.73
1392-12-20,11:35:22,113,348558,2491437509,7140,7241,7515,7201,7140,-375,-4.99,7148,-367,-4.88
1392-12-19,12:27:27,106,421715,3169138078,7347,7780,7733,7780,7490,-243,-3.14,7515,-218,-2.82
1392-12-18,11:59:48,139,576336,4456980457,7687,8000,8091,8000,7733,-358,-4.42,7733,-358,-4.42
1392-12-17,12:27:58,257,1063052,8601062436,7999,8555,8420,8500,8091,-329,-3.91,8091,-329,-3.91
1392-12-14,12:30:00,251,902387,7598028465,8100,8570,8276,8400,8420,144,1.74,8420,144,1.74
1392-12-13,12:29:37,241,1066143,8823271969,8103,8798,8529,8230,8275,-254,-2.98,8276,-253,-2.97
1392-12-12,11:52:19,52,93785,799845548,8501,8770,8948,8503,8501,-447,-5.0,8529,-419,-4.68
1392-12-11,12:29:57,306,726704,6502597254,8600,9189,8789,9170,8898,109,1.24,8948,159,1.81
1392-12-10,12:24:15,256,1039460,9135805140,8785,8789,8371,8789,8789,418,4.99,8789,418,4.99
1392-12-07,12:16:06,192,486764,4074471258,8060,8650,8435,8540,8370,-65,-0.77,8371,-64,-0.76
1392-12-06,12:26:03,143,456642,3851656773,8201,8650,8491,8499,8434,-57,-0.67,8435,-56,-0.66
1392-12-05,11:54:27,177,630377,5352593821,8200,8800,8519,8200,8490,-29,-0.34,8491,-28,-0.33
1392-12-04,12:00:00,264,878849,7487007186,8151,8948,8575,8799,8270,-305,-3.56,8519,-56,-0.65
1392-12-03,12:08:19,84,362383,3107274792,8401,8606,8197,8497,8606,409,4.99,8575,378,4.61
1392-11-30,12:29:21,415,3268503,26792253161,8000,8201,7811,8000,8197,386,4.94,8197,386,4.94
1392-11-29,12:24:36,123,427136,3336326331,7621,8244,8010,8179,7824,-186,-2.32,7811,-199,-2.48
1392-11-28,12:26:49,133,979494,7845570581,7300,8047,7664,8047,8010,346,4.51,8010,346,4.51
1392-11-27,12:17:01,44,182265,1396853500,7570,7677,7312,7570,7677,365,4.99,7664,352,4.81
1392-11-26,12:03:35,192,1017977,7443016044,7131,7880,7506,7131,7316,-190,-2.53,7312,-194,-2.58
1392-11-23,10:56:35,8,4414,33131484,7506,7506,7901,7506,7506,-395,-5.0,7506,-395,-5.0
1392-11-21,11:42:50,32,83727,661541300,7888,8150,8303,8002,7888,-415,-5.0,7901,-402,-4.84
1392-11-20,12:30:01,333,1368002,11357842284,8251,8685,8685,8251,8251,-434,-5.0,8303,-382,-4.4
1392-11-19,09:40:54,4,2123,18438255,8685,8685,9142,8685,8685,-457,-5.0,8685,-457,-5.0
1392-11-16,11:50:11,20,114983,1051128603,9141,9210,9622,9210,9141,-481,-5.0,9142,-480,-4.99
1392-11-15,12:29:22,110,156580,1506670911,9410,9800,9493,9500,9420,-73,-0.77,9622,129,1.36
1392-11-14,12:29:28,197,778902,7393917975,9400,9750,9894,9531,9501,-393,-3.97,9493,-401,-4.05
1392-11-13,12:29:52,403,1537863,15215830534,9501,10300,9980,9990,9652,-328,-3.29,9894,-86,-0.86
1392-11-12,12:27:35,264,1746628,17431285496,9700,9988,9513,9988,9988,475,4.99,9980,467,4.91
1392-11-09,12:25:52,103,594212,5652742566,9350,9520,9067,9495,9520,453,5.0,9513,446,4.92
1392-11-08,12:29:57,933,7582622,68752900979,8968,9912,9440,8968,9429,-11,-0.12,9067,-373,-3.95
1392-11-07,14:13:00,0,0,0,0,0,9440,9440,9440,0,0.0,9440,0,0.0
1392-11-06,11:23:01,2,1636,15443840,9440,9440,9936,9440,9440,-496,-4.99,9440,-496,-4.99
1392-11-05,14:23:14,12,8406,83522016,9936,9936,10458,9936,9936,-522,-4.99,9936,-522,-4.99
1392-11-02,12:18:53,15,24275,253867950,10458,10458,11008,10458,10458,-550,-5.0,10458,-550,-5.0
1392-11-01,06:30:25,0,0,0,0,0,11008,0,11008,0,0.0,11008,0,0.0
1392-10-30,06:30:23,0,0,0,0,0,11008,0,11008,0,0.0,11008,0,0.0
1392-10-28,06:30:22,0,0,0,0,0,11008,0,11008,0,0.0,11008,0,0.0
1392-10-25,06:30:17,0,0,0,0,0,11008,0,11008,0,0.0,11008,0,0.0
1392-10-24,06:30:23,0,0,0,0,0,11008,0,11008,0,0.0,11008,0,0.0
1392-10-23,06:30:29,0,0,0,0,0,11008,0,11008,0,0.0,11008,0,0.0
1392-10-22,06:30:24,0,0,0,0,0,11008,0,11008,0,0.0,11008,0,0.0
1392-10-21,06:30:22,0,0,0,0,0,11008,0,11008,0,0.0,11008,0,0.0
1392-10-18,06:30:34,0,0,0,0,0,11008,0,11008,0,0.0,11008,0,0.0
1392-10-17,06:30:28,0,0,0,0,0,11008,0,11008,0,0.0,11008,0,0.0
1392-10-16,06:30:24,0,0,0,0,0,11008,0,11008,0,0.0,11008,0,0.0
1392-10-15,06:30:27,0,0,0,0,0,11008,0,11008,0,0.0,11008,0,0.0
1392-10-14,06:30:26,0,0,0,0,0,11008,0,11008,0,0.0,11008,0,0.0
1392-10-11,06:30:30,0,0,0,0,0,11008,0,11008,0,0.0,11008,0,0.0
1392-10-09,06:30:37,0,0,0,0,0,11008,0,11008,0,0.0,11008,0,0.0
1392-10-08,06:30:25,0,0,0,0,0,11008,0,11008,0,0.0,11008,0,0.0
1392-10-07,06:30:29,0,0,0,0,0,11008,0,11008,0,0.0,11008,0,0.0
1392-10-04,06:30:28,0,0,0,0,0,11008,0,11008,0,0.0,11008,0,0.0
1392-10-03,06:30:24,0,0,0,0,0,11008,0,11008,0,0.0,11008,0,0.0
1392-10-01,06:30:32,0,0,0,0,0,11008,0,11008,0,0.0,11008,0,0.0
1392-09-30,06:30:24,0,0,0,0,0,11008,0,11008,0,0.0,11008,0,0.0
1392-09-27,06:30:22,0,0,0,0,0,11008,0,11008,0,0.0,11008,0,0.0
1392-09-26,06:30:30,0,0,0,0,0,11008,0,11008,0,0.0,11008,0,0.0
1392-09-25,06:30:26,0,0,0,0,0,11008,0,11008,0,0.0,11008,0,0.0
1392-09-24,06:30:33,0,0,0,0,0,11008,0,11008,0,0.0,11008,0,0.0
1392-09-23,06:30:35,0,0,0,0,0,11008,0,11008,0,0.0,11008,0,0.0
1392-09-20,06:30:26,0,0,0,0,0,11008,0,11008,0,0.0,11008,0,0.0
1392-09-19,06:30:24,0,0,0,0,0,11008,0,11008,0,0.0,11008,0,0.0
1392-09-18,06:30:22,0,0,0,0,0,11008,0,11008,0,0.0,11008,0,0.0
1392-09-17,06:30:25,0,0,0,0,0,11008,0,11008,0,0.0,11008,0,0.0
1392-09-16,06:30:17,0,0,0,0,0,11008,0,11008,0,0.0,11008,0,0.0
1392-09-13,06:30:18,0,0,0,0,0,11008,0,11008,0,0.0,11008,0,0.0
1392-09-12,12:28:11,142,1532533,16870123264,11008,11008,10484,11008,11008,524,5.0,11008,524,5.0
1392-09-11,12:09:38,26,142402,1492942568,10484,10484,9985,10484,10484,499,5.0,10484,499,5.0
1392-09-10,12:34:47,23,138790,1385818150,9985,9985,9510,9985,9985,475,4.99,9985,475,4.99
1392-09-09,12:29:38,149,808321,7686733465,9190,9565,9110,9195,9565,455,4.99,9510,400,4.39
1392-09-06,12:30:45,314,2048544,18662476908,9080,9532,9557,9080,9340,-217,-2.27,9110,-447,-4.68
1392-09-05,12:29:29,1092,5663335,54123681885,9007,9671,9211,9130,9100,-111,-1.21,9557,346,3.76
1392-09-04,12:30:57,741,7948554,73217705020,8501,9233,8794,9233,9101,307,3.49,9211,417,4.74
1392-09-03,11:24:08,66,761634,6697809396,8794,8794,8376,8794,8794,418,4.99,8794,418,4.99
1392-09-02,12:05:25,462,8737025,73181321400,8376,8376,7978,8376,8376,398,4.99,8376,398,4.99
1392-08-29,12:11:16,13,82636,659270008,7978,7978,7599,7978,7978,379,4.99,7978,379,4.99
1392-08-28,10:20:41,7,42810,325313190,7599,7599,7238,7599,7599,361,4.99,7599,361,4.99
1392-08-27,09:02:47,7,212500,1538075000,7238,7238,6894,7238,7238,344,4.99,7238,344,4.99
1392-08-26,11:57:43,19,524845,3618281430,6894,6894,6566,6894,6894,328,5.0,6894,328,5.0
1392-08-25,11:29:53,28,542598,3562698468,6566,6566,6254,6566,6566,312,4.99,6566,312,4.99
1392-08-21,10:25:19,60,1173479,7338937666,6254,6254,5957,6254,6254,297,4.99,6254,297,4.99
1392-08-20,11:50:52,108,1596189,9509174341,5690,5960,5677,5959,5960,283,4.99,5957,280,4.93
1392-08-19,11:44:17,347,2970961,16866677333,5270,5822,5545,5789,5822,277,5.0,5677,132,2.38
1392-08-18,11:28:29,12,37508,207981860,5545,5545,5281,5545,5545,264,5.0,5545,264,5.0
1392-08-15,11:57:58,5,8162,43103522,5281,5281,5030,5281,5281,251,4.99,5281,251,4.99
1392-08-14,09:02:14,3,9365,47105950,5030,5030,4791,5030,5030,239,4.99,5030,239,4.99
1392-08-13,11:42:24,12,70795,339178845,4791,4791,4563,4791,4791,228,5.0,4791,228,5.0
1392-08-12,11:58:24,23,239875,1094549625,4563,4563,4346,4563,4563,217,4.99,4563,217,4.99
1392-08-11,11:58:09,70,329883,1433613376,4211,4372,4164,4330,4372,208,5.0,4346,182,4.37
1392-08-08,11:56:30,30,198206,825329784,4164,4164,3966,4164,4164,198,4.99,4164,198,4.99
1392-08-07,11:58:21,50,182578,724134809,3800,3991,3801,3800,3991,190,5.0,3966,165,4.34
1392-08-06,11:59:40,49,150813,573220426,3767,3900,3946,3801,3840,-106,-2.69,3801,-145,-3.67
1392-08-05,11:58:44,79,154318,608891928,3816,4076,3990,4020,3870,-120,-3.01,3946,-44,-1.1
1392-08-04,11:59:41,187,753320,3005596827,3912,4180,4116,4180,4011,-105,-2.55,3990,-126,-3.06
1392-08-01,11:59:51,209,1593349,6558092235,3700,5000,3432,5000,4200,768,22.38,4116,684,19.93
1392-07-30,06:30:25,0,0,0,0,0,3432,0,3695,0,0.0,3432,0,0.0
1392-07-29,06:30:25,0,0,0,0,0,3432,0,3695,0,0.0,3432,0,0.0
1392-07-28,06:30:26,0,0,0,0,0,3432,0,3695,0,0.0,3432,0,0.0
1392-07-27,06:30:28,0,0,0,0,0,3592,0,3695,0,0.0,3592,0,0.0
1392-07-23,06:30:22,0,0,0,0,0,3592,0,3695,0,0.0,3592,0,0.0
1392-07-22,06:30:26,0,0,0,0,0,3592,0,3695,0,0.0,3592,0,0.0
1392-07-21,06:30:24,0,0,0,0,0,3592,0,3695,0,0.0,3592,0,0.0
1392-07-20,12:00:12,154,332487,1194435780,3556,3867,3743,3867,3695,-48,-1.28,3592,-151,-4.03
1392-07-17,12:00:02,60,121218,453734695,3660,3900,3830,3864,3662,-168,-4.39,3743,-87,-2.27
1392-07-16,11:42:13,117,306365,1173342933,3623,3900,3742,3760,3865,123,3.29,3830,88,2.35
1392-07-15,11:59:53,194,630429,2358920488,3680,3772,3593,3690,3691,98,2.73,3742,149,4.15
1392-07-14,14:05:06,130,324391,1165564829,3524,3760,3690,3760,3560,-130,-3.52,3593,-97,-2.63
1392-07-13,11:54:07,104,243417,898205084,3551,3829,3687,3829,3620,-67,-1.82,3690,3,0.08
1392-07-10,11:59:46,125,296270,1092273854,3641,3795,3832,3795,3650,-182,-4.75,3687,-145,-3.78
1392-07-09,11:59:49,68,137970,528755545,3650,3880,3728,3728,3798,70,1.88,3832,104,2.79
1392-07-08,06:30:28,0,0,0,0,0,3728,0,3711,0,0.0,3728,0,0.0
1392-07-07,06:30:24,0,0,0,0,0,3728,0,3711,0,0.0,3728,0,0.0
1392-07-06,12:00:13,171,388481,1448171048,3610,3899,3728,3899,3711,-17,-0.46,3728,0,0.0
1392-07-03,11:59:33,186,439870,1639685613,3510,3806,3625,3510,3765,140,3.86,3728,103,2.84
1392-07-02,11:59:36,127,265657,962891761,3591,3769,3780,3769,3592,-188,-4.97,3625,-155,-4.1
1392-07-01,12:17:56,244,623521,2357007699,3657,3950,3798,3798,3700,-98,-2.58,3780,-18,-0.47
1392-06-31,11:59:56,570,1372752,5213133671,3657,3839,3657,3839,3797,140,3.83,3798,141,3.86
1392-06-30,11:41:06,51,209468,766024476,3657,3657,3483,3657,3657,174,5.0,3657,174,5.0
1392-06-27,11:52:16,20,62891,219049353,3483,3483,3318,3483,3483,165,4.97,3483,165,4.97
1392-06-26,12:13:34,101,266288,883618029,3250,3332,3174,3250,3332,158,4.98,3318,144,4.54
1392-06-25,11:58:15,35,65842,208989102,3049,3249,3197,3249,3210,13,0.41,3174,-23,-0.72
1392-06-24,11:59:21,88,221030,706661105,3065,3322,3213,3322,3212,-1,-0.03,3197,-16,-0.5
1392-06-23,11:59:28,145,427003,1371799352,3173,3440,3340,3440,3210,-130,-3.89,3213,-127,-3.8
1392-06-20,11:56:11,20,50782,169611880,3340,3340,3181,3340,3340,159,5.0,3340,159,5.0
1392-06-19,09:47:49,7,8701,27677881,3181,3181,3030,3181,3181,151,4.98,3181,151,4.98
1392-06-18,11:59:58,16,39660,120169800,3030,3030,2886,3030,3030,144,4.99,3030,144,4.99
1392-06-17,11:56:22,59,103626,299054847,2780,2887,2750,2780,2887,137,4.98,2886,136,4.95
1392-06-16,11:56:57,141,298924,821922454,2730,2800,2849,2730,2780,-69,-2.42,2750,-99,-3.47
1392-06-13,10:17:01,57,140108,399162802,2838,2956,2987,2851,2838,-149,-4.99,2849,-138,-4.62
1392-06-12,11:59:53,84,221885,662700586,2921,3150,3074,3030,2921,-153,-4.98,2987,-87,-2.83
1392-06-10,11:59:58,185,717753,2206338264,3019,3330,3177,3019,3042,-135,-4.25,3074,-103,-3.24
1392-06-09,11:25:44,19,73451,233353827,3177,3177,3344,3177,3177,-167,-4.99,3177,-167,-4.99
1392-06-06,11:45:10,8,17505,58536720,3344,3344,3520,3344,3344,-176,-5.0,3344,-176,-5.0
1392-06-05,10:40:00,54,142702,502251943,3490,3670,3673,3525,3490,-183,-4.98,3520,-153,-4.17
1392-06-04,11:59:45,174,626987,2303214336,3653,3787,3845,3654,3653,-192,-4.99,3673,-172,-4.47
1392-06-03,11:58:37,66,147896,568617417,3828,3988,4029,3988,3828,-201,-4.99,3845,-184,-4.57
1392-06-02,11:59:55,647,2285159,9206144037,3768,4164,3966,4164,3788,-178,-4.49,4029,63,1.59
1392-05-30,11:47:03,275,971612,3853413192,3966,3966,3778,3966,3966,188,4.98,3966,188,4.98
1392-05-29,11:22:07,168,671349,2536619469,3750,3780,3600,3780,3780,180,5.0,3778,178,4.94
1392-05-28,11:38:05,368,1032299,3716764239,3351,3614,3442,3351,3614,172,5.0,3600,158,4.59
1392-05-27,11:59:59,166,719021,2474856763,3434,3649,3614,3649,3590,-24,-0.66,3442,-172,-4.76
1392-05-26,11:59:48,300,796889,2879775769,3435,3795,3615,3795,3600,-15,-0.41,3614,-1,-0.03
1392-05-23,12:16:52,243,885990,3202813850,3610,3615,3443,3615,3615,172,5.0,3615,172,5.0
1392-05-22,11:59:30,409,1336429,4601168338,3379,3699,3556,3379,3640,84,2.36,3443,-113,-3.18
1392-05-21,11:57:29,81,279960,995465726,3351,3650,3527,3650,3351,-176,-4.99,3556,29,0.82
1392-05-20,11:59:57,332,1194112,4211511620,3380,3540,3372,3540,3502,130,3.86,3527,155,4.6
1392-05-16,06:30:22,0,0,0,0,0,3372,0,3372,0,0.0,3372,0,0.0
1392-05-15,06:30:23,0,0,0,0,0,3372,0,3372,0,0.0,3372,0,0.0
1392-05-14,06:30:23,0,0,0,0,0,3372,0,3372,0,0.0,3372,0,0.0
1392-05-13,06:30:28,0,0,0,0,0,3372,0,3372,0,0.0,3372,0,0.0
1392-05-12,06:30:30,0,0,0,0,0,3372,0,3372,0,0.0,3372,0,0.0
1392-05-09,06:30:28,0,0,0,0,0,3372,0,3372,0,0.0,3372,0,0.0
1392-05-07,06:30:23,0,0,0,0,0,3372,0,3372,0,0.0,3372,0,0.0
1392-05-06,06:30:26,0,0,0,0,0,3372,0,3372,0,0.0,3372,0,0.0
1392-05-05,06:30:25,0,0,0,0,0,3372,0,3372,0,0.0,3372,0,0.0
1392-05-02,06:30:19,0,0,0,0,0,3372,0,3372,0,0.0,3372,0,0.0
1392-05-01,06:30:27,0,0,0,0,0,3372,0,3372,0,0.0,3372,0,0.0
1392-04-31,06:30:22,0,0,0,0,0,3372,0,3372,0,0.0,3372,0,0.0
1392-04-30,06:30:22,0,0,0,0,0,3372,0,3372,0,0.0,3372,0,0.0
1392-04-29,06:30:25,0,0,0,0,0,3372,0,3372,0,0.0,3372,0,0.0
1392-04-26,06:30:28,0,0,0,0,0,3372,0,3372,0,0.0,3372,0,0.0
1392-04-25,06:30:21,0,0,0,0,0,3372,0,3372,0,0.0,3372,0,0.0
1392-04-24,06:30:23,0,0,0,0,0,3372,0,3372,0,0.0,3372,0,0.0
1392-04-23,06:30:25,0,0,0,0,0,3372,0,3372,0,0.0,3372,0,0.0
1392-04-22,06:30:26,0,0,0,0,0,3372,0,3372,0,0.0,3372,0,0.0
1392-04-19,11:51:47,41,135847,458076084,3372,3372,3212,3372,3372,160,4.98,3372,160,4.98
1392-04-18,11:34:50,203,632206,2030681953,3125,3215,3062,3215,3215,153,5.0,3212,150,4.9
1392-04-17,11:55:14,323,1193378,3653701742,3050,3062,2917,3062,3062,145,4.97,3062,145,4.97
1392-04-16,11:20:44,95,373210,1088653570,2917,2917,2779,2917,2917,138,4.97,2917,138,4.97
1392-04-15,11:38:11,10,26169,72723651,2779,2779,2647,2779,2779,132,4.99,2779,132,4.99
1392-04-12,11:25:01,156,726598,1923304906,2647,2647,2521,2647,2647,126,5.0,2647,126,5.0
1392-04-11,11:07:43,127,529763,1335532523,2521,2521,2401,2521,2521,120,5.0,2521,120,5.0
1392-04-10,11:59:57,8,15529,37285129,2401,2401,2287,2401,2401,114,4.98,2401,114,4.98
1392-04-09,10:29:54,5,10650,24356550,2287,2287,2179,2287,2287,108,4.96,2287,108,4.96
1392-04-08,11:58:51,4,6610,14403190,2179,2179,2076,2179,2179,103,4.96,2179,103,4.96
1392-04-05,10:31:09,3,5414,11239464,2076,2076,1978,2076,2076,98,4.95,2076,98,4.95
1392-04-04,11:59:00,11,33785,66826730,1978,1978,1884,1978,1978,94,4.99,1978,94,4.99
1392-04-02,11:02:24,7,15301,28827084,1884,1884,1795,1884,1884,89,4.96,1884,89,4.96
1392-04-01,12:13:20,5,7122,12783990,1795,1795,1710,1795,1795,85,4.97,1795,85,4.97
1392-03-29,11:59:55,23,80429,137533590,1710,1710,1140,1710,1710,570,50.0,1710,570,50.0
1392-03-28,07:30:25,0,0,0,0,0,1140,0,1140,0,0.0,1140,0,0.0
1392-03-27,07:30:23,0,0,0,0,0,1140,0,1140,0,0.0,1140,0,0.0
1392-03-26,07:30:22,0,0,0,0,0,1140,0,1140,0,0.0,1140,0,0.0
1392-03-25,07:30:24,0,0,0,0,0,1140,0,1140,0,0.0,1140,0,0.0
1392-03-22,07:30:23,0,0,0,0,0,1140,0,1140,0,0.0,1140,0,0.0
1392-03-21,07:30:22,0,0,0,0,0,1140,0,1140,0,0.0,1140,0,0.0
1392-03-20,07:30:32,0,0,0,0,0,1140,0,1140,0,0.0,1140,0,0.0
1392-03-19,07:30:22,0,0,0,0,0,1140,0,1140,0,0.0,1140,0,0.0
1392-03-18,07:30:26,0,0,0,0,0,1140,0,1140,0,0.0,1140,0,0.0
1392-03-13,07:30:19,0,0,0,0,0,1140,0,1140,0,0.0,1140,0,0.0
1392-03-12,07:30:21,0,0,0,0,0,1140,0,1140,0,0.0,1140,0,0.0
1392-03-11,07:30:29,0,0,0,0,0,1140,0,1140,0,0.0,1140,0,0.0
1392-03-08,07:30:22,0,0,0,0,0,1140,0,1140,0,0.0,1140,0,0.0
1392-03-07,07:30:26,0,0,0,0,0,1140,0,1140,0,0.0,1140,0,0.0
1392-03-06,07:30:20,0,0,0,0,0,1140,0,1140,0,0.0,1140,0,0.0
1392-03-05,07:30:19,0,0,0,0,0,1140,0,1140,0,0.0,1140,0,0.0
1392-03-04,07:30:22,0,0,0,0,0,1140,0,1140,0,0.0,1140,0,0.0
1392-03-01,10:07:47,0,0,0,0,0,1140,1192,1140,0,0.0,1140,0,0.0
1392-02-31,12:00:01,172,500633,570886499,1055,1144,1090,1144,1144,54,4.95,1140,50,4.59
1392-02-30,11:58:42,62,194047,211445998,990,1092,1040,990,1092,52,5.0,1090,50,4.81
1392-02-29,11:56:17,54,112262,116748630,979,1061,1030,979,1060,30,2.91,1040,10,0.97
1392-02-28,11:59:38,23,69517,71630173,1029,1130,1083,1130,1029,-54,-4.99,1030,-53,-4.89
1392-02-25,11:08:05,48,270313,292749629,1083,1148,1139,1083,1083,-56,-4.92,1083,-56,-4.92
1392-02-24,10:28:18,1,1,1139,1139,1139,1129,1139,1139,10,0.89,1139,10,0.89
1392-02-23,11:59:23,25,33756,38122803,1084,1150,1141,1150,1149,8,0.7,1129,-12,-1.05
1392-02-22,11:54:49,69,252746,288306262,1090,1144,1090,1144,1142,52,4.77,1141,51,4.68
1392-02-21,11:59:46,46,149051,162529850,1089,1200,1146,1089,1110,-36,-3.14,1090,-56,-4.89
1392-02-18,11:24:01,12,24205,27731920,1144,1190,1204,1190,1144,-60,-4.98,1146,-58,-4.82
1392-02-17,11:59:37,101,535468,644835633,1130,1216,1159,1216,1180,21,1.81,1204,45,3.88
1392-02-16,10:59:31,57,150900,174893100,1159,1159,1104,1159,1159,55,4.98,1159,55,4.98
1392-02-15,10:59:25,86,299517,330666768,1104,1104,1052,1104,1104,52,4.94,1104,52,4.94
1392-02-14,11:59:27,129,318741,335296757,1000,1053,1003,1000,1053,50,4.99,1052,49,4.89
1392-02-11,12:00:30,138,357162,358405093,986,1016,968,987,1015,47,4.86,1003,35,3.62
1392-02-10,10:46:45,2,20000,19370000,968,969,937,969,968,31,3.31,968,31,3.31
1392-02-09,11:58:46,35,110515,103547902,891,970,925,970,948,23,2.49,937,12,1.3
1392-02-08,11:57:16,34,56261,52065544,850,933,889,930,927,38,4.27,925,36,4.05
1392-02-07,11:59:46,47,97655,86839800,850,895,857,894,894,37,4.32,889,32,3.73
1392-02-04,11:59:58,7,6286,5390160,835,880,853,880,876,23,2.7,857,4,0.47
1392-02-03,12:24:53,48,98813,84312469,840,881,842,840,870,28,3.33,853,11,1.31
1392-02-02,11:57:15,34,29219,24607391,812,859,832,859,840,8,0.96,842,10,1.2
1392-02-01,11:59:15,35,99577,82843043,780,849,809,790,834,25,3.09,832,23,2.84
1392-01-31,11:45:10,4,763,616963,801,830,824,830,801,-23,-2.79,809,-15,-1.82
1392-01-28,11:57:42,15,36761,30287741,792,840,826,795,830,4,0.48,824,-2,-0.24
1392-01-27,11:47:25,5,1201,991656,820,829,819,829,820,1,0.12,826,7,0.85
1392-01-26,11:41:21,9,22442,18390580,818,843,803,843,838,35,4.36,819,16,1.99
1392-01-24,11:59:28,11,23250,18679696,796,830,828,800,801,-27,-3.26,803,-25,-3.02
1392-01-21,11:56:59,8,15150,12537500,827,830,832,830,828,-4,-0.48,828,-4,-0.48
1392-01-20,11:44:28,35,87811,73075418,813,840,839,839,813,-26,-3.1,832,-7,-0.83
1392-01-19,11:53:37,8,22156,18584480,830,845,841,840,835,-6,-0.71,839,-2,-0.24
1392-01-18,10:11:09,13,30005,25225837,821,855,857,855,853,-4,-0.47,841,-16,-1.87
1392-01-17,09:00:34,1,11,9427,857,857,849,857,857,8,0.94,857,8,0.94
1392-01-14,11:59:50,2,58,49214,847,858,849,858,847,-2,-0.24,849,0,0.0
1392-01-11,11:32:30,20,51400,43628600,848,849,849,848,849,0,0.0,849,0,0.0
1392-01-10,11:58:08,14,6296,5348104,834,850,849,850,849,0,0.0,849,0,0.0
1392-01-07,11:56:16,15,6594,5598306,840,850,832,850,849,17,2.04,849,17,2.04
1392-01-06,11:50:56,18,45708,38016402,828,887,851,887,829,-22,-2.59,832,-19,-2.23
1392-01-05,11:57:38,25,26004,22129212,831,888,850,888,877,27,3.18,851,1,0.12
1391-12-28,11:59:43,2,4000,3400000,850,850,826,850,850,24,2.91,850,24,2.91
1391-12-27,11:53:01,18,13001,10738173,810,864,843,864,826,-17,-2.02,826,-17,-2.02
1391-12-26,11:58:55,12,21179,17850328,810,870,837,870,810,-27,-3.23,843,6,0.72
1391-12-23,11:59:51,48,68118,57014502,815,850,817,850,843,26,3.18,837,20,2.45
1391-12-22,11:49:23,10,4080,3333885,815,830,815,820,830,15,1.84,817,2,0.25
1391-12-21,11:57:46,7,10000,8151654,803,822,803,803,815,12,1.49,815,12,1.49
1391-12-20,11:59:47,19,30749,24697726,787,806,800,800,805,5,0.63,803,3,0.38
1391-12-19,11:58:53,12,7306,5841853,788,802,802,802,800,-2,-0.25,800,-2,-0.25
1391-12-16,11:58:32,14,19580,15709250,780,809,782,780,808,26,3.32,802,20,2.56
1391-12-15,11:07:11,3,2106,1647909,772,783,796,772,783,-13,-1.63,782,-14,-1.76
1391-12-14,12:00:00,26,37200,29615978,781,800,762,781,800,38,4.99,796,34,4.46
1391-12-13,10:37:55,6,6719,5121386,760,800,795,800,764,-31,-3.9,762,-33,-4.15
1391-12-12,14:57:56,0,0,0,0,0,795,781,795,0,0.0,795,0,0.0
1391-12-09,11:46:58,5,12004,9543140,785,800,798,785,800,2,0.25,795,-3,-0.38
1391-12-08,10:14:41,3,1895,1512220,798,800,764,800,798,34,4.45,798,34,4.45
1391-12-07,11:55:58,10,11469,8763495,755,800,782,755,800,18,2.3,764,-18,-2.3
1391-12-06,10:58:21,8,3481,2721971,779,809,773,809,779,6,0.78,782,9,1.16
1391-12-05,11:51:01,12,24996,19321111,761,824,786,761,783,-3,-0.38,773,-13,-1.65
1391-12-02,11:58:20,17,24715,19418140,780,810,797,810,810,13,1.63,786,-11,-1.38
1391-12-01,11:20:49,22,34318,27338960,792,819,799,819,800,1,0.13,797,-2,-0.25
1391-11-30,11:59:19,17,52738,42134612,786,819,780,819,786,6,0.77,799,19,2.44
1391-11-29,11:30:20,3,5760,4492960,780,796,769,796,780,11,1.43,780,11,1.43
1391-11-28,11:58:13,16,26235,20186243,747,809,771,809,747,-24,-3.11,769,-2,-0.26
1391-11-25,11:21:24,2,7700,5937900,771,772,787,772,771,-16,-2.03,771,-16,-2.03
1391-11-24,11:55:37,26,92102,72467586,780,819,782,819,781,-1,-0.13,787,5,0.64
1391-11-23,11:58:36,6,19457,15222030,768,791,804,770,790,-14,-1.74,782,-22,-2.74
1391-11-21,11:59:54,13,32000,25736236,803,806,795,803,803,8,1.01,804,9,1.13
1391-11-18,11:58:57,16,34682,27569090,766,810,772,791,810,38,4.92,795,23,2.98
1391-11-17,11:59:14,7,21500,16588000,767,820,803,820,767,-36,-4.48,772,-31,-3.86
1391-11-16,11:56:24,6,5798,4654454,785,829,803,785,800,-3,-0.37,803,0,0.0
1391-11-15,11:59:53,17,60383,48463467,799,838,802,838,799,-3,-0.37,803,1,0.12
1391-11-14,12:03:20,38,137908,110555866,791,861,831,845,805,-26,-3.13,802,-29,-3.49
1391-11-11,11:36:17,50,139902,116319513,765,835,796,824,835,39,4.9,831,35,4.4
1391-11-09,10:27:48,5,9947,7917812,796,796,759,796,796,37,4.87,796,37,4.87
1391-11-08,10:25:56,8,13088,9932702,752,767,788,767,758,-30,-3.81,759,-29,-3.68
1391-11-07,11:43:32,137,469806,370271701,783,807,824,807,786,-38,-4.61,788,-36,-4.37
1391-11-04,11:31:03,10,18511,15248270,807,846,844,846,845,1,0.12,824,-20,-2.37
1391-11-03,09:30:55,20,67720,57135512,801,865,825,865,850,25,3.03,844,19,2.3
1391-11-02,11:59:56,31,55074,45455162,819,840,858,830,819,-39,-4.55,825,-33,-3.85
1391-11-01,11:59:13,12,25580,21939980,856,899,898,899,856,-42,-4.68,858,-40,-4.45
1391-10-30,11:59:33,9,23628,21224337,894,940,939,940,894,-45,-4.79,898,-41,-4.37
1391-10-27,11:59:55,34,93941,88225866,878,959,923,949,878,-45,-4.88,939,16,1.73
1391-10-26,10:34:07,15,40284,37185744,900,947,913,910,900,-13,-1.42,923,10,1.1
1391-10-25,11:59:51,85,262311,239619752,885,930,886,929,889,3,0.34,913,27,3.05
1391-10-24,11:58:03,8,38913,34476918,886,886,844,886,886,42,4.98,886,42,4.98
1391-10-20,11:56:47,49,213568,180171825,810,844,804,810,844,40,4.98,844,40,4.98
1391-10-19,11:51:22,39,111660,89775752,791,857,817,791,800,-17,-2.08,804,-13,-1.59
1391-10-18,11:42:32,5,1550,1266700,810,870,848,810,870,22,2.59,817,-31,-3.66
1391-10-17,11:14:19,8,1713,1452403,819,900,859,900,819,-40,-4.66,848,-11,-1.28
1391-10-13,11:27:26,7,16878,14490227,858,859,903,858,859,-44,-4.87,859,-44,-4.87
1391-10-12,07:30:18,0,0,0,0,0,903,0,903,0,0.0,903,0,0.0
1391-10-11,11:59:52,7,20000,18059444,902,906,868,906,903,35,4.03,903,35,4.03
1391-10-10,10:49:42,11,35828,31097786,836,876,835,876,837,2,0.24,868,33,3.95
1391-10-09,11:10:52,7,8903,7434005,835,835,796,835,835,39,4.9,835,39,4.9
1391-10-06,11:32:59,11,24102,19173716,790,805,804,801,792,-12,-1.49,796,-8,-1.0
1391-10-05,11:59:28,22,70395,56629822,800,811,830,803,800,-30,-3.61,804,-26,-3.13
1391-10-04,12:13:57,32,68720,57008700,823,887,864,867,823,-41,-4.75,830,-34,-3.94
1391-10-03,11:55:22,7,3891,3362575,850,866,879,866,850,-29,-3.3,864,-15,-1.71
1391-10-02,11:50:52,15,17182,15110600,875,900,890,900,875,-15,-1.69,879,-11,-1.24
1391-09-29,10:03:39,2,10000,8900000,890,890,891,890,890,-1,-0.11,890,-1,-0.11
1391-09-28,10:49:57,7,4484,3995060,890,930,936,890,892,-44,-4.7,891,-45,-4.81
1391-09-27,10:41:09,2,105,98325,936,945,904,945,936,32,3.54,936,32,3.54
1391-09-26,11:55:37,12,37449,33866873,902,905,933,905,903,-30,-3.22,904,-29,-3.11
1391-09-25,11:58:46,32,97151,90673362,881,957,912,902,957,45,4.93,933,21,2.3
1391-09-22,11:54:54,4,12231,11155441,908,954,948,908,954,6,0.63,912,-36,-3.8
1391-09-21,11:53:11,36,116282,110292900,925,950,945,950,950,5,0.53,948,3,0.32
1391-09-20,11:59:44,30,104821,99088494,905,950,905,905,920,15,1.66,945,40,4.42
1391-09-19,11:04:45,13,15518,14048590,905,906,910,905,905,-5,-0.55,905,-5,-0.55
1391-09-18,11:26:09,2,3500,3185000,910,910,911,910,910,-1,-0.11,910,-1,-0.11
1391-09-15,11:40:24,6,1674,1524970,905,930,907,905,930,23,2.54,911,4,0.44
1391-09-14,12:11:35,4,1856,1684101,906,915,926,930,906,-20,-2.16,907,-19,-2.05
1391-09-13,11:58:48,6,4866,4504270,905,949,940,905,949,9,0.96,926,-14,-1.49
1391-09-12,11:51:53,10,14246,13393739,905,965,929,965,956,27,2.91,940,11,1.18
1391-09-11,12:22:33,6,10279,9547817,923,970,931,935,923,-8,-0.86,929,-2,-0.21
1391-09-08,12:14:28,7,2500,2328700,923,976,948,965,923,-25,-2.64,931,-17,-1.79
1391-09-07,11:36:38,3,2700,2560282,946,960,939,955,960,21,2.24,948,9,0.96
1391-09-06,09:51:26,10,6998,6571122,939,939,895,939,939,44,4.92,939,44,4.92
1391-09-01,10:34:43,3,7963,7124759,893,903,940,893,903,-37,-3.94,895,-45,-4.79
1391-08-30,11:55:47,9,13334,12527992,938,955,987,955,938,-49,-4.96,940,-47,-4.76
1391-08-29,11:54:04,55,198261,195775338,960,1010,969,960,961,-8,-0.83,987,18,1.86
1391-08-28,11:06:41,6,9489,9198867,960,979,995,960,973,-22,-2.21,969,-26,-2.61
1391-08-27,11:52:47,33,150854,150088143,931,1021,977,1021,980,3,0.31,995,18,1.84
1391-08-24,11:51:40,36,142763,139450319,943,1039,992,970,1039,47,4.74,977,-15,-1.51
1391-08-23,11:56:47,66,180604,179113492,949,996,949,996,996,47,4.95,992,43,4.53
1391-08-22,11:42:13,102,376845,357447105,945,949,904,945,949,45,4.98,949,45,4.98
1391-08-21,11:59:07,15,39403,35600752,890,918,903,900,918,15,1.66,904,1,0.11
1391-08-20,11:47:50,9,11872,10724569,900,929,886,929,900,14,1.58,903,17,1.92
1391-08-17,11:26:40,15,85950,76192081,850,931,937,931,900,-37,-3.95,886,-51,-5.44
1391-08-16,11:46:06,2,5000,4545100,909,919,939,919,909,-30,-3.19,937,-2,-0.21
1391-08-15,07:30:13,0,0,0,0,0,939,0,888,0,0.0,939,0,0.0
1391-08-14,11:24:48,14,57007,51583536,888,907,1022,903,888,-134,-13.11,939,-83,-8.12
1391-08-10,10:43:14,3,3154,2883298,910,927,1026,910,927,-99,-9.65,1022,-4,-0.39
1391-08-09,11:41:28,6,7596,6798704,870,900,1040,870,899,-141,-13.56,1026,-14,-1.35
1391-08-08,13:39:25,0,0,0,0,0,1040,801,1040,0,0.0,1040,0,0.0
1391-08-07,13:27:40,0,0,0,0,0,1120,1100,1120,0,0.0,1120,0,0.0
1391-08-06,07:30:20,0,0,0,0,0,1120,0,1046,0,0.0,1120,0,0.0
1391-08-03,07:30:16,0,0,0,0,0,1120,0,1046,0,0.0,1120,0,0.0
1391-08-02,07:30:21,0,0,0,0,0,1120,0,1046,0,0.0,1120,0,0.0
1391-08-01,07:30:11,0,0,0,0,0,1120,0,1046,0,0.0,1120,0,0.0
1391-07-30,07:30:19,0,0,0,0,0,1120,0,1046,0,0.0,1120,0,0.0
1391-07-29,07:30:20,0,0,0,0,0,1120,0,1046,0,0.0,1120,0,0.0
1391-07-26,07:30:18,0,0,0,0,0,1120,0,1046,0,0.0,1120,0,0.0
1391-07-25,11:59:32,183,699116,783037629,1046,1156,1101,1125,1046,-55,-5.0,1120,19,1.73
1391-07-24,11:56:26,56,176979,194785768,1025,1126,1073,1073,1125,52,4.85,1101,28,2.61
1391-07-23,11:59:52,77,286047,306883683,1012,1073,1022,1012,1073,51,4.99,1073,51,4.99
1391-07-22,11:53:27,12,38623,39472706,1022,1022,974,1022,1022,48,4.93,1022,48,4.93
1391-07-19,11:04:57,29,118278,115156971,933,978,932,963,978,46,4.94,974,42,4.51
1391-07-18,07:30:15,0,0,0,0,0,932,0,948,0,0.0,932,0,0.0
1391-07-17,07:30:19,0,0,0,0,0,932,0,948,0,0.0,932,0,0.0
1391-07-16,07:30:11,0,0,0,0,0,932,0,948,0,0.0,932,0,0.0
1391-07-15,07:30:18,0,0,0,0,0,932,0,948,0,0.0,932,0,0.0
1391-07-12,07:30:20,0,0,0,0,0,932,0,948,0,0.0,932,0,0.0
1391-07-11,11:59:12,26,107020,99708260,914,948,903,914,948,45,4.98,932,29,3.21
1391-07-10,11:40:04,6,28923,26119329,873,944,918,944,874,-44,-4.79,903,-15,-1.63
1391-07-09,11:34:36,22,74432,68328576,918,918,875,918,918,43,4.91,918,43,4.91
1391-07-08,11:30:34,5,10476,9166500,875,875,834,875,875,41,4.92,875,41,4.92
1391-07-05,09:28:49,5,14503,12095993,831,835,871,831,831,-40,-4.59,834,-37,-4.25
1391-07-04,11:43:34,1,669,582699,871,871,909,871,871,-38,-4.18,871,-38,-4.18
1391-07-03,11:38:00,4,4213,3830619,881,911,926,911,881,-45,-4.86,909,-17,-1.84
1391-07-02,11:12:11,9,15905,14729530,895,940,929,930,910,-19,-2.05,926,-3,-0.32
1391-07-01,11:36:15,5,8138,7557461,872,935,897,900,872,-25,-2.79,929,32,3.57
1391-06-29,11:59:46,7,11938,10708386,897,897,855,897,897,42,4.91,897,42,4.91
1391-06-28,10:45:36,17,9203,7865101,827,868,827,827,868,41,4.96,855,28,3.39
1391-06-27,09:51:44,11,42654,35261934,821,832,829,832,821,-8,-0.97,827,-2,-0.24
1391-06-26,07:30:22,0,0,0,0,0,829,0,833,0,0.0,829,0,0.0
1391-06-25,11:43:27,11,10441,8659106,820,850,863,820,833,-30,-3.48,829,-34,-3.94
1391-06-21,10:41:49,2,4277,3692251,863,864,908,863,864,-44,-4.85,863,-45,-4.96
1391-06-20,11:43:03,4,955,867140,908,908,955,908,908,-47,-4.92,908,-47,-4.92
1391-06-19,10:14:05,4,10000,9550000,955,955,955,955,955,0,0.0,955,0,0.0
1391-06-18,11:54:38,10,9583,9155092,944,960,931,944,960,29,3.11,955,24,2.58
1391-06-15,11:47:49,2,6265,5831030,902,938,949,902,938,-11,-1.16,931,-18,-1.9
1391-06-14,11:35:01,11,12070,11460356,947,952,907,949,952,45,4.96,949,42,4.63
1391-06-13,11:51:54,3,5505,4993035,907,907,869,907,907,38,4.37,907,38,4.37
1391-06-12,09:52:06,3,610,530090,869,869,828,869,869,41,4.95,869,41,4.95
1391-06-06,10:17:39,11,85046,70404042,827,840,870,840,827,-43,-4.94,828,-42,-4.83
1391-06-05,11:53:04,14,29000,25215520,860,893,851,860,893,42,4.94,870,19,2.23
1391-06-04,10:13:22,6,17020,14490900,850,855,815,850,855,40,4.91,851,36,4.42
1391-06-01,11:51:18,13,42140,34345876,797,839,838,830,800,-38,-4.53,815,-23,-2.74
1391-05-31,10:27:07,1,3551,2975738,838,838,803,838,838,35,4.36,838,35,4.36
1391-05-28,10:21:44,17,25201,20237173,803,880,845,880,803,-42,-4.97,803,-42,-4.97
1391-05-25,07:30:18,0,0,0,0,0,845,0,868,0,0.0,845,0,0.0
1391-05-24,11:31:30,13,11547,9757823,786,868,827,786,868,41,4.96,845,18,2.18
1391-05-23,07:30:20,0,0,0,0,0,827,0,827,0,0.0,827,0,0.0
1391-05-22,07:30:15,0,0,0,0,0,827,0,827,0,0.0,827,0,0.0
1391-05-21,07:30:20,0,0,0,0,0,827,0,827,0,0.0,827,0,0.0
1391-05-18,07:30:15,0,0,0,0,0,827,0,827,0,0.0,827,0,0.0
1391-05-17,11:32:50,70,151962,125682574,827,828,870,828,827,-43,-4.94,827,-43,-4.94
1391-05-16,11:56:05,43,272200,236861980,865,900,910,865,865,-45,-4.95,870,-40,-4.4
1391-05-15,11:39:35,1,60,54600,910,910,900,910,910,10,1.11,910,10,1.11
1391-05-14,11:21:26,3,24600,22140000,900,900,919,900,900,-19,-2.07,900,-19,-2.07
1391-05-11,07:30:20,0,0,0,0,0,919,0,920,0,0.0,919,0,0.0
1391-05-10,11:49:58,6,9257,8506360,905,920,886,905,920,34,3.84,919,33,3.72
1391-05-09,07:30:19,0,0,0,0,0,886,0,886,0,0.0,886,0,0.0
1391-05-08,10:15:04,3,3900,3453500,885,886,930,885,886,-44,-4.73,886,-44,-4.73
1391-05-07,07:30:18,0,0,0,0,0,930,0,930,0,0.0,930,0,0.0
1391-05-04,09:39:06,5,8093,7526490,930,930,901,930,930,29,3.22,930,29,3.22
1391-05-03,11:37:20,14,202558,182415350,900,945,900,900,945,45,5.0,901,1,0.11
1391-05-02,11:06:43,3,100000,90016704,900,901,906,900,900,-6,-0.66,900,-6,-0.66
1391-05-01,09:14:39,2,2581,2337481,901,913,943,913,901,-42,-4.45,906,-37,-3.92
1391-04-31,07:30:21,0,0,0,0,0,943,0,943,0,0.0,943,0,0.0
1391-04-28,11:59:07,1,1000,943000,943,943,899,943,943,44,4.89,943,44,4.89
1391-04-27,11:59:55,14,43484,39089118,888,903,934,903,890,-44,-4.71,899,-35,-3.75
1391-04-26,11:58:15,10,8670,8096280,920,964,964,964,920,-44,-4.56,934,-30,-3.11
1391-04-25,10:41:48,5,7323,7060372,964,965,1014,965,964,-50,-4.93,964,-50,-4.93
1391-04-24,11:59:09,8,15770,15993275,1000,1017,969,1000,1016,47,4.85,1014,45,4.64
1391-04-21,11:27:11,6,5250,5087250,969,969,923,969,969,46,4.98,969,46,4.98
1391-04-20,11:34:33,6,4297,3966379,922,1000,970,922,1000,30,3.09,923,-47,-4.85
1391-04-19,11:58:44,3,8769,8509030,970,1001,989,1001,970,-19,-1.92,970,-19,-1.92
1391-04-18,11:48:46,6,4500,4451100,971,1002,1003,1002,1000,-3,-0.3,989,-14,-1.4
1391-04-17,11:29:42,3,20060,20120360,1003,1006,987,1006,1003,16,1.62,1003,16,1.62
1391-04-14,11:06:50,41,54116,53424888,984,1022,1035,1022,986,-49,-4.73,987,-48,-4.64
1391-04-13,11:54:54,15,54761,56673044,1025,1079,1035,1025,1079,44,4.25,1035,0,0.0
1391-04-12,11:58:45,3,2030,2101290,1035,1059,1025,1059,1035,10,0.98,1035,10,0.98
1391-04-11,11:58:47,30,134505,137814449,1000,1065,1034,1010,1030,-4,-0.39,1025,-9,-0.87
1391-04-10,11:37:19,11,22070,22818150,1030,1079,1051,1079,1030,-21,-2.0,1034,-17,-1.62
1391-04-07,11:47:08,3,5000,5256464,1044,1088,1037,1088,1044,7,0.68,1051,14,1.35
1391-04-06,11:54:47,48,141061,146332832,1028,1079,1028,1079,1032,4,0.39,1037,9,0.88
1391-04-05,10:57:51,11,36778,37795315,1020,1030,1029,1029,1030,1,0.1,1028,-1,-0.1
1391-04-04,11:07:26,115,585172,602141988,1029,1029,1083,1029,1029,-54,-4.99,1029,-54,-4.99
1391-04-03,10:07:23,1,10,10830,1083,1083,1140,1083,1083,-57,-5.0,1083,-57,-5.0
1391-03-31,09:34:18,8,26174,29838360,1140,1140,1199,1140,1140,-59,-4.92,1140,-59,-4.92
1391-03-30,11:59:54,243,1670600,2003086876,1151,1227,1000,1200,1151,151,15.1,1199,199,19.9
1391-03-28,07:30:14,0,0,0,0,0,1000,0,1000,0,0.0,1000,0,0.0
1391-03-27,07:30:23,0,0,0,0,0,1000,0,1000,0,0.0,1000,0,0.0
1391-03-24,07:30:22,0,0,0,0,0,1000,0,1000,0,0.0,1000,0,0.0
1391-03-23,07:30:17,0,0,0,0,0,1000,0,1000,0,0.0,1000,0,0.0
1391-03-22,07:30:20,0,0,0,0,0,1000,0,1000,0,0.0,1000,0,0.0
1391-03-21,07:30:17,0,0,0,0,0,1000,0,1000,0,0.0,1000,0,0.0
1391-03-20,07:30:18,0,0,0,0,0,1000,0,1000,0,0.0,1000,0,0.0
1391-03-17,07:30:19,0,0,0,0,0,1000,0,1000,0,0.0,1000,0,0.0
1391-03-16,07:30:21,0,0,0,0,0,1000,0,1000,0,0.0,1000,0,0.0
1391-03-13,07:30:14,0,0,0,0,0,1000,0,1000,0,0.0,1000,0,0.0
1391-03-10,07:30:18,0,0,0,0,0,1000,0,1000,0,0.0,1000,0,0.0
1391-03-09,07:30:19,0,0,0,0,0,1000,0,1000,0,0.0,1000,0,0.0
1391-03-08,07:30:16,0,0,0,0,0,1000,0,1000,0,0.0,1000,0,0.0
1391-03-07,07:30:23,0,0,0,0,0,1000,0,1000,0,0.0,1000,0,0.0
1391-03-06,07:30:18,0,0,0,0,0,1000,0,1000,0,0.0,1000,0,0.0
1391-03-03,07:30:15,0,0,0,0,0,1000,0,1000,0,0.0,1000,0,0.0
1391-03-02,07:30:21,0,0,0,0,0,1000,0,1000,0,0.0,1000,0,0.0
1391-03-01,07:30:15,0,0,0,0,0,1000,0,1000,0,0.0,1000,0,0.0
1391-02-31,07:30:14,0,0,0,0,0,1000,0,1000,0,0.0,1000,0,0.0
1391-02-30,07:30:17,0,0,0,0,0,1000,0,1000,0,0.0,1000,0,0.0
1391-02-27,07:30:18,0,0,0,0,0,1000,0,1000,0,0.0,1000,0,0.0
1391-02-26,07:30:16,0,0,0,0,0,1000,0,1000,0,0.0,1000,0,0.0
1391-02-25,07:30:21,0,0,0,0,0,1000,0,1000,0,0.0,1000,0,0.0
1391-02-24,07:30:19,0,0,0,0,0,1000,0,1000,0,0.0,1000,0,0.0
1391-02-23,07:30:19,0,0,0,0,0,1000,0,1000,0,0.0,1000,0,0.0
1391-02-20,07:30:17,0,0,0,0,0,1000,0,1000,0,0.0,1000,0,0.0
1391-02-19,07:30:20,0,0,0,0,0,1000,0,1000,0,0.0,1000,0,0.0
1391-02-18,07:30:21,0,0,0,0,0,1000,0,1000,0,0.0,1000,0,0.0
1391-02-17,07:30:17,0,0,0,0,0,1000,0,1000,0,0.0,1000,0,0.0
1391-02-16,07:30:21,0,0,0,0,0,1000,0,1000,0,0.0,1000,0,0.0
1391-02-13,07:30:20,0,0,0,0,0,1000,0,1000,0,0.0,1000,0,0.0
1391-02-12,07:30:19,0,0,0,0,0,1000,0,1000,0,0.0,1000,0,0.0
1391-02-11,07:30:21,0,0,0,0,0,1000,0,1000,0,0.0,1000,0,0.0
1391-02-10,07:30:19,0,0,0,0,0,1000,0,1000,0,0.0,1000,0,0.0
1391-02-09,07:30:18,0,0,0,0,0,1000,0,1000,0,0.0,1000,0,0.0
1391-02-05,07:30:22,0,0,0,0,0,1000,0,1000,0,0.0,1000,0,0.0
1391-02-04,07:30:17,0,0,0,0,0,1000,0,1000,0,0.0,1000,0,0.0
1391-02-03,07:30:20,0,0,0,0,0,1000,0,1000,0,0.0,1000,0,0.0
1391-02-02,07:30:15,0,0,0,0,0,1000,0,1000,0,0.0,1000,0,0.0
1391-01-30,07:30:18,0,0,0,0,0,1000,0,1000,0,0.0,1000,0,0.0
1391-01-29,07:30:16,0,0,0,0,0,1000,0,1000,0,0.0,1000,0,0.0
1391-01-28,07:30:17,0,0,0,0,0,1000,0,1000,0,0.0,1000,0,0.0
1391-01-27,07:30:22,0,0,0,0,0,1000,0,1000,0,0.0,1000,0,0.0
1391-01-26,07:30:19,0,0,0,0,0,1000,0,1000,0,0.0,1000,0,0.0
1391-01-23,07:30:18,0,0,0,0,0,1000,0,1000,0,0.0,1000,0,0.0
1391-01-22,07:30:19,0,0,0,0,0,1000,0,1000,0,0.0,1000,0,0.0
1391-01-21,07:30:16,0,0,0,0,0,1000,0,1000,0,0.0,1000,0,0.0
1391-01-20,07:30:20,0,0,0,0,0,1000,0,1000,0,0.0,1000,0,0.0
1391-01-19,07:30:13,0,0,0,0,0,1000,0,1000,0,0.0,1000,0,0.0
1391-01-16,07:30:19,0,0,0,0,0,1000,0,1000,0,0.0,1000,0,0.0
1391-01-15,07:30:23,0,0,0,0,0,1000,0,1000,0,0.0,1000,0,0.0
1391-01-14,07:30:24,0,0,0,0,0,1000,0,1000,0,0.0,1000,0,0.0
1391-01-09,07:30:17,0,0,0,0,0,1000,0,1000,0,0.0,1000,0,0.0
1391-01-08,07:30:23,0,0,0,0,0,1000,0,1000,0,0.0,1000,0,0.0
1391-01-07,07:30:11,0,0,0,0,0,1000,0,1000,0,0.0,1000,0,0.0
1391-01-06,07:30:24,0,0,0,0,0,1000,0,1000,0,0.0,1000,0,0.0
1391-01-05,07:30:18,0,0,0,0,0,1000,0,1000,0,0.0,1000,0,0.0
1390-12-28,07:30:17,0,0,0,0,0,1000,0,1000,0,0.0,1000,0,0.0
1390-12-27,07:30:18,0,0,0,0,0,1000,0,1000,0,0.0,1000,0,0.0
1390-12-24,07:30:19,0,0,0,0,0,1000,0,1000,0,0.0,1000,0,0.0
1390-12-23,07:30:20,0,0,0,0,0,1000,0,1000,0,0.0,1000,0,0.0
1390-12-22,07:30:17,0,0,0,0,0,1000,0,1000,0,0.0,1000,0,0.0
1390-12-21,07:30:09,0,0,0,0,0,1000,0,1000,0,0.0,1000,0,0.0
1390-12-20,07:30:22,0,0,0,0,0,1000,0,1000,0,0.0,1000,0,0.0
1390-12-17,07:30:12,0,0,0,0,0,1000,0,1000,0,0.0,1000,0,0.0
1390-12-16,07:30:20,0,0,0,0,0,1000,0,1000,0,0.0,1000,0,0.0
1390-12-15,07:30:11,0,0,0,0,0,1000,0,1000,0,0.0,1000,0,0.0
1390-12-14,07:30:12,0,0,0,0,0,1000,0,1000,0,0.0,1000,0,0.0
1390-12-13,07:30:18,0,0,0,0,0,1000,0,1000,0,0.0,1000,0,0.0
1390-12-10,07:30:20,0,0,0,0,0,1000,0,1000,0,0.0,1000,0,0.0
1390-12-09,07:30:16,0,0,0,0,0,1000,0,1000,0,0.0,1000,0,0.0
1390-12-08,07:30:18,0,0,0,0,0,1000,0,1000,0,0.0,1000,0,0.0
1390-12-07,07:30:22,0,0,0,0,0,1000,0,1000,0,0.0,1000,0,0.0
1390-12-06,07:30:21,0,0,0,0,0,1000,0,1000,0,0.0,1000,0,0.0
1390-12-03,07:30:20,0,0,0,0,0,1000,0,1000,0,0.0,1000,0,0.0
