time,l18,l30,isin,id,cs,cs_id,z,bvol,mv,eps,pe,tmin,tmax,pmin,pmax,py,pf,pl,plc,plp,pc,pcc,pcp,tno,tvol,tval,Buy_CountI,Buy_CountN,Sell_CountI,Sell_CountN,Buy_I_Volume,Buy_N_Volume,Sell_I_Volume,Sell_N_Volume,zd1,qd1,pd1,po1,qo1,zo1,zd2,qd2,pd2,po2,qo2,zo2,zd3,qd3,pd3,po3,qo3,zo3,zd4,qd4,pd4,po4,qo4,zo4,zd5,qd5,pd5,po5,qo5,zo5
12:30:00,وبملت,بانک ملت,IRO1BMLT0001,778253364357513,بانک‌ها و موسسات اعتباری,57,3382000000000,1,3963704000000000,559.0,2.1,1121,1189,1133,1189,1155,1154,1189,34,2.94,1172,17,1.47,78855,11152095808,13073969844267,10287,89,7585,73,7824561486,3327534322,8087602690,3064493118,616,150016536,1189,1192,310000,2,71,9648597,1188,1199,100000,1,44,10824946,1187,1200,2091128,7,43,10506502,1186,1203,86980,1,66,13245631,1185,1206,4216620,44
13:31:26,عیار,صندوق طلای عیار مفید,IRTKMOFD0001,34144395039913458,صندوق سرمایه‌گذاری قابل معامله,68,4665000000,1,2328842640000000,,,460244,562520,497006,501098,511382,500280,498989,-12393,-2.42,499216,-12166,-2.38,42149,36726167,18334301909255,19171,38,6587,32,34636832,1927080,33423813,3140099,2,66,498990,499000,3200,3,4,9013,498989,499098,11,1,1,3,498952,499100,11,1,1,100,498951,499110,673,2,5,12939,498950,499148,50,1
12:30:00,خودرو,ایران‌ خودرو,IRO1IKCO0001,65883838195688438,خودرو و ساخت قطعات,34,2563746068000,1,1284436780068000,-84.0,-6.0,492,522,492,520,507,499,506,-1,-0.2,501,-6,-1.18,41256,6027010968,3019687191697,5498,28,3394,32,4968672511,1058338457,3943911957,2083099011,28,3515480,504,506,2951649,16,40,7436206,503,507,22191501,70,56,13560130,502,508,31602424,85,46,10300003,501,509,26266035,76,83,17676856,500,510,22467652,76
12:30:00,ثپهران,توسعه ساختمان سپهر تهران,IRO1SPHR0001,4545713647225984,انبوه‌سازی، املاک و مستغلات,70,15000000000,1,57810000000000,659.0,5.8,3810,4044,3810,3970,3927,3810,3900,-27,-0.69,3854,-73,-1.86,32693,80304110,309476963247,1065,3,30547,13,52341949,27962161,80292853,11257,2,266522,3900,3900,6928,8,3,17406,3898,3901,178284,13,2,15114,3897,3902,107724,21,1,8000,3895,3903,10808,13,2,4322,3893,3904,12339,15
12:29:46,فملی,ملی‌ صنایع‌ مس‌ ایران,IRO1MSMI0001,35425587644337450,فلزات اساسی,27,1050000000000,1,19792500000000000,1023.0,18.4,17940,19040,18110,19040,18490,18950,19040,550,2.97,18850,360,1.95,31315,545824454,10291175511800,9857,62,6430,53,371273219,174551235,393793158,152031296,4304,146523399,19040,19040,67,1,74,869524,19030,0,0,0,36,210979,19020,0,0,0,18,161801,19010,0,0,0,76,472670,19000,0,0,0
12:30:00,شپدیس,پتروشیمی پردیس,IRO1PRDZ0001,20562694899904339,محصولات شیمیایی,44,233572772000,1,3020095941960000,2047.0,6.3,12840,13620,12840,13380,13230,13060,13120,-110,-0.83,12930,-300,-2.27,26974,651474311,8424125631440,5981,25,3326,58,344913349,306560962,414115701,237358610,1,19846,13120,13120,28857,3,1,10000,13110,13130,178347,6,7,304859,13100,13140,500000,5,11,276235,13090,13150,220277,5,12,218135,13080,13160,343987,7
12:29:59,فزر,پویا زرکان آق دره,IRO3PZAZ0001,8175784894140974,استخراج کانه‌های فلزی,13,5400000000,1,670410000000000,9302.0,13.3,121500,129000,121500,129000,125250,129000,123300,-1950,-1.56,124150,-1100,-0.88,21415,55874829,6937789158950,6718,47,5103,32,45513743,10361086,47777049,8097780,5,49170,123200,123450,1602,4,2,235,123100,123500,15100,3,4,984,123050,123550,100,1,10,30041,123000,123600,18010,6,5,1264,122950,123700,400,1
12:30:00,شستا,سرمایه گذاری تامین اجتماعی,IRO1TAMN0001,2400322364771558,شرکت‌های چند رشته‌ای صنعتی,39,1636013456000,1,2795946996304000,189.0,9.0,1693,1797,1693,1769,1745,1694,1728,-17,-0.97,1709,-36,-2.06,21175,2372842947,4054030006861,4248,34,3096,37,1475696488,897146459,1222848644,1149994303,2,153000,1727,1728,42399,1,8,1312405,1726,1730,2400000,6,5,527689,1725,1731,16051,1,1,10000,1722,1733,417281,3,8,149134,1721,1734,1315812,6
12:30:00,اهرم,صندوق س سهامی کاریزما- اهرمی,IRT1AHRM0001,17914401175772326,صندوق سرمایه‌گذاری قابل معامله,68,5500000000,1,199105500000000,,,34095,36935,34640,36935,35515,35700,36935,1420,4.0,36201,686,1.93,18750,286367627,10366928843674,3986,30,3878,28,273737417,12630210,267719575,18648052,582,18861441,36935,37500,12771,1,3,150500,36934,37510,3780,3,4,55185,36930,39060,7152,1,1,100000,36929,39500,500,1,1,2000,36922,40630,8467,2
12:29:51,شبندر,پالایش نفت بندرعباس,IRO1PNBA0001,35366681030756042,فراورده‌های نفتی، کک و سوخت هسته‌ای,23,409742862100,1,3769634331320000,1572.0,5.9,8680,9200,9040,9200,8940,9200,9200,260,2.91,9200,260,2.91,18625,1074217336,9877927205670,3962,70,3240,43,618825749,455391587,612314663,461902673,2323,307908588,9200,9290,30000,3,18,177802,9190,9310,1000,1,8,90791,9180,9320,2000,1,14,1247715,9170,9330,8500,2,20,1526683,9160,9340,11600,5
12:30:00,خساپا,سایپا,IRO1SIPA0001,44891482026867833,خودرو و ساخت قطعات,34,1621144826000,1,831647295738000,-83.0,-6.2,507,537,507,529,522,511,512,-10,-1.92,513,-9,-1.72,18267,2615656953,1342494785578,3089,13,1896,15,2436057829,179599124,1523132611,1092524342,12,3561827,511,513,30000,1,7,935022,510,514,1060000,4,13,3130000,509,515,1210000,4,55,12791830,508,516,1756299,9,1237,429935761,507,517,3023296,11
12:30:00,شتران,پالایش نفت تهران,IRO1PTEH0001,51617145873056483,فراورده‌های نفتی، کک و سوخت هسته‌ای,23,652500000000,1,2805750000000000,842.0,5.1,4176,4434,4176,4419,4305,4228,4355,50,1.16,4300,-5,-0.12,17291,1170995588,5035696321566,4167,36,3566,38,732683043,438312545,842855693,328139895,3,126575,4352,4352,400000,1,5,498087,4350,4359,171189,6,3,668986,4349,4360,455000,3,7,279997,4348,4361,150000,3,4,545795,4346,4362,600000,5
13:31:26,سیمین,صندوق س.نقره سیمین هوبر,IRTKSIMI0001,33761569293467411,صندوق سرمایه‌گذاری قابل معامله,68,5000000000,1,62415000000000,,,11784,14402,12403,12675,13093,12600,12434,-659,-5.03,12483,-610,-4.66,17285,203961091,2545947733227,4467,17,997,3,186817294,16223745,102377773,100663266,1,60000,12407,12433,42316,1,1,100,12406,12434,83900,2,2,9554,12405,12436,70369,1,10,210596,12404,12445,100000,1,19,427213,12403,12446,80159,1
13:31:26,دفینه,صندوق س.کالای سینا,IRTKDAFI0001,13117618204212939,صندوق سرمایه‌گذاری قابل معامله,68,1000000000,1,10000000000000,,,10000,10000,10000,10000,10000,10000,10000,0,0.0,10000,0,0.0,16196,424362792,4243627920000,10869,29,0,1,112082823,311900120,0,423982943,0,0,0,10000,565537155,6,0,0,0,0,0,0,0,0,0,0,0,0,0,0,0,0,0,0,0,0,0,0,0,0
12:29:55,وتجارت,بانک تجارت,IRO1BTEJ0001,63917421733088077,بانک‌ها و موسسات اعتباری,57,1590603130011,1,811207596305610,113.0,4.5,482,510,503,510,496,509,510,14,2.82,510,14,2.82,15880,3010360110,1534843939502,692,9,908,12,2173632865,836727245,1054406458,1955953652,7638,2887145235,510,750,2260301,7,20,4518817,509,0,0,0,8,708582,508,0,0,0,4,1118011,505,0,0,0,5,890872,504,0,0,0
12:29:59,ذوب,ذوب آهن اصفهان,IRO1ZOBI0001,71483646978964608,فلزات اساسی,27,667084565831,1,264165488069076,26.0,15.2,392,416,392,409,404,392,400,-4,-0.99,396,-8,-1.98,12951,1903015063,753762248619,2514,9,1879,6,1740226151,162788912,1783815063,119200000,4,1003419,399,400,8151624,24,12,2553324,398,401,9145528,31,30,5608178,397,402,4816346,16,24,3932079,396,403,6240425,21,37,4052769,395,404,7082235,29
13:31:25,سیلور,صندوق س.بازده نقره نوا,IRTKSILV0001,18156575395080321,صندوق سرمایه‌گذاری قابل معامله,68,4000000000,1,49892000000000,,,11765,14379,12400,12699,13072,12699,12457,-615,-4.7,12473,-599,-4.58,10334,152354737,1900385825837,3774,5,1039,2,138497971,13734444,88512157,63720258,10,56429,12431,12457,118465,2,7,62357,12430,12458,100000,1,4,18822,12421,12461,120000,2,8,15046,12420,12464,141393,2,9,700400,12419,12465,100000,1
13:31:25,نقرابی,صندوق س.کالای کهکشان فیروزه1,IRTKNOGH0001,8620139816622134,صندوق سرمایه‌گذاری قابل معامله,68,5000000000,1,64425000000000,,,12063,14743,12843,13000,13403,13000,12849,-554,-4.13,12885,-518,-3.86,10002,117312160,1511584600991,4104,12,1068,4,105963196,10817124,110201806,6578514,7,71733,12849,12880,49289,2,5,143723,12845,12882,5100,2,6,32937,12844,12885,302844,6,16,266241,12843,12886,100000,1,20,25060,12842,12890,424204,6
13:31:26,طلا,صندوق س. کالای پارسیان,IRTKLOTF0001,46700660505281786,صندوق سرمایه‌گذاری قابل معامله,68,820000000,1,1052031300000000,,,1183912,1447002,1276500,1294000,1315457,1294000,1280540,-34917,-2.65,1282965,-32492,-2.47,9479,3312390,4249680226566,3767,32,1463,32,2987313,310075,2572634,724754,2,7,1280500,1280540,8525,3,1,1,1280499,1280549,5,1,4,2027,1280498,1280550,76012,4,4,10040,1280497,1280980,13,1,1,2000,1280490,1280990,16923,4
13:31:25,افران,صندوق س افرا نماد پایدار-ثابت,IRT1AFRN0001,3846143218462419,صندوق سرمایه‌گذاری قابل معامله,68,8540000000,1,417845120000000,,,47396,50326,48928,48930,48861,48928,48929,68,0.14,48928,67,0.14,9278,180350935,8824281587823,2534,13,4345,23,100289813,79256199,129130097,50415915,117,301874115,48928,48929,13912027,2,21,1151376,48927,48930,1135952,26,3,1010500,48926,48931,1000000,1,2,1000613,48925,48932,1132306,6,4,1017909,48924,48933,1046855,10
12:29:58,چاپ,ص.چاپ وبسته بندی آسان قزوین,IRO1CHAP0001,18320128145045368,محصولات کاغذی,21,5600000000,1,57064000000000,946.0,10.8,10040,10660,10040,10360,10350,10200,10160,-190,-1.84,10190,-160,-1.55,9076,13010218,132634771280,249,14,8453,4,4780268,8229950,12634424,375794,2,19364,10160,10160,325,1,2,1200,10150,10190,325,1,3,11348,10110,10200,1300,4,3,5842,10100,10210,50000,1,3,51000,10080,10240,50185,2
13:31:20,آوند,صندوق س. آوند مفید-د,IRT3AVNF0001,31039212000825988,صندوق سرمایه‌گذاری قابل معامله,68,17125000000,1,472341750000000,,,26714,28366,27582,27583,27540,27582,27583,43,0.16,27582,42,0.15,8754,923428565,25470384732243,2705,10,2751,17,160392169,762565108,163815632,759141645,5,200193220,27582,27583,50000008,1,13,10133511,27581,27584,1315338,16,16,10259519,27580,27585,1113804,13,1,10000000,27579,27586,1001000,2,8,10006050,27578,27587,1005868,6
13:31:24,مثقال,صندوق س.کالای آگاه,IRTKZARA0001,32469128621155736,صندوق سرمایه‌گذاری قابل معامله,68,3000000000,1,434577000000000,,,134046,163834,144470,145900,148940,145800,144734,-4206,-2.82,144859,-4081,-2.74,8550,16277901,2358005911110,2979,27,938,23,14528528,1704688,9583652,6649564,14,66343,144733,144734,7009,2,9,4652,144732,144736,97193,2,4,101,144731,144737,342,1,20,19875,144730,144740,61780,2,4,468,144721,144742,41963,4
12:29:59,کچاد,معدنی‌وصنعتی‌چادرملو,IRO1CHML0001,18027801615184692,استخراج کانه‌های فلزی,13,571500000000,1,1396174500000000,348.0,7.0,2435,2585,2435,2507,2510,2435,2442,-68,-2.71,2443,-67,-2.67,8361,658159269,1607984087658,2104,13,2002,16,295773812,362385457,442107913,216051356,1,3508,2442,2444,255230,1,7,181515,2440,2446,50000,1,1,300000,2439,2451,2400,1,2,30000,2438,2452,10404,2,1,50000,2437,2453,5000,1
12:29:53,شیفته,کشت و صنعت شیفته آرای شرق,IRO3SFHZ0001,20292922178776915,محصولات غذایی و آشامیدنی به جز قند و شکر,42,1200000000,1,21552000000000,2072.0,8.7,16920,17960,17960,17960,17440,17960,17960,520,2.98,17960,520,2.98,7922,12586042,226045314320,465,3,7025,3,12496042,90000,585888,12000154,3858,46764378,17960,0,0,0,15,48658,17950,0,0,0,4,8258,17940,0,0,0,3,1779,17930,0,0,0,5,28600,17920,0,0,0
12:30:00,وبصادر,بانک صادرات ایران,IRO1BSDR0001,28320293733348826,بانک‌ها و موسسات اعتباری,57,782353972000,1,464718259368000,66.0,9.0,574,608,575,607,591,576,600,9,1.52,594,3,0.51,7664,1009416147,599270133541,1536,10,1139,12,959846349,49569798,752465232,256950915,28,6786183,599,599,4200000,11,20,3172378,598,601,1648512,6,7,1275992,597,602,20218383,53,7,1233449,596,603,7264059,21,10,634740,595,604,9523830,28
13:31:17,لبخند,صندوق س. لبخند فارابی-د,IRT3LABF0001,31569200988534548,صندوق سرمایه‌گذاری قابل معامله,68,9400000000,1,263134200000000,,,27120,28796,27993,27994,27958,27993,27993,35,0.13,27993,35,0.13,7617,309557441,8665573562697,2417,14,3145,20,163327873,143224246,175860677,130691442,107,352443045,27993,27994,38842561,56,12,2511741,27992,27995,1054831,9,2,2000105,27991,27996,1000000,1,7,2016790,27990,27997,1000000,1,9,2237697,27989,27998,1036517,4
13:31:24,کهربا,صندوق س. کالای کهربا,IRTKROBA0001,25559236668122210,صندوق سرمایه‌گذاری قابل معامله,68,3500000000,1,604933000000000,,,159824,195340,172360,174000,177582,173505,172722,-4860,-2.74,172838,-4744,-2.67,7179,15916745,2751021809568,3248,26,990,26,12271015,3224950,11631534,3864431,2,535,172720,172721,99990,1,3,3299,172700,172722,4180,2,4,2826,172696,172740,900,1,12,15747,172690,172744,12402,3,5,8899,172685,172745,26150,7
12:29:58,موج,ص.س.اهرمی موج فیروزه-س,IRT3MOJF0001,67141987086032267,صندوق سرمایه‌گذاری قابل معامله,68,2500000000,1,104535000000000,,,39396,42678,40320,42678,41037,41900,42678,1641,4.0,41814,777,1.89,7134,114689615,4795621621257,1779,8,1580,9,113134310,1555305,109957113,4732502,502,15818174,42678,46234,100,1,5,77553,42677,46316,100,1,1,1400,42668,46700,100,1,1,2152,42665,47000,15000,1,2,6372,42609,47026,1500,1
12:29:59,ومعادن,توسعه‌معادن‌وفلزات,IRO1MADN0001,58931793851445922,استخراج کانه‌های فلزی,13,570000000000,1,1182750000000000,330.0,6.3,2006,2130,2006,2130,2068,2013,2101,33,1.6,2075,7,0.34,7092,800697781,1661477013289,1156,22,907,20,375892398,424805383,351266978,449430803,1,3000,2102,2109,350000,1,2,179345,2099,2120,100000,3,1,250000,2098,2129,5000,1,1,200000,2097,2130,38073536,123,3,205000,2096,2131,3000,1
13:31:24,نقران,صندوق س.کالای کهربا1,IRTKNGHR0001,41483334879559487,صندوق سرمایه‌گذاری قابل معامله,68,5000000000,1,61850000000000,,,11617,14197,12300,12480,12907,12480,12329,-578,-4.48,12370,-537,-4.16,6566,67756851,838150491258,2618,8,915,2,62060209,4711520,66465394,306335,2,5100,12322,12329,88845,4,4,93798,12321,12330,82757,2,16,183803,12320,12331,153930,2,10,32445,12319,12334,44291,1,13,208300,12318,12335,100000,1
12:29:56,کپرسپولیس,مجتمع کاشی و سنگ پرسپولیس یزد,IRO3PRPT0001,36236701370110884,کاشی و سرامیک,49,6700000000,1,42411000000000,723.0,8.8,6310,6690,6310,6450,6500,6310,6340,-160,-2.46,6330,-170,-2.62,6430,31098378,196944192230,745,3,4643,4,17687188,13411190,29784572,1313806,2,20560,6340,6370,50406,26,15,447181,6330,6380,4619,12,6,32909,6320,6390,162225,15,58,398351,6310,6400,211804,50,1,807,6200,6410,86245,29
12:29:59,فهامون,آلیاژ گستر هامون,IRO3AYHZ0001,37297472492769191,فلزات اساسی,27,3350000000,1,15138650000000,508.0,8.9,4304,4570,4320,4570,4437,4320,4570,133,3.0,4519,82,1.85,6330,14849273,67110701233,324,3,5757,6,14182514,666759,12845342,2003931,6,99813,4570,4600,405,2,1,2000,4564,4660,147627,3,1,9800,4536,4662,203,1,1,33213,4535,4666,203,1,4,78657,4529,4670,33360,55
12:30:00,کگل,معدنی و صنعتی گل گهر,IRO1GOLG0001,35700344742885862,استخراج کانه‌های فلزی,13,655000000000,1,1357160000000000,234.0,8.9,2064,2190,2064,2118,2127,2064,2064,-63,-2.96,2072,-55,-2.59,6326,542291803,1123461531915,1498,12,1103,18,287130571,255161232,346280050,196011753,21,437142,2064,2066,2106022,6,1,10,1000,2070,255514,3,0,0,0,2075,500000,2,0,0,0,2083,10000,1,0,0,0,2085,323458,2
12:29:57,خزامیا,زامیاد,IRO1ZMYD0001,2589887561569709,خودرو و ساخت قطعات,34,91851439850,1,101679543913950,279.0,4.0,1095,1161,1095,1140,1128,1095,1115,-13,-1.15,1107,-21,-1.86,6297,635642753,703827464046,1596,4,1061,9,602514725,33128028,570387298,65255455,1,129636,1115,1117,1208116,4,4,189304,1114,1118,400000,1,2,15000,1113,1120,410000,2,1,200000,1112,1121,800000,2,1,25000,1111,1122,145000,2
13:31:17,کیان,صندوق س. با درآمد ثابت کیان,IRT1FKNF0001,53251602435454519,صندوق سرمایه‌گذاری قابل معامله,68,4000000000,1,405748000000000,,,98275,104353,101437,101438,101314,101438,101438,124,0.12,101437,123,0.12,6222,75868495,7695893101715,1852,17,2957,33,31051550,44709321,46550398,29210473,19,140511010,101437,101438,45278657,11,7,1120726,101436,101439,501009,3,11,1030789,101435,101440,505000,2,1,1000000,101434,101441,501000,2,2,1037849,101433,101442,509893,4
12:29:35,شپنا,پالایش نفت اصفهان,IRO1PNES0001,7745894403636165,فراورده‌های نفتی، کک و سوخت هسته‌ای,23,627234213000,1,4315371385440000,1152.0,6.0,6480,6880,6880,6880,6680,6880,6880,200,2.99,6880,200,2.99,6135,513075075,3529956516000,1126,94,831,6,396177075,116898000,35999122,477075953,5602,818207086,6880,10300,3429,1,6,129000,6870,0,0,0,1,2265,6860,0,0,0,2,120000,6850,0,0,0,2,33000,6840,0,0,0
13:31:04,یاقوت,صندوق س یاقوت آگاه-ثابت,IRT1YGHT0001,1438514795814416,صندوق سرمایه‌گذاری قابل معامله,68,13000000000,1,555282000000000,,,41383,43941,42713,42715,42662,42714,42714,52,0.12,42714,52,0.12,5687,121599913,5193961566794,1771,21,2661,20,62593932,58981188,87783010,33792110,319,301174320,42713,42714,437447,3,18,10087282,42712,42715,25474141,28,11,10004745,42711,42716,1023115,3,13,10009384,42710,42717,1001000,2,12,10000067,42709,42718,1002845,3
12:29:57,نیروترانسفو,کارخانجات تولیدی نیروترانسفو,IRO3TNZF0001,68347423518804677,ماشین‌آلات و دستگاه‌های برقی,31,3000000000,1,35340000000000,1993.0,5.9,11100,11780,11780,11780,11440,11780,11780,340,2.97,11780,340,2.97,5600,5001426,58916798280,16,1,5508,3,4701426,300000,2112340,2889086,598,36257220,11780,11780,809,1,4,3791,11750,0,0,0,2,2884,11710,0,0,0,2,10960,11700,0,0,0,1,451,11460,0,0,0
12:29:53,آگاس,صندوق س.هستی بخش آگاه-س,IRT3SAGF0001,33887145736684266,صندوق سرمایه‌گذاری قابل معامله,68,800000000,1,243916000000000,,,291247,309261,294785,309261,300254,299900,309261,9007,3.0,304895,4641,1.55,5529,7788427,2374650058403,2450,4,933,4,7620111,168316,4327821,3460606,1740,4707253,309261,311000,32,1,42,105124,309260,312070,439,5,4,5988,309259,0,0,0,5,8094,309258,0,0,0,8,6281,309257,0,0,0
12:29:28,تاصیکو,سرمایه گذاری صدرتامین,IRO1SADR0001,23293437377896568,استخراج کانه‌های فلزی,13,95500000000,1,1168920000000000,783.0,15.6,11670,12390,11730,12390,12030,12170,12390,360,2.99,12240,210,1.75,5469,148200614,1814219193600,942,35,765,18,70403961,77796653,70450013,77750601,31,760130,12390,12510,16308,4,3,5500,12380,0,0,0,3,5101,12370,0,0,0,6,20083,12360,0,0,0,3,2000,12350,0,0,0
12:30:00,کرمان,س. توسعه و عمران استان کرمان,IRO3KRMZ0001,50792786683910016,انبوه‌سازی، املاک و مستغلات,70,42620178000,1,46839575622000,0.0,0.0,1098,1164,1098,1118,1131,1098,1098,-33,-2.92,1099,-32,-2.83,5454,1052574279,1156524613463,1477,2,593,3,1041974279,10600000,961580158,90994121,1,4974,1098,1098,1137217,6,1,20012,1026,1099,82000,1,0,0,0,1100,100000,1,0,0,0,1102,289789,3,0,0,0,1103,957333,2
13:31:22,پاسارگاد,صندوق س.درآمد ثابت پاسارگاد-د,IRT3PSGF0001,61920683599787147,صندوق سرمایه‌گذاری قابل معامله,68,25000000000,1,393000000000000,,,15229,16169,15719,15724,15699,15719,15719,20,0.13,15720,21,0.13,5354,1091080498,17151701818871,1389,23,1921,36,209480712,881594379,315189990,775885101,16,2001854921,15719,15720,30861497,7,9,5548968,15718,15721,70000,1,3,5000650,15717,15725,11160,3,1,5000000,15716,15726,1000,1,3,5115016,15715,15727,1000,1
12:30:00,وصندوق,سرمایه‌گذاری‌صندوق‌بازنشستگی,IRO1SAND0001,37204371816016200,شرکت‌های چند رشته‌ای صنعتی,39,40770000000,1,594426600000000,2979.0,4.9,14570,15470,14570,14840,15020,14570,14590,-430,-2.86,14580,-440,-2.93,5232,106288075,1549491210080,1549,11,656,12,70355694,35932381,65488290,40799785,3,50361,14570,14670,500,1,0,0,0,14680,85817,4,0,0,0,14710,15073,1,0,0,0,14720,2500,1,0,0,0,14760,20350,3
12:29:58,وساپا,سرمایه‌گذاری‌ سایپا,IRO1SSAP0001,37614886280396031,سرمایه‌گذاری‌ها,56,26000000000,1,150540000000000,2981.0,1.9,5760,6100,5760,5930,5930,5780,5810,-120,-2.02,5790,-140,-2.36,5198,198199830,1147885539960,1370,5,971,4,194684145,3515685,193349830,4850000,3,216826,5790,5830,201792,3,4,500000,5770,5840,644238,6,32,2391882,5760,5850,392260,3,1,2552,5640,5860,554159,3,1,2000,5490,5870,446737,5
12:29:58,ثشرق,سرمایه گذاری مسکن شمال شرق,IRO1PMSZ0001,6043384171800349,انبوه‌سازی، املاک و مستغلات,70,1100000000,1,23540000000000,953.0,22.5,21350,22670,21350,21970,22010,21350,21780,-230,-1.04,21400,-610,-2.77,5134,17628531,377175578910,663,1,345,1,17578299,50232,17528531,100000,5,495624,21780,21830,2500,1,1,234,21510,21840,5000,1,1,11585,21480,21860,3200,1,1,1229,21400,21880,31589,2,1,2000,21370,21890,5000,1
12:30:00,ورنا,سرمایه‌گذاری‌ رنا(هلدینگ,IRO1RENA0001,7385624172574740,خودرو و ساخت قطعات,34,25000000000,1,126500000000000,233.0,21.7,5050,5350,5050,5130,5200,5050,5050,-150,-2.88,5060,-140,-2.69,5029,228565075,1155642734840,1300,3,869,5,200226075,28339000,209034019,19531056,0,0,0,5050,5431952,44,0,0,0,5060,60578,5,0,0,0,5070,22000,4,0,0,0,5080,74484,3,0,0,0,5090,100000,1
12:29:51,توان,صندوق س. اهرمی توان مفید-س,IRT3TVAF0001,41927452991671109,صندوق سرمایه‌گذاری قابل معامله,68,2500000000,1,95850000000000,,,35953,38949,37001,38949,37451,37500,38949,1498,4.0,38340,889,2.37,4959,48806305,1871222805258,1598,4,1338,5,41980810,6825495,42733867,6072438,465,7177140,38949,39660,390,3,8,17475,38948,39708,5000,1,3,11766,38946,41311,7821,5,2,99400,38942,41426,653,1,7,42799,38940,42996,450,1
13:00:00,وبملت3,بانک ملت,IRO1BMLT0003,64007203906495070,بانک‌ها و موسسات اعتباری,57,3382000000000,1,3963704000000000,559.0,2.1,1172,1172,1172,1172,1155,1172,1172,17,1.47,1172,17,1.47,4898,974741089,1142396556308,136,9,11,2,827341089,147400000,6341089,968400000,5178,1293143162,1172,0,0,0,0,0,0,0,0,0,0,0,0,0,0,0,0,0,0,0,0,0,0,0,0,0,0,0
12:29:57,درپاد,گروه صنعتی درپاد تبریز,IRO3SDPT0001,9917562130961534,فلزات اساسی,27,1500000000,1,14640000000000,663.0,14.7,9270,9830,9270,9830,9550,9300,9830,280,2.93,9760,210,2.2,4863,8034385,78376192780,267,1,4173,2,8004293,30092,7180313,854072,39,2360686,9830,9960,96,1,3,19514,9820,9980,96,1,2,1036,9800,9990,501,1,1,9326,9790,10090,192,2,2,11000,9730,10100,288,3
12:29:39,دارا یکم,صندوق واسطه گری مالی یکم-سهام,IRT1DARA0001,62235397452612911,صندوق سرمایه‌گذاری قابل معامله,68,588283082,1,235323233612394,,,378053,401437,393700,401437,389745,401347,401437,11692,3.0,400017,10272,2.64,4636,8994874,3598104577496,1303,17,1940,11,7156541,1838333,7896727,1098147,727,4760465,401437,401600,15,1,5,3559,401436,401750,15,1,4,713,401430,402100,15,1,3,227,401407,406100,15,1,1,5,401405,407080,265,6
13:31:16,کارا,صندوق س. کارا -د,IRT3KARF0001,71843282162462661,صندوق سرمایه‌گذاری قابل معامله,68,15500000000,1,521218500000000,,,32577,34591,33624,33628,33584,33627,33628,44,0.13,33627,43,0.13,4605,232512035,7818624853990,1338,19,2128,28,82405647,145892141,113673918,114623870,2,196646447,33627,33628,48876929,1,1,1000000,33626,33629,5083157,3,1,1000000,33625,33630,5001430,3,2,1029000,33624,33631,5000000,1,8,1155599,33623,33632,5006376,3
13:31:25,گنج,صندوق س. سیمای کاردان,IRTKGANJ0001,58514988269776425,صندوق سرمایه‌گذاری قابل معامله,68,2600000000,1,400831600000000,,,142433,174083,153573,156471,158258,156471,153700,-4558,-2.88,154166,-4092,-2.59,4574,9794981,1510050085460,1913,8,688,21,8869511,859674,6102219,3626966,6,10257,153681,153700,60954,2,1,1000,153651,153750,100000,1,4,1060,153650,153761,33091,3,5,4723,153608,153770,98,1,3,2604,153607,153780,934,1
12:29:57,کولان,کولان سل,IRO3KOLZ0001,64380036977879368,محصولات کاغذی,21,1020000000,1,25296000000000,2363.0,10.5,23400,24800,24800,24800,24100,24800,24800,700,2.9,24800,700,2.9,4516,5370195,133180836000,323,1,4117,6,5350195,20000,269896,5100299,7413,64680137,24800,0,0,0,15,10627,24750,0,0,0,15,18189,24700,0,0,0,5,13693,24650,0,0,0,15,14448,24600,0,0,0
12:29:59,وسپه,سرمایه‌گذاری‌ سپه,IRO1SPAH0001,2328862017676109,سرمایه‌گذاری‌ها,56,51700000000,1,264704000000000,1210.0,4.2,5110,5410,5110,5240,5260,5110,5120,-140,-2.66,5120,-140,-2.66,4416,226287661,1157914371980,1036,11,950,15,124455541,101832120,150207655,76080006,10,538026,5120,5170,225000,3,266,42219356,5110,5180,418817,6,0,0,0,5190,242000,5,0,0,0,5200,209541,3,0,0,0,5210,50930,2
12:30:00,فجر,فولاد امیرکبیرکاشان,IRO1FAJR0001,41302553376174581,فلزات اساسی,27,20000000000,1,57940000000000,679.0,4.3,2886,3064,2886,2975,2975,2886,2900,-75,-2.52,2897,-78,-2.62,4313,380260477,1101675359174,761,17,1111,14,303580980,76679497,293334762,86925715,1,100000,2896,2901,20000,1,1,10514,2895,2917,17592,1,1,50000,2893,2919,1553,1,14,4151733,2891,2920,21600,2,4,160000,2890,2921,40000,2
12:29:58,اخابر,مخابرات ایران,IRO1MKBT0001,22811176775480091,مخابرات,64,960511331644,1,513873562429540,50.0,10.7,528,560,528,549,544,543,539,-5,-0.92,535,-9,-1.65,4284,577918254,309035608100,832,2,663,5,573631948,4286306,453768254,124150000,1,100000,536,539,8065676,22,21,5980173,535,540,139541,3,7,383383,534,541,210000,2,3,430000,533,542,630000,3,1,13297,532,544,1290000,9
12:29:16,سامان,بانک سامان,IRO3BSAP0001,22312990497291517,بانک‌ها و موسسات اعتباری,57,158000000000,1,706102000000000,588.0,7.6,4210,4470,4361,4470,4340,4470,4470,130,3.0,4469,129,2.97,4229,703320765,3142962040981,830,4,152,10,674170765,29150000,63043986,640276779,450,127924403,4470,4470,8171,1,1,4000,4465,0,0,0,4,105100,4460,0,0,0,1,5000,4450,0,0,0,4,27549,4390,0,0,0
13:31:23,فیروزا,صندوق ارمغان فیروزه آسیا-ثابت,IRT1FIRO0001,10795723506538053,صندوق سرمایه‌گذاری قابل معامله,68,4250000000,1,352286750000000,,,80302,85268,82891,82892,82785,82891,82892,107,0.13,82891,106,0.13,4202,247923702,20550738122184,1345,33,1696,48,62954927,184818074,44582307,203190694,4,900323852,82891,82892,40254204,2,9,15000918,82890,82893,206835,6,4,15010170,82889,82894,200000,1,2,15006037,82888,82895,304400,2,1,15000000,82887,82896,213133,7
12:29:58,خگستر,گسترش‌سرمایه‌گذاری‌ایران‌خودرو,IRO1GOST0001,48990026850202503,خودرو و ساخت قطعات,34,58808747000,1,159724556852000,106.0,25.6,2665,2829,2665,2808,2747,2713,2739,-8,-0.29,2716,-31,-1.13,4011,217093859,589711914659,1268,5,1129,5,205586228,11507631,194832534,22261325,2,20000,2730,2739,51652,1,1,183362,2720,2740,504841,4,2,254983,2718,2746,13856,1,3,190000,2716,2749,400000,1,5,413517,2715,2750,127964,3
12:29:57,کاما,باما,IRO1BAMA0001,4942127026063388,استخراج کانه‌های فلزی,13,42570000000,1,124389540000000,710.0,4.1,2862,3038,2862,3028,2950,2891,2967,17,0.58,2922,-28,-0.95,3989,272155613,795264196212,904,6,933,4,271142533,1013080,259764714,12390899,2,30000,2946,2967,300,1,3,70190,2945,2970,200000,1,1,2000,2940,2971,10000,1,1,70000,2932,2972,210000,2,11,2626129,2930,2993,400000,1
12:29:56,خنور,نورایستا پلاستیک,IRO3NIPZ0001,33716211077781594,خودرو و ساخت قطعات,34,4250000000,1,35147500000000,735.0,11.3,8080,8560,8080,8560,8320,8080,8530,210,2.52,8270,-50,-0.6,3890,29703111,245556642610,286,1,545,2,28783111,920000,29432635,270476,1,641,8520,8560,355815,24,7,865500,8510,8740,578,1,1,5306,8500,8760,180,2,1,5000,8490,8890,1500,1,1,2000,8480,9000,6727,7
12:27:19,فباهنر,مس‌ شهیدباهنر,IRO1BAHN0001,66772024744156373,فلزات اساسی,27,24583331714,1,253208316654200,1095.0,9.4,9710,10310,10120,10310,10010,10310,10310,300,3.0,10300,290,2.9,3798,112168025,1155181401100,919,5,948,11,41133025,71035000,58961788,53206237,648,17392494,10310,10500,500,1,15,265959,10300,10510,1000,1,4,4290,10290,10550,5800,1,7,22884,10280,10680,1500,2,9,50723,10270,10810,7864,3
12:29:55,اطلس,صندوق س.توسعه اطلس مفید-س,IRT3SATF0001,11427939669935844,صندوق سرمایه‌گذاری قابل معامله,68,1000000000,1,100988000000000,,,96442,102406,97527,102406,99424,97527,102406,2982,3.0,100988,1564,1.57,3717,19455960,1964822358234,1577,9,663,8,16060193,3395767,7609293,11846667,489,2769517,102406,102497,472,4,5,16902,102405,0,0,0,2,2161,102403,0,0,0,2,4946,102400,0,0,0,4,1816,102398,0,0,0
12:29:56,بیدار,صندوق س سهامی بیدار-اهرمی,IRT1BIDF0001,44604318643489231,صندوق سرمایه‌گذاری قابل معامله,68,3000000000,1,76197000000000,,,23838,25824,24546,25824,24831,25000,25824,993,4.0,25399,568,2.29,3586,57590044,1462741773919,1016,7,826,2,56655561,934483,56570201,1019843,392,19974036,25824,26360,788,3,1,4300,25810,26410,26549,2,2,5471,25805,27100,57,1,1,1000,25804,27200,54,1,2,200000,25802,27410,101580,3
12:29:25,دوایکس,ص.س.اهرمی شاخصی کیان-س,IRT3DOXF0001,58108537439201620,صندوق سرمایه‌گذاری قابل معامله,68,2000000000,1,28358000000000,,,13253,14357,13600,14357,13805,13900,14357,552,4.0,14179,374,2.71,3558,76832169,1089373864631,737,3,733,1,73332169,3500000,76632169,200000,176,5981082,14357,14800,400,1,2,1651,14355,14837,132000,1,1,100000,14354,14850,400,1,1,4000,14353,17333,5000,1,5,67155,14351,18700,3175,2
13:22:07,ارزش مسکن,ص.س.املاک ومستغلات ارزش مسکن,IRT3RT010001,71945594172117613,صندوق سرمایه‌گذاری قابل معامله,68,165000000,1,5107905000000,,,29391,31207,29500,31207,30299,30789,31207,908,3.0,30957,658,2.17,3139,21873112,677130894180,577,1,527,1,21673112,200000,21073112,800000,98,5295145,31207,31679,25,1,1,500,31131,31696,25,1,2,5200,31101,31699,25,1,2,7729,31041,31810,580,1,4,3900,31040,31950,560,1
12:30:00,بترانس,ایران‌ ترانسفو,IRO1TRNS0001,46752599569017089,ماشین‌آلات و دستگاه‌های برقی,31,90000000000,1,254430000000000,690.0,4.1,2744,2912,2744,2891,2828,2772,2863,35,1.24,2827,-1,-0.04,3129,168075714,475098786370,658,10,715,8,158271075,9804639,142516994,25558720,2,75647,2862,2864,45000,2,3,74000,2860,2865,107008,1,1,49000,2856,2866,400000,1,1,3490,2854,2868,380452,1,1,5505,2851,2870,400000,1
12:30:00,سرو,صندوق س سروسودمند مدبران-سهام,IRT1SARV0001,64942549055019553,صندوق سرمایه‌گذاری قابل معامله,68,2500000000,1,69372500000000,,,26524,28164,26710,28164,27344,26710,28100,756,2.76,27749,405,1.48,3103,55663120,1544599171282,521,23,353,8,35591709,20071411,42898767,12764353,3,12041,28069,28164,63992,3,1,26635,28023,28749,1500,2,1,6861,28010,0,0,0,1,5000,27998,0,0,0,2,16598,27997,0,0,0
12:29:48,خبهمن,گروه‌بهمن,IRO1BHMN0001,26824673819862694,خودرو و ساخت قطعات,34,134637967000,1,230500199504000,197.0,8.7,1655,1757,1667,1744,1706,1681,1740,34,1.99,1712,6,0.35,2973,254679312,436099210329,741,4,441,7,163243175,91436137,121401458,133277854,2,22371,1737,1740,300000,1,4,459602,1734,1741,425891,2,5,603005,1733,1742,707571,4,8,1100000,1732,1743,300000,3,2,300000,1731,1744,872577,4
13:31:24,ریتون,صندوق س. کالای پاسارگاد,IRTKRITO0001,14035144070182412,صندوق سرمایه‌گذاری قابل معامله,68,6000000000,1,103440000000000,,,15941,19483,17200,17399,17712,17300,17220,-492,-2.78,17240,-472,-2.66,2963,50662953,873442683717,1004,18,405,2,36967897,13684333,21203413,29448817,254,23162633,17210,17219,11615,1,55,5013315,17209,17220,1731529,21,54,5003687,17208,17229,87249,2,65,5050110,17207,17230,1169862,13,55,5002280,17206,17242,293,1
13:28:23,کاخ,صندوق س کاخ-املاک,IRT1KAKH0001,71595553356620707,صندوق سرمایه‌گذاری قابل معامله,68,700002547,1,7858928595169,,,10710,11372,10928,11369,11041,10928,11345,304,2.75,11227,186,1.68,2952,50176850,563339230154,470,1,424,3,46176850,4000000,46518524,3658326,1,6000,11336,11340,42000,5,1,10000,11335,11346,101934,1,1,169,11333,11347,100000,1,1,10000,11330,11349,4400,1,2,170003,11329,11352,20000,1
12:29:57,کیمازی,کیمیا کالای رازی,IRO5KKRS0001,44092474955845186,مواد و محصولات دارویی,43,1605000000,1,24588600000000,1811.0,8.5,14940,15860,14940,15850,15400,15020,15300,-100,-0.65,15320,-80,-0.52,2938,7155716,109651793350,208,1,2314,6,6453631,702085,6062609,1093107,1,979,15290,15320,4688,6,1,1000,15260,15400,114,1,2,50329,15250,15450,1091,4,1,600,15230,15480,114,1,1,2752,15220,15490,1868,13
12:29:55,فسبزوار,پارس فولاد سبزوار,IRO1FSBZ0001,37284308569715577,فلزات اساسی,27,4000000000,1,177160000000000,13379.0,3.3,43200,45860,43200,45500,44530,45000,45090,560,1.26,44290,-240,-0.54,2932,15366805,680644903460,1175,6,586,4,14438606,928199,10540027,4826778,1,25162,45070,45090,174934,2,6,76740,45060,45100,500,1,4,10252,45050,45130,500,1,1,500,45040,45140,224,1,1,2000,45030,45150,500,1
12:29:50,همسنگ,صندوق س. شاخصی هم وزن همسنگ-س,IRT3HAMF0001,36002472163498476,صندوق سرمایه‌گذاری قابل معامله,68,2000000000,1,24180000000000,,,11485,12195,11742,12195,11840,11840,12195,355,3.0,12090,250,2.11,2917,72001436,870491361741,744,5,1022,8,65062341,6939095,34525886,37475550,30,1932554,12195,12205,10,1,7,74390,12194,12260,5000,1,2,20506,12192,12269,1730,2,2,14395,12173,12317,4500,3,2,20000,12169,12460,10000,1
12:29:58,کرماشا,صنایع پتروشیمی کرمانشاه,IRO1PKER0001,38437201078089290,محصولات شیمیایی,44,10587600000,1,514769112000000,6210.0,7.8,47950,50910,47950,50420,49430,50420,49500,70,0.14,48620,-810,-1.64,2902,32642072,1587141639070,962,19,787,14,18701897,13940175,30503913,2138159,1,41935,49480,49740,5000,1,2,4201,49300,49840,31598,1,2,13600,49290,49900,1469,2,1,500,49280,49950,7200,2,1,3000,49180,49960,11000,2
12:30:00,سخزر,سیمان‌ خزر,IRO1SKAZ0001,67327029014085707,سیمان، آهک و گچ,53,9300000000,1,47802000000000,762.0,6.7,5020,5320,5020,5280,5171,5260,5210,39,0.75,5140,-31,-0.6,2853,63832504,328179109300,976,7,642,4,60704316,3128188,53945744,9886760,4,45109,5200,5210,86051,2,2,25894,5190,5220,509600,10,5,189843,5180,5240,514149,4,1,7825,5170,5250,333495,12,11,231219,5160,5260,220160,6
12:29:26,ثبهساز,بهساز کاشانه تهران,IRO1BEKA0001,14744445176220774,انبوه‌سازی، املاک و مستغلات,70,40261574000,1,53789462864000,413.0,3.2,1260,1336,1326,1336,1298,1336,1336,38,2.93,1336,38,2.93,2775,392336699,524132979571,359,5,686,6,322902761,69433938,343170637,49166062,321,77739978,1336,0,0,0,1,5000,1335,0,0,0,1,35000,1334,0,0,0,1,37371,1333,0,0,0,1,100000,1332,0,0,0
12:29:28,شیران,س. صنایع‌شیمیایی‌ایران,IRO1SSIN0001,35796086458096255,محصولات شیمیایی,44,54433650000,1,405530692500000,1012.0,7.4,7080,7500,7240,7500,7290,7500,7500,210,2.88,7450,160,2.19,2712,103863136,773391696840,538,15,648,11,49028645,54834491,65066574,38796562,148,13393424,7500,0,0,0,2,104250,7450,0,0,0,2,5000,7440,0,0,0,2,80000,7430,0,0,0,4,78761,7420,0,0,0
12:29:55,پکویر,کویر تایر,IRO1KVRZ0001,7235435095059069,لاستیک و پلاستیک,25,13668828000,1,74085047760000,1267.0,4.3,5400,5720,5400,5520,5560,5400,5480,-80,-1.44,5420,-140,-2.52,2654,64431254,349033140180,888,6,573,7,49725689,14705565,51255063,13176191,2,14656,5450,5480,31668,2,1,3662,5440,5490,476025,9,3,215000,5420,5500,237433,7,9,95419,5410,5510,10000,2,24,390846,5400,5520,10903,3
12:29:57,شبصیر,تولیدات پتروشیمی قائد بصیر,IRO3BSRZ0001,68517032834363488,محصولات شیمیایی,44,10000000000,1,95900000000000,2242.0,4.3,9540,10120,9540,9780,9830,9540,9680,-150,-1.53,9590,-240,-2.44,2590,44368939,425700565070,814,6,351,9,38471144,5897795,26506995,17861944,4,25733,9650,9680,58228,2,1,4238,9640,9690,95634,3,2,2644,9630,9700,47586,1,4,213109,9620,9710,18000,1,5,139090,9610,9730,20110,4
13:31:24,کمند,صندوق س. با درآمد ثابت کمند,IRT1KMND0001,34718633636164421,صندوق سرمایه‌گذاری قابل معامله,68,10000000000,1,100080000000000,,,9948,10562,10008,10009,10255,10009,10009,-246,-2.4,10008,-247,-2.41,2535,256535615,2567458860615,1207,6,483,3,139916154,116566585,162575271,93907468,41,201025222,10008,10009,50670646,9,6,1039100,10007,10010,5001200,2,2,1000100,10006,10011,5000000,1,2,1000100,10005,10012,5000000,1,4,1428600,10004,10013,5000500,2
13:31:16,نقرسا,صندوق س.کالای پارسیان1,IRTKNGRS0001,47717365931256099,صندوق سرمایه‌گذاری قابل معامله,68,1000000000,1,9987000000000,,,9278,11338,9928,10078,10308,10051,9976,-332,-3.22,9987,-321,-3.11,2525,31633709,315925637521,854,2,304,1,27377322,4216920,31494242,100000,2,4000,9977,9988,112371,2,1,6967,9976,9990,7600,1,2,44185,9975,10005,79865,1,1,500,9971,10007,51000,2,10,136311,9970,10010,2000,1
13:31:21,گوهر,صندوق س.کالای کیان,IRTKKIAN0001,12390706505809150,صندوق سرمایه‌گذاری قابل معامله,68,300000000,1,257145000000000,,,791775,967725,852500,862999,879750,860501,854849,-24901,-2.83,857150,-22600,-2.57,2459,845903,725065555526,1107,16,532,18,746353,95905,736426,105832,2,11,854849,854850,14734,1,1,95,854606,854900,15183,3,1,661,854605,856000,66369,1,1,200,854603,856404,13826,3,3,10085,854600,856405,299,2
12:28:29,زاگرس,پتروشیمی زاگرس,IRO3PZGZ0001,13235547361447092,محصولات شیمیایی,44,2400000000,1,223800000000000,6744.0,13.8,90550,96050,90550,96050,93300,90700,96050,2750,2.95,93250,-50,-0.05,2417,6326936,590093021700,906,1,532,5,5326936,1000000,4888821,1438115,195,870586,96050,0,0,0,127,2893050,96000,0,0,0,2,748,95950,0,0,0,3,2321,95900,0,0,0,3,4610,95850,0,0,0
13:31:18,همای,صندوق س همای آگاه-ثابت,IRT1HOMA0001,15494954332657697,صندوق سرمایه‌گذاری قابل معامله,68,10000000000,1,101330000000000,,,9817,10423,10133,10134,10120,10134,10133,13,0.13,10133,13,0.13,2401,206198001,2089434677678,682,3,751,3,66249245,139890161,104504521,101634885,212,201466826,10133,10134,53548073,87,12,5078872,10132,10135,1005000,2,6,5504000,10131,10136,1400000,2,7,5209203,10130,10137,1400000,2,6,5000713,10129,10138,1022139,4
12:29:56,ثاخت,بین‌المللی‌توسعه‌ساختمان,IRO1BSTE0001,17800036702302776,انبوه‌سازی، املاک و مستغلات,70,82308512000,1,41401181536000,38.0,13.2,488,518,491,516,503,501,502,-1,-0.2,503,0,0.0,2380,282930878,142298363695,454,0,304,3,282930878,0,186450535,96480343,2,30000,501,502,800000,2,4,807049,499,503,3357248,10,2,400000,498,504,1699552,5,2,112000,497,505,4000000,10,2,500000,496,506,990100,3
12:29:51,فسوژ,سوژمیران,IRO3SOJZ0001,56375665074210467,فلزات اساسی,27,2400000000,1,22776000000000,2575.0,3.7,8960,9500,9350,9500,9230,9500,9500,270,2.93,9490,260,2.82,2304,77924950,739871006610,463,9,365,8,74384157,3540793,63210783,14714167,165,13342831,9500,0,0,0,4,47404,9490,0,0,0,3,11080,9480,0,0,0,3,4195,9470,0,0,0,5,11467,9460,0,0,0
13:31:26,زر,صندوق س.پشتوانه طلای زرافشان,IRTKZARF0001,33254899395816171,صندوق سرمایه‌گذاری قابل معامله,68,200000000,1,153333400000000,,,708153,865519,762667,774000,786836,774000,764991,-21845,-2.78,766667,-20169,-2.56,2288,685655,525669193651,1077,13,353,17,560657,112016,654245,18428,1,15,764999,765999,261,1,1,64,764992,766000,5,1,1,6,764991,766401,9,1,1,10,764990,766703,5222,2,1,19,764979,766704,30000,1
12:29:16,زشگزا,شیر و گوشت زاگرس شهرکرد,IRO3ZMMZ0001,26259366519412975,زراعت و خدمات وابسته,1,960000000,1,28896000000000,4237.0,7.1,28900,30600,28900,30600,29750,30600,30600,850,2.86,30100,350,1.18,2226,13744839,413647184400,752,9,418,9,9155009,4589830,9832202,3912637,65,642611,30600,0,0,0,2,15788,30300,0,0,0,2,3627,30250,0,0,0,1,4850,30200,0,0,0,1,10000,30100,0,0,0
12:27:58,وخارزم,سرمایه گذاری خوارزمی,IRO1IKHR0001,7395271748414592,سرمایه‌گذاری‌ها,56,80000000000,1,310720000000000,544.0,7.1,3658,3884,3781,3884,3771,3884,3884,113,3.0,3884,113,3.0,2205,292122090,1134518047382,365,11,397,6,122022090,170100000,121379090,170743000,313,75153677,3884,4823,3962,1,3,28109,3883,6542,2899,1,1,10000,3847,0,0,0,1,59025,3846,0,0,0,2,130000,3845,0,0,0
13:31:25,آتش,صندوق س.کالای کهکشان فیروزه,IRTKATSH0001,56987424987755487,صندوق سرمایه‌گذاری قابل معامله,68,4000000000,1,128128000000000,,,29700,36298,31800,32599,32999,32222,32000,-999,-3.03,32032,-967,-2.93,2198,28235506,904453420694,542,26,218,12,22722514,5400565,9701205,18421874,1,623,32001,32002,48705,1,14,68118,32000,32011,42457,2,5,23704,31999,32012,34676,1,2,20196,31998,32014,50000,1,1,32,31995,32018,79782,3
12:29:58,داترا,آترا زیست آرای,IRO1DTRA0001,11996454048142959,مواد و محصولات دارویی,43,5745000000,1,23836005000000,600.0,6.9,4077,4329,4077,4298,4203,4077,4195,-8,-0.19,4149,-54,-1.28,2163,19819675,82229342030,360,1,1462,1,19619675,200000,19094098,725577,1,1300,4191,4203,111,1,3,35448,4190,4204,485,1,1,200000,4186,4210,70125,2,1,3900,4185,4211,6584,2,3,16239,4182,4212,487,1
12:30:00,خودران,صندوق س صنایع مفید2-بخشی,IRT1KHOD0001,67261627618765635,صندوق سرمایه‌گذاری قابل معامله,68,2000000000,1,22366000000000,,,10707,11369,10867,11358,11038,11010,11314,276,2.5,11183,145,1.31,2122,46086554,515380882170,513,3,498,1,41843422,4243132,35350172,10736382,1,10000,11300,11314,43466,1,1,10000,11266,11315,1000,1,1,5000,11263,11316,101,1,1,10000,11254,11317,50000,1,2,5493,11253,11320,13500,1
12:30:00,دعبید,لابراتوارداروسازی‌  دکترعبیدی,IRO1ABDI0001,49054891736433700,مواد و محصولات دارویی,43,56000000000,1,627760000000000,1090.0,10.3,10570,11210,11210,11210,10890,11210,11210,320,2.94,11210,320,2.94,2100,97386683,1091704716430,211,14,56,6,36586683,60800000,986683,96400000,548,39146843,11210,0,0,0,3,6220,11200,0,0,0,2,10500,11180,0,0,0,2,5529,11000,0,0,0,1,2420,10900,0,0,0
13:31:26,زمرد,صندوق س.کالای زمرد بیدار,IRTKZOMR0001,64795751499397128,صندوق سرمایه‌گذاری قابل معامله,68,4000000000,1,99996000000000,,,23143,28285,24974,25647,25714,25222,24987,-727,-2.83,24999,-715,-2.78,2048,28515289,712846124469,486,21,179,18,13752094,14422461,8902173,19272382,3,31135,24988,24989,8003,1,1,7541985,24987,24990,300000,3,8,10066319,24986,24995,400000,4,8,9985459,24985,25000,297392,4,4,10002601,24984,25011,151697,2
12:29:51,خاور,ایران خودرو دیزل,IRO3IKDP0001,49270349234092953,خودرو و ساخت قطعات,34,111600000000,1,126666000000000,53.0,21.4,1114,1182,1114,1172,1148,1120,1152,4,0.35,1135,-13,-1.13,2047,226260210,256909345546,570,4,562,4,198776196,27484014,194325839,31934371,2,392312,1151,1154,15000,3,7,1102514,1150,1155,15000,3,3,33000,1148,1156,35000,7,3,720000,1147,1158,664080,4,6,184741,1146,1159,667432,2
12:29:51,فیروزه,صندوق شاخص30 شرکت فیروزه- سهام,IRT1CFIF0001,66036975502302203,صندوق سرمایه‌گذاری قابل معامله,68,800000000,1,17836800000000,,,21363,22683,21730,22600,22023,22080,22520,497,2.26,22296,273,1.24,2027,18959620,422727127766,288,10,219,6,11121694,7837926,14988235,3971385,1,50,22533,22541,99073,2,1,500,22495,22548,25361,1,1,9044,22484,22579,36689,1,1,64823,22480,22588,100020,1,1,4520,22470,22598,13201,2
13:29:57,سپر,صندوق س سپر سرمایه بیدار- ثابت,IRT1SEPR0001,17226661368470120,صندوق سرمایه‌گذاری قابل معامله,68,11600000000,1,494171600000000,,,41262,43814,42595,42650,42538,42595,42595,57,0.13,42601,63,0.15,2025,249787048,10641108700819,491,11,853,21,25143121,224643927,31167303,218619745,9,318671338,42595,42596,4027365,5,4,5063625,42594,42597,2448450,4,1,5000000,42593,42598,100000,1,3,5009944,42592,42599,100000,1,1,5000000,42591,42600,100000,1
13:22:24,کلید,صندوق س خانه آگاه-املاک,IRT1KLID0001,45292762906823004,صندوق سرمایه‌گذاری قابل معامله,68,1000000000,1,14635000000000,,,13832,14686,14200,14686,14259,14300,14686,427,2.99,14635,376,2.64,1950,26732237,391227404827,428,0,564,1,26732237,0,26451230,281007,99,13986421,14686,14849,400,1,2,6670,14685,14888,10000,1,1,150944,14656,14930,10614,1,2,138,14643,14939,2340,2,1,2965,14638,14941,1000,1
12:28:38,کاریس,صندوق س.سپند کاریزما-س,IRT3SSKF0001,69067576215760005,صندوق سرمایه‌گذاری قابل معامله,68,3200000000,1,159088000000000,,,47076,49986,48000,49986,48531,48733,49986,1455,3.0,49715,1184,2.44,1950,16560393,823306695208,1409,5,92,7,12539501,4020892,2691252,13869141,28,208466,49986,51020,50100,2,12,14282,49985,53320,1,1,6,15732,49980,0,0,0,1,304,49975,0,0,0,4,15966,49974,0,0,0
13:31:26,رز ترنج,صندوق س.پشتوانه طلای رز,IRTKROSE0001,20244389840999638,صندوق سرمایه‌گذاری قابل معامله,68,4000000000,1,89204000000000,,,20590,25164,22122,22500,22877,22352,22256,-621,-2.71,22301,-576,-2.52,1945,42237619,941937307061,467,21,299,10,11896599,30297015,9050812,33142802,1,500,22240,22256,152530,2,2,1046,22235,22257,50000,1,5,1001,22234,22258,1650,1,6,1106,22228,22259,44980,1,1,46,22223,22260,2549,2
13:31:00,نقرین,صندوق س.کالای نوویرا1,IRTKNGRI0001,12590355983583239,صندوق سرمایه‌گذاری قابل معامله,68,1000000000,1,10618000000000,,,9978,12194,10503,10700,11086,10600,10625,-461,-4.16,10618,-468,-4.22,1935,22715517,241190671848,691,2,302,1,22369319,334546,22664736,39129,3,38436,10625,10640,10000,1,9,12372,10619,10642,180245,4,5,2590,10617,10644,50000,1,8,317200,10616,10646,38044,1,9,210682,10615,10647,23948,1
12:29:58,ثفارس,عمران‌وتوسعه‌فارس,IRO1OFRS0001,30852391633490755,انبوه‌سازی، املاک و مستغلات,70,4050000000,1,54148500000000,367.0,36.4,13320,14140,13320,13680,13730,13320,13320,-410,-2.99,13370,-360,-2.62,1935,33497718,447711058670,572,3,477,3,30665722,2831996,30547718,2950000,1,403,13320,13320,1233231,32,0,0,0,13340,6580,1,0,0,0,13350,8778,2,0,0,0,13380,10000,1,0,0,0,13400,1452,2
12:29:58,کپشیر,پشم‌شیشه‌ایران,IRO1PSIR0001,57639364758870873,سایر محصولات کانی غیرفلزی,54,6000000000,1,78240000000000,1215.0,10.7,12340,13100,12720,13100,12720,12950,13100,380,2.99,13040,320,2.52,1900,23401347,305245110790,627,4,212,3,20328814,3072533,21372978,2028369,1,5000,13010,13100,206386,5,2,2000,13000,0,0,0,7,101878,12990,0,0,0,1,767,12980,0,0,0,2,11000,12970,0,0,0
13:31:07,درخشان,صندوق س.کالای آبان,IRTKDRKS0001,61805666737517582,صندوق سرمایه‌گذاری قابل معامله,68,5250000000,1,170798250000000,,,30109,36799,32401,32900,33454,32839,32484,-970,-2.9,32533,-921,-2.75,1876,36587412,1190286152620,537,27,190,15,18697862,17879750,23960900,12616712,1,500,32453,32483,30622,2,1,205,32452,32484,32206,1,2,50390,32451,32485,100000,1,7,27645,32450,32488,30818,1,4,2062,32448,32489,112327,2
12:29:32,هانیکو,هامون نایزه,IRO3HANI0001,41529644566373651,ساخت محصولات فلزی,28,6550000000,1,53579000000000,1166.0,7.0,7740,8200,7920,8200,7970,8000,8200,230,2.89,8180,210,2.63,1874,17330396,141723883550,245,2,1334,5,17128993,201403,11253425,6076971,78,1274301,8200,8240,350,1,4,30000,8190,8280,350,1,7,220338,8180,8300,350,1,4,14127,8170,8350,1050,3,3,35000,8150,8360,41589,16
12:29:52,حفاری,حفاری شمال,IRO1HSHM0001,28809886765682162,استخراج نفت گاز و خدمات جنبی جز اکتشاف,11,18000000000,1,76140000000000,2541.0,1.7,4002,4248,4156,4248,4125,4247,4248,123,2.98,4230,105,2.55,1864,91128603,385451427233,709,1,307,7,91018603,110000,52492755,38635848,304,23825178,4248,4319,3000,1,7,74602,4247,4362,4610,3,1,50211,4246,0,0,0,6,245395,4245,0,0,0,6,39400,4244,0,0,0
13:30:38,رشد,صندوق س.رشد پایدار آبان-د,IRT3RSHF0001,48287767791629523,صندوق سرمایه‌گذاری قابل معامله,68,4500000000,1,90090000000000,,,19395,20593,20020,20021,19994,20021,20021,27,0.14,20020,26,0.13,1830,111605332,2234392876288,145,3,184,4,34368577,77236755,40764198,70841134,3,301965023,20020,20021,85213269,4,1,3000000,20019,20022,300000,1,3,4010000,20018,20023,300000,1,1,3000000,20017,20024,300000,1,1,3000000,20016,20025,300000,1
12:29:44,رمپنا,گروه مپنا (سهامی عام),IRO1MAPN0001,67126881188552864,خدمات فنی و مهندسی,74,60000000000,1,835800000000000,3829.0,3.6,13860,14700,13860,14300,14280,13860,13990,-290,-2.03,13930,-350,-2.45,1829,37236730,518704526070,541,11,261,4,23767052,13469678,16338329,20898401,5,45256,13960,14010,79500,1,2,54292,13940,14020,45000,1,2,30600,13930,14060,7800,1,5,113596,13920,14070,50000,1,3,53850,13910,14090,25132,1
12:27:41,دامین,داروسازی‌ امین,IRO1AMIN0001,50100062518826135,مواد و محصولات دارویی,43,9130000000,1,101251700000000,203.0,54.6,10470,11110,10790,11110,10790,11110,11110,320,2.97,11090,300,2.78,1827,29457320,326824254920,471,2,202,2,25908314,3549006,24226293,5231027,59,4540207,11110,11110,380,1,33,1299278,11100,0,0,0,16,1050487,11090,0,0,0,15,1149365,11080,0,0,0,8,445500,11070,0,0,0
12:29:58,کگهر,معدنی و صنعتی گهرزمین,IRO3GZIZ0001,30703140537034664,استخراج کانه‌های فلزی,13,210000000000,1,1089900000000000,752.0,6.9,5190,5510,5190,5320,5350,5190,5190,-160,-2.99,5190,-160,-2.99,1824,121972745,633052841990,286,4,261,9,11726670,110246075,39539174,82433571,0,0,0,5190,2414413,27,0,0,0,5310,10758,2,0,0,0,5320,410948,4,0,0,0,5350,83755,1,0,0,0,5370,20000,1
13:31:22,جواهر,صندوق س.کالای دنای زاگرس,IRTKJAVA0001,38544104313215500,صندوق سرمایه‌گذاری قابل معامله,68,3000000000,1,200490000000000,,,61874,75622,66560,67750,68748,67750,66700,-2048,-2.98,66830,-1918,-2.79,1789,5183716,346425911510,681,21,269,3,3837697,1334718,4712155,460260,1,17331,66700,66872,1985,1,1,250,66677,66877,99500,1,3,5672,66670,66880,48900,1,8,5310,66669,66886,1497,1,5,7858,66668,66890,3009,1
12:29:59,اردستان,سیمان اردستان,IRO1ARDS0001,35331248532537562,سیمان، آهک و گچ,53,2270000000,1,66919600000000,4747.0,6.2,27880,29600,28930,29600,28740,29600,29600,860,2.99,29480,740,2.57,1765,13791308,406634153520,648,6,298,6,11968657,1822651,7786823,6004485,4,20693,29600,0,0,0,5,69649,29590,0,0,0,2,4000,29580,0,0,0,6,65730,29500,0,0,0,1,10120,29480,0,0,0
12:29:25,های وب,داده گسترعصرنوین-های وب,IRO1HWEB0001,43362635835198978,اطلاعات و ارتباطات,73,71400000000,1,23847600000000,-55.0,-6.1,321,339,325,339,330,325,339,9,2.73,334,4,1.21,1724,201381459,67351561974,330,3,366,0,180329122,21052337,201381459,0,1,100000,339,349,500000,2,2,747000,338,350,861000,4,1,369287,337,354,20000,1,1,100000,335,356,15000,1,1,149146,334,358,149060,3
12:29:57,زدشت,کشت و صنعت دشت خرم دره,IRO3DKHZ0001,25180702353416009,زراعت و خدمات وابسته,1,4200000000,1,31458000000000,1010.0,7.4,7450,7910,7450,7770,7680,7450,7490,-190,-2.47,7490,-190,-2.47,1700,38576665,289124038300,536,6,344,4,36466445,2110220,37227090,1349575,3,105655,7490,7500,8836,1,3,3335,7480,7530,20000,1,3,103812,7470,7550,6767,1,9,184749,7460,7560,55555,1,21,977818,7450,7570,5000,1
12:28:45,سخاش,سیمان‌خاش,IRO1SKHS0001,4470657233334072,سیمان، آهک و گچ,53,5300000000,1,62010000000000,1631.0,7.2,11170,11850,11350,11850,11510,11830,11850,340,2.95,11700,190,1.65,1695,22687560,265401050800,629,8,312,6,20829448,1858112,18165097,4522463,68,1141258,11850,0,0,0,7,261164,11840,0,0,0,1,100000,11830,0,0,0,3,61000,11820,0,0,0,1,500,11810,0,0,0
12:29:46,ومعادنح,ح . توسعه‌معادن‌وفلزات,IRR1MADN0101,66240430785255272,استخراج کانه‌های فلزی,13,30000000000,1,32400000000000,0.0,0.0,1080,1146,1080,1080,1113,1080,1080,-33,-2.96,1080,-33,-2.96,1690,178407877,192680507160,161,2,584,19,166007877,12400000,73604565,104803312,0,0,0,1080,141149715,582,0,0,0,1081,163856,2,0,0,0,1083,406,1,0,0,0,1090,323,1,0,0,0,1100,29502,5
12:29:48,غپاک,لبنیات‌ پاک,IRO1LPAK0001,34032872653290886,محصولات غذایی و آشامیدنی به جز قند و شکر,42,13313210596,1,22525952328432,210.0,8.1,1625,1725,1625,1725,1675,1625,1725,50,2.99,1692,17,1.01,1673,109447276,185231439524,416,2,372,0,105624996,3822280,109447276,0,1,86684,1722,1725,64065,1,3,15000,1713,1726,100000,1,2,55000,1708,1760,417579,3,2,30519,1707,3418,200000,1,1,145357,1706,0,0,0
12:29:36,سرچشمه,سرمایه گذاری مس سرچشمه,IRO3SARZ0001,35948133957468680,سرمایه‌گذاری‌ها,56,15000000000,1,75045000000000,775.0,6.5,4721,5011,4900,5011,4866,5000,5011,145,2.98,5003,137,2.82,1673,80156783,401006250480,473,6,319,6,62659165,17497618,36726078,43430705,126,27460298,5011,5390,3900,2,21,555275,5010,5780,5000,1,2,15737,5009,5790,37281,6,2,7000,5000,5940,4189,3,2,7605,4991,0,0,0
13:30:11,نقرفام,صندوق س.کالای تابان تمدن1,IRTKTAB10001,30714541738317499,صندوق سرمایه‌گذاری قابل معامله,68,1000000000,1,9815000000000,,,9148,11180,9714,9970,10164,9911,9820,-344,-3.38,9815,-349,-3.43,1669,14417118,141509261841,664,0,254,0,14417118,0,14417118,0,1,120,9818,9821,2673,1,2,774,9817,9822,75250,1,4,11240,9816,9823,7011,1,7,7229,9815,9840,49889,1,3,11254,9814,9843,100000,1
13:31:26,جام طلا,صندوق س.مبتنی بر کالای فارابی,IRTKJAMF0001,35389487611786089,صندوق سرمایه‌گذاری قابل معامله,68,4000000000,1,64528000000000,,,14926,18242,16006,16449,16584,16250,16130,-454,-2.74,16132,-452,-2.73,1654,15633964,252207635070,412,15,223,17,10198621,5336000,9508716,6025905,1,2500,16112,16130,993,1,2,2706,16111,16131,241938,3,3,83811,16110,16150,159221,2,1,1353,16108,16152,5000,1,2,108408,16107,16153,24076,1
12:29:59,فرابورس,فرابورس ایران,IRO3FRBZ0001,58741071099161284,فعالیت‌های کمکی به نهادهای مالی واسط,67,15800000000,1,74876200000000,295.0,16.1,4606,4890,4606,4850,4748,4750,4802,54,1.14,4739,-9,-0.19,1646,52614001,249354493599,573,2,483,3,49848228,2765773,50346704,2267297,1,91200,4802,4831,11,1,6,1204616,4800,4832,20000,1,1,1500,4799,4835,25000,1,1,3063,4798,4840,137498,1,1,400000,4796,4842,85000,1
13:01:04,دانیک,ص.س.املاک ومستغلات نیک رای,IRT3RT020001,67717913151786055,صندوق سرمایه‌گذاری قابل معامله,68,150000000,1,2032200000000,,,12857,13651,13170,13651,13254,13170,13651,397,3.0,13548,294,2.22,1642,24359920,330039484043,293,2,312,2,22229920,2130000,22557873,1802047,90,6712758,13651,13899,25,1,1,3990,13630,13904,975,1,1,75,13602,13969,24,1,1,10000,13601,13979,25,1,2,28000,13600,13980,75,1
12:29:55,شاراک,پتروشیمی شازند,IRO1PARK0001,7711282667602555,محصولات شیمیایی,44,17000000000,1,244290000000000,1834.0,7.8,13550,14370,14210,14370,13960,14370,14370,410,2.94,14370,410,2.94,1637,44619517,641093006720,404,10,278,9,33211480,11408037,12724063,31895454,98,7291414,14370,14800,15600,1,9,46367,14360,15010,14572,3,4,49504,14350,15340,9826,3,1,3000,14340,0,0,0,2,72611,14330,0,0,0
13:31:03,آلتون,صندوق س. کالای آسمان,IRTKALTN0001,28374437855144739,صندوق سرمایه‌گذاری قابل معامله,68,3600000000,1,204778800000000,,,52597,64285,56501,57500,58441,57500,56715,-1726,-2.95,56883,-1558,-2.67,1631,8214748,467282435356,702,21,266,16,5038860,3174036,4084716,4128180,6,231505,56714,56715,465654,7,3,201000,56710,56748,105280,3,8,107466,56703,56749,201500,3,4,300352,56702,56750,87361,1,7,7697,56701,56752,103853,2
12:29:57,خکاوه,سایپا دیزل,IRO7SDLP0001,64842837716888827,خودرو و ساخت قطعات,34,55727971852,1,28699905503780,1.0,515.0,512,542,512,530,527,515,518,-9,-1.71,515,-12,-2.28,1606,400246602,206201602308,331,0,272,1,400246602,0,345246602,55000000,18,13947046,513,519,300000,1,46,26401359,512,520,2050122,3,0,0,0,521,590919,6,0,0,0,522,12362320,16,0,0,0,523,455034,1
12:29:58,بانیان,نیان باتری خاوران,IRO3NIAN0001,64899658576570461,ماشین‌آلات و دستگاه‌های برقی,31,1028358900,1,17029623384000,2165.0,7.6,15630,16590,16010,16590,16110,16110,16590,480,2.98,16560,450,2.79,1551,4124163,68289172160,175,1,1165,2,3824163,300000,2808835,1315328,7,50904,16590,16750,75,1,8,59249,16580,16820,66,1,4,23153,16570,16880,1000,1,2,5500,16560,16970,310,1,8,35349,16520,16980,1829,11
12:59:58,خودرو3,ایران‌ خودرو,IRO1IKCO0003,49572254150311426,خودرو و ساخت قطعات,34,2563746068000,1,1284436780068000,-84.0,-6.0,501,501,501,501,507,501,501,-6,-1.18,501,-6,-1.18,1541,294064102,147326115102,117,1,19,2,273264102,20800000,10219924,283844178,322,116897259,501,0,0,0,0,0,0,0,0,0,0,0,0,0,0,0,0,0,0,0,0,0,0,0,0,0,0,0
13:31:25,نهال,صندوق س.کالای نوویرا,IRTKNAHL0001,12913156843322499,صندوق سرمایه‌گذاری قابل معامله,68,700000000,1,44365300000000,,,57957,70835,63009,63810,64396,63810,63258,-1138,-1.77,63379,-1017,-1.58,1529,4753207,301253271836,542,4,388,2,3793462,810152,4324414,279200,3,3889,63258,63329,38374,3,2,94,63257,63330,3568,1,1,10000,63251,63340,3585,1,4,100250,63250,63359,3585,1,1,16,63249,63374,24340,5
12:28:07,فاراک,ماشین‌ سازی‌ اراک,IRO1MARK0001,20865316761157979,ساخت محصولات فلزی,28,26820046000,1,36689822928000,457.0,3.0,1291,1369,1333,1369,1330,1369,1369,39,2.93,1368,38,2.86,1519,157907572,216060904890,260,4,369,5,151827571,6080001,120098080,37809492,83,12708235,1369,0,0,0,1,10000,1367,0,0,0,2,40000,1365,0,0,0,1,50000,1361,0,0,0,2,156250,1360,0,0,0
12:29:21,آلومینا,آلومینای ایران,IRO1ALMN0001,18661507395759423,فلزات اساسی,27,1999769035,1,284887096726100,16387.0,8.7,134800,143120,135000,143120,138960,135000,143120,4160,2.99,142460,3500,2.52,1501,2566086,365573900300,315,3,856,1,2377508,188578,2566085,1,142,1651129,143120,146410,1200,1,2,79,143110,146760,340,1,2,208,143100,146870,1200,1,3,7157,143000,147010,1000,1,1,59,142540,147050,100,1
12:29:55,شنفت,نفت‌ پارس,IRO1NPRS0001,14073782708315535,فراورده‌های نفتی، کک و سوخت هسته‌ای,23,26000000000,1,381420000000000,2682.0,5.5,14190,15050,14280,15010,14620,14300,14770,150,1.03,14670,50,0.34,1493,23022699,337731684670,445,4,217,8,18163639,4859060,9852446,13170253,1,5332,14770,14800,115926,3,1,350,14760,14830,350,1,2,56900,14740,14840,70058,2,1,23500,14730,14850,10000,2,2,14232,14700,14880,3712,1
13:31:22,ارکیده,صندوق سرمایه گذاری ارکیده-ثابت,IRT1ORKF0001,12629673694762396,صندوق سرمایه‌گذاری قابل معامله,68,7260000000,1,128785140000000,,,17185,18247,17739,17740,17716,17739,17740,24,0.14,17739,23,0.13,1481,96409253,1710242786964,391,5,663,11,46873556,49534615,64689659,31718512,4,699691421,17739,17740,46444406,3,6,1146321,17738,17741,103000,2,2,1006000,17737,17742,100000,1,1,1000000,17736,17743,100000,1,3,1010564,17735,17744,137500,3
12:29:57,حتاید,تایدواترخاورمیانه,IRO1TAYD0001,3722699128879020,حمل و نقل، انبارداری و ارتباطات,60,22000000000,1,135520000000000,1242.0,5.0,6150,6510,6150,6260,6330,6150,6190,-140,-2.21,6160,-170,-2.69,1463,73374401,451746426660,306,11,184,12,46111558,27262843,30018384,43356017,1,10000,6150,6190,108906,2,1,1000,5930,6210,5682,1,0,0,0,6240,177000,4,0,0,0,6250,71000,3,0,0,0,6260,106000,4
12:27:56,نمک,صندوق س.بخشی گستره فیروزه3	-ب,IRT3NMKF0001,59345957997866018,صندوق سرمایه‌گذاری قابل معامله,68,1000000000,1,21449000000000,,,20425,21687,20700,21687,21056,21687,21687,631,3.0,21449,393,1.87,1463,38692543,829899689099,490,10,190,8,35360916,3331627,32481341,6211202,53,3295692,21687,0,0,0,1,1380,21686,0,0,0,1,38000,21617,0,0,0,2,24833,21556,0,0,0,2,10500,21550,0,0,0
12:29:58,تاصیکوح,ح . سرمایه گذاری صدرتامین,IRR1SADR0101,35150770536114195,استخراج کانه‌های فلزی,13,24000000000,1,235680000000000,0.0,0.0,9530,10110,9530,10090,9820,9680,10000,180,1.83,9820,0,0.0,1460,28003906,274983789850,237,5,482,9,20839603,7164303,15502156,12501750,1,1958,9990,10020,203354,3,2,10000,9980,10030,863488,5,1,2500,9970,10040,21777,2,2,5998,9950,10060,8750,1,1,2000,9910,10070,27824,4
12:30:00,وسینا,بانک سینا,IRO1VSIN0001,45050389997905274,بانک‌ها و موسسات اعتباری,57,78134333000,1,177833741908000,657.0,3.5,2228,2364,2228,2325,2296,2292,2312,16,0.7,2276,-20,-0.87,1460,179928787,409432648158,271,11,190,12,81957719,97971068,31353557,148575230,1,400000,2300,2303,264722,1,1,400000,2299,2312,490338,2,1,253740,2285,2313,407342,2,1,374080,2282,2320,47730,1,2,797800,2280,2321,146045,1
12:30:00,وبانک,سرمایه گذاری گروه توسعه ملی,IRO1BANK0001,48010225447410247,شرکت‌های چند رشته‌ای صنعتی,39,50250000000,1,435165000000000,1906.0,4.5,8470,8990,8470,8930,8730,8480,8790,60,0.69,8660,-70,-0.8,1460,36690806,317738601600,430,11,359,7,27680094,9010712,17343151,19347655,2,82579,8790,8840,10000,1,4,10951,8780,8850,200000,1,1,10000,8770,8870,21000,2,2,7000,8760,8880,145500,3,4,38400,8750,8890,201000,2
12:29:56,حسینا,توسعه خدمات دریایی وبندری سینا,IRO3SMBZ0001,1625149423498289,حمل و نقل، انبارداری و ارتباطات,60,8995118000,1,117925996980000,2603.0,5.0,12590,13350,12590,13350,12970,12610,13350,380,2.93,13110,140,1.08,1457,23297515,305497355690,510,4,306,6,21400464,1897051,12354029,10943486,1,20097,13350,13630,400,1,1,2000,13320,13650,1000,1,1,2351,13300,13760,11500,3,3,3408,13290,13990,8000,1,1,500,13280,14030,66266,4
12:29:25,ثشاهد,سرمایه‌ گذاری‌ شاهد,IRO1SAHD0001,63481599728522324,انبوه‌سازی، املاک و مستغلات,70,6290412000,1,50952337200000,477.0,17.0,7730,8190,7730,8190,7960,7880,8190,230,2.89,8100,140,1.76,1457,33729519,273040760920,462,0,439,2,33729519,0,30769714,2959805,4,185694,8190,8610,1000,1,1,20000,8170,8640,197243,1,1,30000,8160,8900,25238,2,3,49748,8150,8960,100000,1,1,1541,8130,9210,5000,1
12:30:00,خدیزل,بهمن  دیزل,IRO3DZLZ0001,38084304113529336,خودرو و ساخت قطعات,34,72000000000,1,123984000000000,357.0,4.8,1710,1814,1710,1778,1762,1710,1748,-14,-0.79,1722,-40,-2.27,1448,147981233,254839531612,226,3,235,3,82729796,65251437,116148299,31832934,1,3161,1582,1744,800000,1,1,5000,1449,1749,10000,1,0,0,0,1750,10000,1,0,0,0,1753,5000,1,0,0,0,1757,400000,2
12:29:52,کیسون,شرکت کیسون,IRO3KSNP0001,38628771709301941,خدمات فنی و مهندسی,74,28000000000,1,36540000000000,165.0,7.9,1271,1349,1272,1338,1310,1272,1297,-13,-0.99,1305,-5,-0.38,1420,136287894,177802253483,408,1,354,1,136214229,73665,136232894,55000,1,25000,1291,1301,35000,1,1,100000,1289,1305,925000,2,1,100000,1287,1306,47000,1,1,54235,1286,1307,89626,1,2,206422,1285,1308,86963,1
12:29:56,ثمسکن,سرمایه‌گذاری‌ مسکن,IRO1MSKN0001,3863538898378476,انبوه‌سازی، املاک و مستغلات,70,15800000000,1,37588200000000,258.0,9.2,2362,2508,2362,2429,2435,2362,2414,-21,-0.86,2379,-56,-2.3,1410,85914970,204433173899,349,3,422,1,78288923,7626047,85462657,452313,1,2200,2408,2415,5000,1,1,36698,2407,2416,400000,1,1,100000,2394,2424,5100,1,1,10000,2393,2427,550000,2,1,10000,2392,2431,24362,2
13:31:22,امین شهر,ص.س. املاک و مستغلات امین شهر,IRT3RT030001,70814244102598215,صندوق سرمایه‌گذاری قابل معامله,68,4128215869,1,78807640939210,,,18236,19362,18811,19244,18799,18811,19237,438,2.33,19090,291,1.55,1404,13906735,265476558268,220,1,422,1,12856851,1029452,13686303,200000,2,20000,19215,19237,45900,1,2,8520,19200,19238,100945,2,1,100000,19185,19239,16900,4,1,50000,19182,19241,100000,1,1,100000,19171,19242,60000,1
12:29:59,فرود,فولاد شاهرود,IRO3SSTZ0001,51017863148152520,فلزات اساسی,27,5400000000,1,30186000000000,820.0,6.8,5270,5590,5400,5590,5429,5590,5590,161,2.97,5590,161,2.97,1399,69084406,386012079730,337,6,193,3,54300470,14783936,63284406,5800000,1,85661,5590,0,0,0,6,221377,5580,0,0,0,7,35000,5570,0,0,0,3,218261,5560,0,0,0,2,213682,5550,0,0,0
12:59:51,شپدیس3,پتروشیمی پردیس,IRO1PRDZ0003,67535331549405846,محصولات شیمیایی,44,233572772000,1,3020095941960000,2047.0,6.3,12930,12930,12930,12930,13230,12930,12930,-300,-2.27,12930,-300,-2.27,1388,50390874,651554000820,312,7,18,2,42486374,7904500,365001,50025873,18,877744,12930,0,0,0,0,0,0,0,0,0,0,0,0,0,0,0,0,0,0,0,0,0,0,0,0,0,0,0
13:31:27,گلدا,صندوق س.پشتوانه طلای پاداش,IRTKGOLD0001,48968268685622891,صندوق سرمایه‌گذاری قابل معامله,68,4000000000,1,66000000000000,,,15230,18614,16401,16797,16922,16570,16401,-521,-3.08,16500,-422,-2.49,1360,17807526,293820044023,203,21,128,19,4217528,13558262,5686561,12089229,18,368309,16400,16401,10840,1,15,1341624,16399,16410,115930,2,10,952544,16398,16417,62693,2,14,1198450,16397,16419,267748,4,13,1022380,16396,16450,152688,3
13:31:13,تداوم,صندوق تداوم اطمینان تمدن-ثابت,IRT1SSPF0001,39453972158399542,صندوق سرمایه‌گذاری قابل معامله,68,12000000000,1,287724000000000,,,23226,24662,23977,23978,23944,23977,23978,34,0.14,23977,33,0.14,1342,194521230,4664099539628,519,11,447,9,45538849,148981548,63961935,130558462,11,505664196,23977,23978,143319245,1,1,1000000,23976,23979,1000000,1,1,1000000,23975,23980,1000000,1,1,1000000,23974,23981,1000000,1,1,1000000,23973,23982,1001000,2
12:28:40,خپارس,پارس خودرو,IRO7PKOD0001,25211433301660888,خودرو و ساخت قطعات,34,113568281447,1,105164228619922,-1726.0,-0.5,888,942,888,942,915,893,942,27,2.95,926,11,1.2,1338,223037769,206615430362,250,0,413,2,223037769,0,222177769,860000,3,1037279,942,958,800000,1,2,802074,940,960,90000,4,1,68000,939,0,0,0,2,815661,938,0,0,0,2,554000,937,0,0,0
12:29:07,شبهرن,نفت‌ بهران,IRO1NBEH0001,22667016906590506,فراورده‌های نفتی، کک و سوخت هسته‌ای,23,18000000000,1,458820000000000,3181.0,8.0,24030,25510,25000,25510,24770,25500,25510,740,2.99,25490,720,2.91,1332,13445678,342776803850,643,0,277,9,13445678,0,7790898,5654780,400,7538094,25510,25900,6236,3,12,107435,25500,40000,5084,1,2,1718,25490,40040,15000,1,5,140329,25480,0,0,0,1,3911,25470,0,0,0
12:29:51,کحافظ,کاشی‌ وسرامیک‌ حافظ,IRO1KHFZ0001,32257753560585502,کاشی و سرامیک,49,22005719934,1,36265426451232,323.0,5.1,1579,1675,1580,1675,1627,1600,1675,48,2.95,1648,21,1.29,1319,82193052,135490230826,310,3,259,6,76646842,5546210,52312816,29880236,10,2210427,1675,0,0,0,1,3005,1666,0,0,0,1,5747,1662,0,0,0,1,100000,1661,0,0,0,1,39670,1660,0,0,0
12:28:49,دکپسول,تولید ژلاتین کپسول ایران,IRO3IGCZ0001,52382684379473036,مواد و محصولات دارویی,43,300000000,1,51870000000000,17967.0,9.6,163950,174050,164150,174050,169000,174050,174050,5050,2.99,172900,3900,2.31,1287,3226505,557912969300,343,6,345,6,1866515,1359990,2780771,445734,81,476113,174050,0,0,0,4,28278,173950,0,0,0,1,280,173850,0,0,0,3,13130,173800,0,0,0,2,2557,173500,0,0,0
12:24:47,وپست,پست بانک ایران,IRO1BPST0001,22087269603540841,بانک‌ها و موسسات اعتباری,57,49545000000,1,375551100000000,1903.0,4.0,7140,7580,7410,7580,7360,7580,7580,220,2.99,7580,220,2.99,1274,44059285,333903815290,595,5,173,10,26392836,17666449,8997982,35061303,366,30145878,7580,0,0,0,15,170084,7570,0,0,0,12,77891,7560,0,0,0,2,200793,7530,0,0,0,2,6738,7510,0,0,0
12:29:55,سیمرغ,سیمرغ,IRO1SMRG0001,28450080638096732,زراعت و خدمات وابسته,1,29194691000,1,83642789715000,312.0,9.2,2711,2877,2730,2877,2794,2877,2877,83,2.97,2865,71,2.54,1268,110890379,317674125827,313,7,302,8,65118051,45772328,77628865,33261514,55,8551117,2877,0,0,0,1,10000,2864,0,0,0,1,200000,2846,0,0,0,2,250000,2845,0,0,0,2,250000,2839,0,0,0
12:29:48,ثامید,توسعه و عمران امید,IRO1TOOM0001,18568733593280948,انبوه‌سازی، املاک و مستغلات,70,52975000000,1,75065575000000,446.0,3.2,1402,1488,1402,1477,1445,1414,1455,10,0.69,1417,-28,-1.94,1266,57852962,81992944728,271,6,588,0,42204275,15648687,57852962,0,1,100000,1451,1454,247121,6,1,10000,1450,1455,203045,1,1,50000,1448,1459,270707,2,4,385327,1446,1460,400000,1,1,97338,1445,1461,403883,4
12:21:14,شکام,صنایع شیمیایی کیمیاگران امروز,IRO3KICZ0001,69446612239102459,محصولات شیمیایی,44,17400000000,1,78630600000000,898.0,5.0,4277,4541,4380,4541,4409,4540,4541,132,2.99,4519,110,2.49,1265,74857429,338311332241,362,3,343,3,69095929,5761500,60833492,14023937,118,37131762,4541,0,0,0,1,40000,4530,0,0,0,1,3200,4516,0,0,0,1,100,4500,0,0,0,1,10000,4488,0,0,0
12:29:44,نفتوداریوش,صندوق س.بخشی داریوش4-ب,IRT3NDRF0001,15437111449299444,صندوق سرمایه‌گذاری قابل معامله,68,1000000000,1,11964000000000,,,11321,12021,11401,12021,11671,11990,12021,350,3.0,11964,293,2.51,1249,50967403,609748616129,530,2,120,5,48737943,2229460,14288964,36678439,1,8000,12021,12021,917743,1,16,469501,12020,0,0,0,1,5000,12006,0,0,0,1,10000,12004,0,0,0,3,30000,12003,0,0,0
12:30:00,حفارس,حمل و نقل بین المللی خلیج فارس,IRO1HFRS0001,35424116338766901,حمل و نقل، انبارداری و ارتباطات,60,19749339000,1,88378292025000,180.0,24.9,4468,4744,4468,4590,4606,4468,4472,-134,-2.91,4475,-131,-2.84,1233,104451786,467460918467,304,2,312,2,73450616,31001170,73881786,30570000,1,167297,4471,4507,225000,1,1,116458,4470,4520,80962,1,1,1122,4469,4525,5895,2,10,1137169,4468,4529,10000,1,1,50000,4155,4530,12484,2
13:00:00,ومعادن3,توسعه‌معادن‌وفلزات,IRO1MADN0003,49991127695175921,استخراج کانه‌های فلزی,13,570000000000,1,1182750000000000,330.0,6.3,2075,2075,2075,2075,2068,2075,2075,7,0.34,2075,7,0.34,1227,231808944,481003558800,93,4,2,1,167367084,64441860,14448,231794496,59,21067182,2075,0,0,0,0,0,0,0,0,0,0,0,0,0,0,0,0,0,0,0,0,0,0,0,0,0,0,0
12:26:23,شتاب,صندوق س سهامی شتاب آگاه-اهرمی,IRT1SHTF0001,64216772923447100,صندوق سرمایه‌گذاری قابل معامله,68,2500000000,1,59847500000000,,,22121,23963,23501,23963,23042,23963,23963,921,4.0,23939,897,3.89,1220,22237784,532352345915,445,2,407,2,22213734,24050,21809406,428378,572,10510027,23963,24560,816,1,1,291,23962,24990,44,1,4,42898,23960,25190,3935,2,3,96563,23950,25500,648,1,2,10080,23939,25980,5200,2
12:29:02,وپارس,بانک‌پارسیان,IRO1BPAR0001,33293588228706998,بانک‌ها و موسسات اعتباری,57,311735000000,1,499399470000000,98.0,16.3,1515,1607,1575,1607,1561,1592,1607,46,2.95,1602,41,2.63,1217,159660176,255748653655,143,2,360,5,135322205,24337971,71795839,87864337,228,67575578,1607,0,0,0,2,180000,1605,0,0,0,3,25759,1600,0,0,0,2,41500,1599,0,0,0,1,400000,1592,0,0,0
13:30:24,مالک آتیه,ص.س.املاک و مستغلات مالک آتیه,IRT3RT040001,37118058361762279,صندوق سرمایه‌گذاری قابل معامله,68,500000000,1,6076000000000,,,11617,12335,11800,12335,11976,11975,12309,333,2.78,12152,176,1.47,1208,17907839,217617533715,261,1,209,1,17779839,128000,14153438,3754401,1,100,12300,12309,71834,1,1,1000,12291,12315,13442,2,1,30000,12290,12316,41177,2,2,100150,12289,12318,10000,1,2,14067,12288,12319,247,1
13:31:18,اعتماد,صندوق س.اعتماد آفرین پارسیان-د,IRT3FATF0001,66818022341772870,صندوق سرمایه‌گذاری قابل معامله,68,4000000000,1,508856000000000,,,123240,130862,127214,127215,127051,127214,127215,164,0.13,127214,163,0.13,1196,66576193,8469431575058,374,11,533,10,7284394,59291769,4812829,61763334,9,67980354,127214,127215,11098439,13,1,1000000,127213,127216,2000000,1,1,1000000,127212,127217,2000000,1,1,1000000,127211,127218,2000000,1,3,1000520,127210,127219,2000500,2
13:31:16,لیان,صندوق س.کالای دیبای معیار,IRTKLIAN0001,6362118829011821,صندوق سرمایه‌گذاری قابل معامله,68,2000000000,1,66154000000000,,,30470,37240,32918,33250,33855,33248,32918,-937,-2.77,33077,-778,-2.3,1183,30401994,1005618575041,260,15,113,21,6919066,23182897,6803292,23298671,1,2500000,32918,32919,99969,1,2,2301500,32917,32920,2500000,1,1,2300000,32916,32921,2300000,1,2,2500050,32915,32922,2300000,1,2,240,32911,32923,2500000,1
12:29:28,بورس,بورس اوراق بهادار تهران,IRO1BORS0001,60523145697836739,فعالیت‌های کمکی به نهادهای مالی واسط,67,24000000000,1,95496000000000,281.0,14.2,3756,3988,3877,3988,3872,3988,3988,116,3.0,3979,107,2.76,1173,91431496,363805795532,268,3,391,4,45851496,45580000,41136390,50295106,77,14668010,3988,0,0,0,1,3000,3980,0,0,0,1,5000,3974,0,0,0,2,399000,3968,0,0,0,1,2289,3936,0,0,0
12:28:36,کاوه,فولاد کاوه جنوب کیش,IRO1KVEH0001,60350996279289099,فلزات اساسی,27,61000000000,1,315370000000000,742.0,7.0,4960,5260,4960,5260,5110,5150,5260,150,2.94,5170,60,1.17,1162,56741075,293393521740,225,9,279,11,18513792,38227283,34740043,22001032,19,2787234,5260,0,0,0,1,100000,5200,0,0,0,2,4891,5120,0,0,0,2,34315,5110,0,0,0,6,421953,5100,0,0,0
12:29:56,جوانه کوچک,صندوق س.جوانه کوچک گندم-سهام,IRT1JVAN0001,67455383896188985,صندوق سرمایه‌گذاری قابل معامله,68,1200000000,1,21103200000000,,,16906,17950,17127,17910,17428,17640,17861,433,2.48,17586,158,0.91,1158,27278795,479719197201,274,3,209,3,25963824,1314971,26585938,692857,1,700,17730,17910,295445,3,1,901,17716,17917,200000,1,1,11554,17696,17938,2500,1,2,72701,17690,17939,150348,2,1,1028,17681,17940,60000,2
12:29:58,وشهر,بانک شهر,IRO7BSHP0001,41379697187196382,بانک‌ها و موسسات اعتباری,57,550616078318,97751937,1504283125964776,813.0,3.4,2707,2873,2707,2870,2790,2870,2735,-55,-1.97,2732,-58,-2.08,1157,137343914,375233355711,223,3,131,3,79230031,58113883,73279638,64064276,1,342745,2735,2747,5000,1,4,1256124,2730,2750,800000,2,2,568614,2725,2770,10000,1,6,1946800,2720,2780,90000,2,6,2194845,2715,2789,204120,2
12:29:52,کرومیت,توسعه معادن کرومیت کاوندگان,IRO3KVNZ0001,49632601495766480,استخراج کانه‌های فلزی,13,2950000000,1,10572800000000,207.0,17.3,3563,3783,3563,3673,3673,3563,3563,-110,-2.99,3584,-89,-2.42,1140,23502987,84226930260,374,0,288,1,23502987,0,19791322,3711665,1,146872,3392,3616,5000,1,1,1484,3389,3617,35000,1,1,4000,3051,3618,5000,1,0,0,0,3624,3000,1,0,0,0,3625,26499,1
12:29:58,ونیرو,سرمایه‌گذاری‌نیرو,IRO1SNRO0001,62603302940123327,عرضه برق، گاز، بخار و آب گرم,40,15750000000,1,40635000000000,488.0,5.3,2572,2730,2572,2644,2651,2572,2593,-58,-2.19,2580,-71,-2.68,1123,60478153,156041924743,348,1,264,4,56052088,4426065,57889574,2588579,3,888870,2590,2595,195172,1,1,4000,2587,2598,37494,3,1,36500,2586,2599,60000,2,1,3932,2585,2600,233379,3,2,18663,2584,2615,30800,3
12:28:54,غزر,صنعتی زر ماکارون,IRO1ZARM0001,4369934250728330,محصولات غذایی و آشامیدنی به جز قند و شکر,42,43000000000,1,133816000000000,579.0,5.4,2934,3114,3001,3114,3024,3089,3114,90,2.98,3112,88,2.91,1117,52065850,162006638223,162,2,643,3,38865850,13200000,40665850,11400000,148,6975185,3114,3886,5000,1,3,22130,3113,4186,5000,1,2,21650,3111,4286,5000,1,1,63479,3110,0,0,0,5,159746,3106,0,0,0
12:29:55,کسرا,سرامیک‌های‌صنعتی‌اردکان,IRO1ARDK0001,4614779520007780,سایر محصولات کانی غیرفلزی,54,6570000000,1,19486620000000,343.0,8.6,2892,3070,2892,3070,2981,3010,3029,48,1.61,2966,-15,-0.5,1103,67036291,198852016856,237,1,345,1,66730144,306147,66894335,141956,1,56710,3029,3039,100000,1,1,1456,3027,3059,212385,2,1,2000,3025,3065,50000,1,2,420000,3022,3068,92121,3,1,150000,3021,3069,412700,2
12:29:56,اسیاتک,انتقال داده های آسیاتک,IRO1ASTC0001,14079693677610396,اطلاعات و ارتباطات,73,11500000000,1,25242500000000,754.0,2.9,2134,2266,2147,2263,2200,2196,2256,56,2.55,2195,-5,-0.23,1102,56125194,123168490682,274,3,227,5,48525634,7599560,36075193,20050001,4,1259972,2229,2263,325064,1,1,400000,2221,2264,2300,1,1,276486,2212,2265,16300,1,2,800000,2210,2266,4737655,35,3,854001,2209,2320,120000,2
12:29:46,کرازی,کارخانجات‌تولیدی‌شیشه‌رازی,IRO1TSRZ0001,57086055330734195,سایر محصولات کانی غیرفلزی,54,49100000000,1,57741600000000,155.0,7.6,1138,1208,1141,1195,1173,1170,1180,7,0.6,1176,3,0.26,1083,74223835,87324087718,306,0,205,3,74223835,0,62952234,11271601,2,110841,1176,1180,80837,2,1,169583,1175,1183,5000,1,1,250000,1173,1185,30185,1,2,26516,1171,1186,5000,1,2,404300,1170,1187,10045,1
12:29:52,ومدیر,گ.مدیریت ارزش سرمایه ص ب کشوری,IRO1VMDR0001,30447901674051381,سرمایه‌گذاری‌ها,56,26000000000,1,55458000000000,667.0,3.2,2132,2262,2132,2188,2197,2132,2140,-57,-2.59,2133,-64,-2.91,1081,79001038,168489574364,301,5,231,4,70697271,8303767,37714047,41286991,1,12354,2134,2140,10589,2,2,49247,2133,2143,15521,4,6,228150,2132,2147,1060,1,1,10,1380,2156,6016,2,0,0,0,2157,15507,2
12:29:16,ونوین,بانک‌اقتصادنوین,IRO1NOVN0001,47302318535715632,بانک‌ها و موسسات اعتباری,57,243145119000,1,700014797601000,773.0,3.7,2713,2879,2879,2879,2796,2879,2879,83,2.97,2879,83,2.97,1078,199580609,574592573311,328,30,121,5,175480609,24100000,10093407,189487202,4179,1419444591,2879,0,0,0,5,148855,2878,0,0,0,2,25724,2876,0,0,0,4,74430,2870,0,0,0,4,426974,2850,0,0,0
12:29:44,همراه,شرکت ارتباطات سیار ایران,IRO1HMRZ0001,68635710163497089,مخابرات,64,89200000000,1,470084000000000,1017.0,5.2,4970,5270,5190,5270,5121,5270,5270,149,2.91,5270,149,2.91,1068,53433452,281439490520,223,2,270,9,50663244,2770208,22735452,30698000,13,739161,5270,0,0,0,3,17500,5260,0,0,0,2,2500,5250,0,0,0,2,1955,5240,0,0,0,3,2975,5210,0,0,0
12:28:13,هم وزن,صندوق س. شاخصی کیان-س,IRT3KNIF0001,47041908051542008,صندوق سرمایه‌گذاری قابل معامله,68,2000000000,1,51680000000000,,,24637,26159,25000,26159,25398,25479,26159,761,3.0,25840,442,1.74,1065,22657068,585460519315,305,6,216,7,13360856,9296212,16113370,6543698,6,180996,26159,26908,8000,4,2,2000,26141,0,0,0,1,2000,26135,0,0,0,2,2000,26120,0,0,0,1,1000,26111,0,0,0
12:28:52,چاشنی,صندوق س صنایع ویستا2-بخشی,IRT1CHSH0001,11731629977819447,صندوق سرمایه‌گذاری قابل معامله,68,1000000000,1,13512000000000,,,12843,13637,13260,13637,13240,13600,13637,397,3.0,13512,272,2.05,1063,52480965,709139884403,242,9,249,7,35930965,16550000,39183441,13297524,44,5869440,13637,0,0,0,3,2615,13600,0,0,0,1,49000,13580,0,0,0,1,115,13578,0,0,0,2,1480,13575,0,0,0
13:31:17,زرفام,صندوق س.کالای آشنا,IRTKZFAM0001,33144542989832366,صندوق سرمایه‌گذاری قابل معامله,68,1000000000,1,132522000000000,,,122794,150080,131325,133990,136437,133990,132530,-3907,-2.86,132522,-3915,-2.87,1054,1704697,225910594551,476,18,204,3,1192512,507807,1368150,332169,1,40,132557,132558,1508,1,1,100,132531,132559,27845,1,3,7527,132530,132560,3473,1,1,1000,132522,132600,1502,2,1,15074,132521,132620,288,1
12:29:36,غگل,گلوکوزان,IRO1GCOZ0001,22299894048845903,محصولات غذایی و آشامیدنی به جز قند و شکر,42,15000000000,1,97650000000000,519.0,12.5,6150,6530,6210,6530,6340,6520,6530,190,3.0,6510,170,2.68,1045,23001636,149771562070,403,2,296,2,20395827,2605809,18801636,4200000,40,2749123,6530,0,0,0,2,12232,6520,0,0,0,7,43192,6500,0,0,0,5,153240,6480,0,0,0,3,48522,6460,0,0,0
12:29:28,شاروم,پتروشیمی ارومیه,IRO3URPZ0001,3407806799514469,محصولات شیمیایی,44,2000000000,1,21960000000000,1017.0,10.8,10950,11610,10950,11210,11280,11200,11090,-190,-1.68,10980,-300,-2.66,1042,9881018,108468644170,323,1,442,2,8879718,1001300,9362561,518457,1,500,11010,11090,135,3,2,91000,11000,11100,126604,11,1,1749,10970,11110,35969,6,3,24560,10960,11130,855,5,23,412354,10950,11140,100045,2
13:29:32,کاشانه,ص.س املاک وم.کاشانه خلیج فارس,IRT3RT050001,34322849244939912,صندوق سرمایه‌گذاری قابل معامله,68,350000000,1,4706100000000,,,12772,13562,12950,13562,13167,13168,13562,395,3.0,13446,279,2.12,1032,15977568,214826843595,256,2,252,2,15539510,438058,12165626,3811942,45,1949280,13562,13948,11500,2,5,2107024,13552,14250,30000,1,2,11000,13500,14270,5000,1,1,96,13466,14412,20000,1,1,500,13465,14512,20000,1
12:29:57,کوثر,بیمه کوثر,IRO3BKSZ0001,22275596386264204,بیمه و صندوق بازنشستگی به جز تامین اجتماعی,66,40000000000,1,61640000000000,433.0,3.6,1531,1625,1531,1594,1578,1531,1565,-13,-0.82,1541,-37,-2.34,1027,99870601,153920628149,313,4,212,1,74341957,25528644,95870601,4000000,1,6000,1544,1566,95510,1,1,3802,1541,1569,100000,2,1,142640,1540,1580,38129,2,1,4000,1534,1586,10000,1,2,394977,1533,1587,300000,2
12:30:00,پیشران,صندوق س پیشران پارسیان-اهرمی,IRT1PISH0001,28280189352163772,صندوق سرمایه‌گذاری قابل معامله,68,1000000000,1,22099000000000,,,20673,22395,20908,22395,21534,21682,22395,861,4.0,22099,565,2.62,1025,12803604,282944863309,300,0,244,2,12803604,0,10994604,1809000,11,644696,22395,0,0,0,1,10083,22390,0,0,0,1,4456,22311,0,0,0,1,100000,22307,0,0,0,2,144900,22306,0,0,0
12:30:00,وپترو,سرمایه‌گذاری صنایع پتروشیمی,IRO1PETR0001,59486059679335017,محصولات شیمیایی,44,1820000000,1,72363200000000,6913.0,5.8,37930,40270,39010,40270,37590,39100,39320,1730,4.6,39760,2170,5.77,1007,11368727,451963765110,378,2,129,11,11181228,187499,2426623,8942104,1,290,39320,39320,268,1,2,5920,39310,39640,6707,1,1,1000,39300,39660,4937,1,1,500,39280,39940,1000,1,3,19005,39270,39950,88899,1
12:27:53,درهآور,دارویی ره آورد تامین,IRO3RAPZ0001,13243992182070788,مواد و محصولات دارویی,43,2675294000,1,32023269180000,1633.0,7.3,11330,12030,11330,12030,11680,12010,12030,350,3.0,11970,290,2.48,988,30494022,365049623000,140,4,132,8,12184022,18310000,5378498,25115524,49,3766211,12030,12330,10000,1,1,3000,11820,0,0,0,2,24075,11810,0,0,0,1,9000,11800,0,0,0,1,1000,11760,0,0,0
12:29:52,مادیرا,صنایع مادیران,IRO3IOMZ0001,15917865009187760,تولید محصولات کامپیوتری الکترونیکی و نوری,26,23400000000,1,51339600000000,274.0,8.0,2100,2228,2102,2228,2164,2102,2228,64,2.96,2194,30,1.39,983,43193551,94760598924,233,1,279,2,38318142,4875409,37184334,6009217,1,215938,2226,2293,2000000,5,2,500000,2211,2317,15000,2,2,451847,2210,2341,30400,3,2,402264,2209,2900,10000,1,2,402265,2208,2927,3750,2
12:29:58,سمگا,گروه سرمایه گذاری میراث فرهنگی,IRO3IMFZ0001,46741025610365786,هتل و رستوران,55,25000000000,1,67875000000000,496.0,5.5,2587,2745,2591,2745,2666,2600,2745,79,2.96,2715,49,1.84,972,43014447,116804221784,269,1,327,0,42514447,500000,43014447,0,6,587630,2745,2829,12000,2,1,2000,2738,2839,15000,1,5,97626,2737,2848,9000,1,2,112500,2736,2857,6000,1,2,279466,2734,2872,400000,1
13:30:48,اونیکس,ص.س.درآمد ثابت کیمیا-د,IRT3ONXF0001,23498719713662118,صندوق سرمایه‌گذاری قابل معامله,68,10000000000,1,226560000000000,,,21951,23307,22656,22657,22629,22656,22656,27,0.12,22656,27,0.12,971,34763794,787614043063,258,2,518,4,9747730,24971564,25294236,9425058,6,225310236,22656,22657,63624511,14,1,1000000,22655,22658,1000000,1,1,1000000,22654,22659,1000000,1,1,1000000,22653,22660,1000000,1,2,1001500,22652,22661,1000500,2
12:29:55,خرینگ,رینگ‌سازی‌مشهد,IRO1RINM0001,45895339414786358,خودرو و ساخت قطعات,34,1000000000,1,10830000000000,880.0,12.3,10540,11180,10540,11150,10860,10550,11080,220,2.03,10830,-30,-0.28,968,10074884,109127996360,243,3,275,2,9046402,1028482,9320059,754825,1,20277,11070,11080,1500,2,1,500,11030,11090,500,1,1,1000,10980,11100,6229,2,1,500,10930,11110,97000,2,1,600,10910,11120,24207,2
12:29:55,مدیر,ص.س.مدیریت ثروت ص.بازنشستگی-س,IRT3RETF0001,65576885779918210,صندوق سرمایه‌گذاری قابل معامله,68,1000000000,1,32893000000000,,,31104,33026,32352,33026,32065,33026,33026,961,3.0,32893,828,2.58,964,7016639,230798214301,384,0,312,3,7016639,0,5373876,1642763,1,50000,33003,33500,1000,1,2,18190,33000,0,0,0,1,675,32990,0,0,0,1,1355,32982,0,0,0,2,15004,32950,0,0,0
12:29:38,غگلستا,شیر پاستوریزه پگاه گلستان,IRO3PGLZ0001,64843936383937546,محصولات غذایی و آشامیدنی به جز قند و شکر,42,1115000000,1,12108900000000,1571.0,6.9,10640,11280,10640,11190,10960,10960,11060,100,0.91,10860,-100,-0.91,962,11352073,123267589080,319,8,252,1,8194437,3157636,11052073,300000,4,184531,11060,11120,10000,1,1,1000,11050,11160,30000,1,2,38721,11020,11180,500,1,8,541899,11000,11190,8358,2,2,10596,10960,11200,458447,9
13:31:07,امرالد,صندوق س. کالای کیمیا,IRTKEMRL0001,30895446582685604,صندوق سرمایه‌گذاری قابل معامله,68,3000000000,1,71958000000000,,,22093,27001,23856,24261,24547,24261,23932,-615,-2.51,23986,-561,-2.29,955,13331404,319768022663,93,4,77,23,1231862,12077357,2551637,10757582,6,450099,23930,23931,8357,1,1,88,23928,23932,1884,1,1,20000,23923,23934,10731,2,1,40000,23922,23935,104507,2,1,50000,23921,23936,55421,2
13:30:47,سافرون,صندوق س.کالای گنجینه زمین,IRTKSAHR0001,51200575796028449,صندوق سرمایه‌گذاری قابل معامله,68,300000000,1,19291500000000,,,58331,71293,63657,64800,64812,64740,64541,-271,-0.42,64305,-507,-0.78,954,2747150,176656101386,355,3,307,0,1943312,769947,2713259,0,2,17065,64541,64545,300,1,5,200306,64540,64548,14250,1,3,616,64534,64551,53657,1,1,50,64531,64569,4385,2,2,100,64530,64570,21000,1
12:29:58,زیتون,صندوق س زیتون نماد پایا- مختلط,IRT1ZITN0001,28551661889797217,صندوق سرمایه‌گذاری قابل معامله,68,2000000000,1,77082000000000,,,37351,39661,38505,38598,38506,38511,38571,65,0.17,38541,35,0.09,947,38574113,1486680267239,163,5,364,8,4950824,33623289,15016775,23557338,1,309857,38570,38570,289142,3,4,97540,38564,38575,152594,3,3,1077857,38561,38579,27054,2,1,200000,38560,38580,347308,2,1,500000,38550,38594,33827,3
12:29:54,بجهرم,توسعه مولد نیروگاهی جهرم,IRO3JPPZ0001,33629260529503413,عرضه برق، گاز، بخار و آب گرم,40,36545332082,1,71957758869458,331.0,5.9,1930,2048,1930,2036,1989,1942,1985,-4,-0.2,1969,-20,-1.01,946,90030871,177301029857,214,4,225,2,84510310,5520561,49708166,40322705,1,1891,1980,1985,519999,1,1,7872,1974,1999,11201,1,1,2550,1973,2000,16365,4,1,27944,1972,2009,10000,1,3,820000,1971,2011,2546,2
13:30:38,کارآمد,صندوق س.درآمد ثابت کارآمد-د,IRT3KMDF0001,7803396484851273,صندوق سرمایه‌گذاری قابل معامله,68,8500000000,1,142145500000000,,,16200,17202,16720,16738,16701,16738,16724,23,0.14,16723,22,0.13,945,149769280,2504621575050,121,6,188,12,28378540,121390740,24858809,124910471,3,300241046,16723,16724,69999930,1,1,1000000,16722,16725,1000000,1,1,1000000,16721,16726,1000000,1,1,1000000,16720,16727,1000000,1,1,1000000,16719,16728,1000000,1
13:31:11,ناب,صندوق س.پشتوانه طلا نهایت نگر,IRTKNAAB0001,30582275818828857,صندوق سرمایه‌گذاری قابل معامله,68,4000000000,1,243284000000000,,,56167,68647,60520,61990,62407,61990,60701,-1706,-2.73,60821,-1586,-2.54,938,4506581,274094409892,364,10,163,14,2732674,1663413,4025361,370726,2,100020,60702,60799,3289,1,2,20359,60701,60800,50000,1,5,6397,60700,60840,823,1,1,20,60697,60841,50000,1,2,37903,60696,60842,10988,2
12:27:26,پدرخش,درخشان‌ تهران,IRO1DRKH0001,24079409192818584,لاستیک و پلاستیک,25,1130735000,1,5710211750000,403.0,12.5,4860,5150,4860,5150,5004,5110,5150,146,2.92,5050,46,0.92,934,31171667,157267603030,222,0,236,2,31171667,0,28521877,2649790,29,1963275,5150,5170,1976,2,1,6511,5110,0,0,0,1,153000,5050,0,0,0,2,21000,5000,0,0,0,1,1500,4940,0,0,0
12:29:47,آساس,صندوق س.آسمان آرمانی سهام-س,IRT3SSAF0001,66682662312253625,صندوق سرمایه‌گذاری قابل معامله,68,1000000000,1,72346000000000,,,68228,72448,70363,72448,70338,70363,72448,2110,3.0,72346,2008,2.85,931,14920752,1079450518036,480,4,110,3,13986085,934667,1890696,13030056,16,46098,72448,73090,1,1,4,4352,72447,0,0,0,1,1026,72445,0,0,0,4,2393,72440,0,0,0,1,2000,72400,0,0,0
12:29:59,وامید,گروه مدیریت سرمایه گذاری امید,IRO1OIMC0001,52232388263291380,شرکت‌های چند رشته‌ای صنعتی,39,375000000000,1,2223750000000000,676.0,8.8,5830,6190,5830,6030,6010,5870,5930,-80,-1.33,5930,-80,-1.33,926,35374422,209772346180,214,2,178,6,15458758,19915664,12649118,22725304,1,200000,5920,5930,263689,2,1,200000,5910,5950,320252,3,4,50455,5900,5960,471831,5,4,244565,5890,5970,400000,2,4,57897,5880,5980,344011,6
12:29:58,معدن,صندوق س صنایع مفید6- بخشی,IRT1MAED0001,59641261891847088,صندوق سرمایه‌گذاری قابل معامله,68,1000000000,1,12188000000000,,,11705,12429,11760,12386,12067,11760,12351,284,2.35,12188,121,1.0,926,6865533,83680348233,282,1,313,2,6848790,16743,5637642,1227891,1,50322,12351,12375,15000,2,1,88320,12350,12378,442,1,2,4747,12345,12383,10407,4,1,8300,12302,12386,3000,1,1,10000,12290,12399,2000,1
13:31:14,میراث,صندوق س.کالای کوروش,IRTKMIRA0001,53633583359422860,صندوق سرمایه‌گذاری قابل معامله,68,2000000000,1,21266000000000,,,9866,12058,10600,10750,10962,10639,10630,-332,-3.03,10633,-329,-3.0,914,5431031,57748612394,296,1,275,2,4846624,580561,5269035,158150,4,14379,10628,10635,9206,2,2,5828,10627,10640,7812,2,4,48252,10626,10644,31426,3,1,9417,10625,10645,8246,3,2,10202,10624,10648,26968,3
12:29:54,تپکو,تولیدتجهیزات‌سنگین‌هپکو,IRO7HPKP0001,54509759694064219,ماشین‌آلات و تجهیزات,29,83614031000,1,33027542245000,37.0,10.7,390,414,390,409,402,394,397,-5,-1.24,395,-7,-1.74,911,226461152,89368168579,231,1,225,0,222561152,3900000,226461152,0,1,800000,395,400,106729,2,3,1086710,394,401,800000,1,2,1000000,393,402,1878966,5,3,2100000,392,404,400000,2,8,4676455,391,405,5000,1
12:29:58,استیل,صندوق س صنایع مفید1- بخشی,IRT1STIL0001,24907784641855842,صندوق سرمایه‌گذاری قابل معامله,68,3000000000,1,62121000000000,,,19695,20913,19910,20913,20304,20658,20883,579,2.85,20707,403,1.98,909,7237737,149872520341,320,1,231,3,5326577,1911160,5505056,1732681,1,22215,20884,21109,52,1,1,2500,20882,21165,1000,1,1,250,20881,21169,237,1,1,67199,20874,21200,6720,3,1,5000,20873,21290,500,1
12:28:22,شصدف,صنعتی دوده فام,IRO3SDFZ0001,204092872752957,محصولات شیمیایی,44,2000000000,1,24020000000000,2071.0,5.8,12000,12740,12000,12300,12370,12000,12000,-370,-2.99,12010,-360,-2.91,897,11814045,141894143420,390,1,138,1,11294352,519693,10814045,1000000,2,1600,12000,12000,6901153,101,0,0,0,12080,1000,1,0,0,0,12090,11823,1,0,0,0,12170,20000,1,0,0,0,12180,32000,3
12:29:58,آرام,صندوق س شاخصی آرام مفید,IRT1ARAM0001,14230681955555738,صندوق سرمایه‌گذاری قابل معامله,68,2000000000,1,56162000000000,,,26738,28390,27480,28390,27564,27750,28380,816,2.96,28081,517,1.88,890,12115401,340216215123,276,5,225,6,6374947,5740454,7710987,4404414,1,100,28295,28390,352919,4,1,500,28285,28480,800,1,1,1058,28271,28800,1730,1,2,6433,28269,28846,400,1,1,4235,28267,29062,20575,3
13:29:47,تمشک,صندوق س تمشک نماد رشد-در صندوق,IRT1TMSK0001,53145304508578701,صندوق سرمایه‌گذاری قابل معامله,68,1000000000,1,42033000000000,,,41057,43595,42000,42330,42326,42100,42105,-221,-0.52,42033,-293,-0.69,889,7195516,302452202542,242,7,269,1,2806801,4388715,7145516,50000,3,2154,42063,42105,48,1,1,160468,42015,42120,4775,3,4,27141,42012,42129,7626,2,2,19264,42011,42133,100,1,2,1120,42005,42149,10000,1
12:29:34,وشهرح,ح بانک شهر,IRR7BSHP0101,62113086389760694,بانک‌ها و موسسات اعتباری,57,160000000000,1,238720000000000,0.0,0.0,1478,1568,1478,1539,1523,1480,1490,-33,-2.17,1492,-31,-2.04,876,155344555,231774061448,60,1,209,2,44787061,110557494,124249609,31094946,6,2245266,1490,1510,412564,1,7,2794614,1488,1511,517795,3,8,3244499,1486,1514,800000,1,10,4003320,1485,1515,670593,1,8,3371896,1484,1520,845000,3
12:30:00,وتوکا,سرمایه‌گذاری‌توکافولاد(هلدینگ,IRO1TOKA0001,47232550823972469,فلزات اساسی,27,20150000000,1,49266750000000,813.0,3.0,2353,2497,2385,2496,2425,2484,2433,8,0.33,2445,20,0.82,873,52231871,127682277916,222,1,129,4,51271871,960000,23548700,28683171,1,41271,2414,2433,66166,1,1,2339,2403,2458,122920,1,2,250000,2400,2460,20000,1,1,12000,2390,2466,248177,1,1,10000,2387,2475,485537,2
12:29:00,مهر,سرمایه گذاری مهر,IRO3MHRI0001,20453559648564964,سرمایه‌گذاری‌ها,56,6000000000,1,13530000000000,646.0,3.5,2250,2388,2250,2319,2319,2250,2261,-58,-2.5,2255,-64,-2.76,871,15307855,34515507643,194,2,511,2,12045024,3262831,14069296,1238559,1,3688,2256,2261,207,1,1,10000,2255,2269,414,2,1,5000,2253,2272,2914,3,1,2565,2251,2280,234407,14,3,31814,2250,2291,16659,8
13:31:18,زروان,صندوق س.کالای ویستا,IRTKZARV0001,28255729477187163,صندوق سرمایه‌گذاری قابل معامله,68,3000000000,1,108018000000000,,,33237,40621,35810,36523,36929,36250,35924,-1005,-2.72,36006,-923,-2.5,871,8220001,295973421860,283,8,130,21,2442995,5253363,4188215,3508143,3,300000,35930,35935,1630,1,2,20574,35924,35936,1456,1,1,55,35923,35938,33611,1,1,28,35922,35939,1304,1,2,1055,35921,35949,31142,3
12:23:47,غپینو,پارس‌ مینو,IRO1MINO0001,18401147983387689,محصولات غذایی و آشامیدنی به جز قند و شکر,42,110140005069,1,130515906006765,194.0,6.1,1117,1185,1185,1185,1151,1185,1185,34,2.95,1185,34,2.95,870,155760434,184576114290,334,22,54,2,144782020,10978414,2908434,152852000,1985,697196104,1185,0,0,0,2,460000,1184,0,0,0,4,990185,1183,0,0,0,1,5000,1161,0,0,0,1,10000,1152,0,0,0
12:29:55,وبهمن,سرمایه‌گذاری‌بهمن,IRO1SBAH0001,18063426072758458,سرمایه‌گذاری‌ها,56,50000000000,1,88600000000000,444.0,4.0,1759,1867,1759,1809,1813,1759,1799,-14,-0.77,1772,-41,-2.26,865,50602658,89675066033,211,4,157,2,25822507,24780151,26444215,24158443,1,9966,1761,1799,251734,1,1,12006,1759,1800,313749,1,0,0,0,1806,85000,1,0,0,0,1807,50000,1,0,0,0,1810,58500,3
12:29:22,فن افزار,توسعه فن افزار توسن,IRO3TOTZ0001,69171897374421261,رایانه و فعالیت‌های وابسته به آن,72,6000000000,1,21882000000000,1289.0,2.8,3460,3674,3520,3674,3567,3670,3674,107,3.0,3647,80,2.24,865,37257275,135861690850,146,3,418,3,30886113,6371162,30705078,6552197,77,15646125,3674,0,0,0,2,15500,3636,0,0,0,1,1600,3620,0,0,0,1,5000,3610,0,0,0,1,2879,3594,0,0,0
12:29:46,خکار,ایرکا پارت صنعت,IRO1KRIR0001,59217041815333317,خودرو و ساخت قطعات,34,11200000000,1,14862400000000,415.0,3.2,1268,1346,1269,1346,1307,1307,1346,39,2.98,1327,20,1.53,861,67330705,89325382914,134,0,193,3,67330705,0,61660705,5670000,6,2400000,1346,1369,400000,1,1,61489,1338,1385,90000,1,1,100000,1332,1386,400000,1,1,200000,1328,1387,12000,2,1,5000,1311,1419,3630,1
12:29:42,چدن,تولیدی چدن سازان,IRO1CHDN0001,12329519546621752,ساخت محصولات فلزی,28,20000000000,1,42280000000000,384.0,5.5,2011,2135,2041,2135,2073,2121,2135,62,2.99,2114,41,1.98,854,61589935,130198590387,199,7,258,4,48069535,13520400,49404935,12185000,91,19068764,2135,0,0,0,2,20000,2131,0,0,0,11,3638243,2120,0,0,0,10,4000000,2114,0,0,0,1,4000,2110,0,0,0
13:31:16,تابش,صندوق س.کالای تابان تمدن,IRTKTABA0001,9089296888187061,صندوق سرمایه‌گذاری قابل معامله,68,3000000000,1,215427000000000,,,66450,81216,71295,72980,73833,72980,71735,-2098,-2.84,71809,-2024,-2.74,845,3139634,225452761212,254,21,152,12,2411971,724226,1818802,1317395,2,1977,71647,71735,2788,1,2,11979,71646,71736,100000,1,5,1257,71556,71866,31,1,1,1426,71539,71939,650,2,3,161,71536,71940,6271,1
12:22:33,والبر,سرمایه‌ گذاری‌ البرز(هلدینگ,IRO1ALBZ0001,57944184894703821,مواد و محصولات دارویی,43,31000000000,1,85002000000000,465.0,5.9,2586,2744,2672,2744,2665,2744,2744,79,2.96,2742,77,2.89,842,76174004,208836004117,215,0,155,8,76174004,0,29280094,46893910,44,6458349,2744,2819,2003,1,3,47755,2743,2823,62033,5,1,126570,2742,0,0,0,1,10000,2740,0,0,0,1,2179,2706,0,0,0
12:29:40,فولای,صنایع فولاد آلیاژی یزد,IRO3FAYZ0001,14800142337291217,فلزات اساسی,27,3200000000,1,9936000000000,371.0,8.4,3101,3291,3101,3190,3196,3131,3101,-95,-2.97,3105,-91,-2.85,841,48843323,151662905137,312,2,88,1,44705569,4137754,48835360,7963,1,1734,3064,3101,448082,18,0,0,0,3147,1066,1,0,0,0,3150,388716,1,0,0,0,3156,2500,1,0,0,0,3158,288027,1
12:29:49,کربنح,ح.کانی کربن طبس,IRR3KKTZ0101,26920184079396692,استخراج زغال سنگ,10,1500000000,1,5757000000000,0.0,0.0,3688,3916,3730,3916,3802,3730,3850,48,1.26,3838,36,0.95,841,11705409,44919674090,130,0,526,1,11705409,0,6635608,5069801,2,5294,3843,3877,194714,4,1,5000,3834,3878,453,3,3,26960,3831,3880,6162,2,3,118118,3830,3887,2893,2,1,3000,3825,3894,218967,3
12:30:00,پتایر,ایران‌ تایر,IRO1TAIR0001,41935584690956944,لاستیک و پلاستیک,25,18800000000,1,30888400000000,298.0,5.5,1625,1725,1625,1711,1675,1626,1660,-15,-0.9,1643,-32,-1.91,841,37148074,61036038239,301,3,219,1,34764410,2383664,36303671,844403,1,3018,1657,1660,252263,1,1,15000,1644,1661,5000,1,2,491650,1641,1664,3300,1,1,50000,1639,1668,5200,1,2,9186,1637,1670,399951,1
12:23:14,زشریف,کشت وصنعت شریف آباد,IRO3SAAZ0001,26547785441834730,زراعت و خدمات وابسته,1,2404787000,1,32007714970000,1850.0,7.2,12560,13320,12990,13320,12940,13320,13320,380,2.94,13310,370,2.86,836,18422300,245210202400,251,4,145,3,14576165,3846135,9489684,8932616,68,1934178,13320,0,0,0,1,376,13310,0,0,0,2,1400,13300,0,0,0,1,10000,13250,0,0,0,1,10000,13240,0,0,0
12:29:55,فسرب,ملی‌ سرب‌وروی‌ ایران,IRO1SORB0001,54277068923045214,فلزات اساسی,27,11082120000,1,18850686120000,-81.0,-21.0,1622,1722,1622,1722,1672,1630,1719,47,2.81,1701,29,1.73,826,43822336,74550574774,262,0,247,0,43822336,0,43822336,0,2,50000,1713,1719,337352,2,2,52628,1710,1720,25000,1,2,20000,1707,1722,10010,2,1,50000,1706,1754,50000,1,1,70839,1705,0,0,0
12:29:59,دی,بانک دی,IRO7BDYZ0001,66416853783916493,بانک‌ها و موسسات اعتباری,57,135000000000,1,132435000000000,-282.0,-3.5,972,1032,975,1000,1002,976,976,-26,-2.59,981,-21,-2.1,824,147027700,144303018439,213,2,320,2,135427700,11600000,139597054,7430646,15,8479655,975,975,72027,1,6,3111500,974,976,10471639,15,17,10491489,973,977,505000,2,116,60586372,972,979,252000,3,1,10000,884,980,1748221,12
12:27:32,ولساپا,لیزینگ رایان‌ سایپا,IRO1RSAP0001,45174198424472334,سایر واسطه‌گری‌های مالی,58,19629000000,1,14780637000000,337.0,2.2,723,767,723,767,745,755,767,22,2.95,753,8,1.07,818,90046366,67796891552,135,3,204,1,31515264,58531102,90019584,26782,2,314947,767,775,20700,3,2,210000,765,780,600000,2,1,20000,764,781,152935,1,1,70000,751,788,242722,6,1,13500,748,0,0,0
12:26:44,شرانل,نفت ایرانول,IRO3NOLZ0001,44013656953678055,فراورده‌های نفتی، کک و سوخت هسته‌ای,23,6000000000,1,431400000000000,10561.0,6.8,67900,72100,70150,72100,70000,72100,72100,2100,3.0,71900,1900,2.71,816,3533730,254113691950,319,4,207,5,2631208,902522,2529672,1004058,104,366144,72100,0,0,0,12,21745,72050,0,0,0,2,183,72000,0,0,0,1,10000,71950,0,0,0,1,2000,71900,0,0,0
12:29:46,برکت,گروه دارویی برکت,IRO1BRKT0001,34557241988629814,مواد و محصولات دارویی,43,17340000000,1,49002840000000,31.0,91.2,2662,2826,2826,2826,2744,2826,2826,82,2.99,2826,82,2.99,813,45566673,128771417898,372,0,228,3,45566673,0,22939128,22627545,638,39104798,2826,2904,11913,5,3,8023,2825,2956,8288,4,2,3800,2821,2984,44050,6,2,12000,2820,2999,5000,1,3,411800,2816,3046,26749,2
12:29:59,بتیس,بیمه زندگی ایساتیس,IRO7BTSP0001,17372162356531136,بیمه و صندوق بازنشستگی به جز تامین اجتماعی,66,2400000000,1,4598400000000,459.0,4.2,1886,2002,1886,2001,1944,1890,1960,16,0.82,1916,-28,-1.44,811,48663337,93258234628,145,2,382,3,39355442,9307895,47426042,1237295,1,26000,1940,1960,36130,1,2,91220,1938,1961,49322,1,2,209000,1936,1963,265577,1,1,229410,1935,1966,100000,1,1,72021,1922,1967,9963,1
12:29:57,وسپهر,گروه سرمایه گذاری سپهر صادرات,IRO3SAIZ0001,114312662654155,شرکت‌های چند رشته‌ای صنعتی,39,75000000000,1,310425000000000,1156.0,3.6,4004,4250,4022,4215,4127,4127,4215,88,2.13,4139,12,0.29,799,9335472,38636052067,157,1,489,2,9079617,255855,7035472,2300000,1,13239,4215,4220,3407,3,1,44145,4200,4239,5000,1,1,10000,4175,4240,19512,6,1,1209,4160,4244,79999,1,1,1300,4151,4245,45306,3
12:29:35,فخاس,فولاد خراسان,IRO1FKAS0001,4733285133017464,فلزات اساسی,27,124500000000,1,258711000000000,368.0,5.6,2070,2196,2070,2126,2133,2070,2104,-29,-1.36,2078,-55,-2.58,788,53675596,111561831197,255,1,174,7,51925596,1750000,33555128,20120468,6,215900,2104,2106,74700,1,1,11000,2103,2109,382340,1,4,99324,2100,2110,210000,2,1,342599,2098,2116,523000,3,6,738905,2097,2117,50000,1
12:29:55,قصفها,قنداصفهان,IRO1GESF0001,40411537531154482,قند و شکر,38,30190976755,1,45527992946540,188.0,8.0,1450,1538,1456,1537,1494,1500,1521,27,1.81,1508,14,0.94,785,44710900,67426763146,282,2,199,2,43927236,783664,40107426,4603474,1,380000,1520,1530,800000,2,1,4000,1519,1532,400000,1,2,8126,1518,1536,5000,1,1,100000,1516,1537,400000,1,2,409470,1512,1538,6097136,32
12:30:00,سیسکو,فولاد سیرجان ایرانیان,IRO1SSCO0001,5286237676293152,فلزات اساسی,27,125000000000,1,336125000000000,510.0,5.3,2533,2689,2689,2689,2611,2689,2689,78,2.99,2689,78,2.99,784,34962452,94014033428,80,5,564,4,32562452,2400000,8383111,26579341,332,73565895,2689,0,0,0,1,4000,2670,0,0,0,2,22500,2620,0,0,0,2,20991,2612,0,0,0,4,131908,2611,0,0,0
12:28:10,وپایا,سرمایه گذاری پایا تدبیرپارسا,IRO3PTPZ0001,67244978897607661,سرمایه‌گذاری‌ها,56,13000000000,1,15496000000000,242.0,4.9,1157,1227,1170,1201,1192,1188,1193,1,0.08,1192,0,0.0,784,26929913,32089572142,57,1,471,1,17824910,9105003,23679913,3250000,1,5000,1193,1194,3624,4,2,399997,1192,1197,1082,2,2,505000,1191,1198,8966,2,1,5000,1190,1199,8919,7,1,5000,1189,1200,6341,7
12:29:56,سکرما,سیمان‌ کرمان,IRO1SKER0001,15472396110662150,سیمان، آهک و گچ,53,1500000000,1,110670000000000,8381.0,8.8,73160,77680,73160,75500,75420,75310,73170,-2250,-2.98,73780,-1640,-2.17,771,4748371,350317982740,268,2,256,2,3289012,1459359,3968986,779385,3,52032,73170,73170,20000,1,8,82649,73160,73410,2241,1,0,0,0,73420,4770,2,0,0,0,73500,1228,2,0,0,0,74200,34449,1
12:29:56,ختوقا,قطعات‌ اتومبیل‌ ایران,IRO1GHAT0001,70289374539527245,خودرو و ساخت قطعات,34,6201312000,1,24737033568000,227.0,17.6,3837,4073,3837,4073,3955,3930,4067,112,2.83,3989,34,0.86,767,23117128,92225083252,216,1,263,0,22808277,308851,23117128,0,1,8985,4058,4067,192827,1,1,9895,4054,4068,100000,1,1,36541,4052,4070,10000,1,1,11936,4051,4073,1732423,20,1,247000,4050,4160,25000,1
12:28:45,کلوند,کاشی‌ الوند,IRO1ALVN0001,32678431934327184,کاشی و سرامیک,49,5350000000,1,25257350000000,898.0,5.3,4578,4860,4578,4860,4719,4787,4858,139,2.95,4721,2,0.04,761,27091554,127889180699,181,8,282,2,16457313,10634241,25375621,1715933,1,2071,4810,4859,194874,1,1,5000,4771,4860,494223,3,2,3500,4761,0,0,0,1,10000,4760,0,0,0,1,20000,4732,0,0,0
12:29:55,پالایش,صندوق پالایشی یکم-سهام,IRT1PLSH0001,67675656072510693,صندوق سرمایه‌گذاری قابل معامله,68,1324273348,1,460328009951584,,,327360,347608,347608,347608,337484,347608,347608,10124,3.0,347608,10124,3.0,757,2464287,856605875496,9,2,673,2,1606202,858085,424287,2040000,933,19979898,347608,347608,6,2,4,1614,347607,0,0,0,1,100,347604,0,0,0,4,2488,347600,0,0,0,2,500,347484,0,0,0
12:29:14,بهامرز,بیمه زندگی هامرز,IRO7HMEZ0001,61792732570093263,بیمه و صندوق بازنشستگی به جز تامین اجتماعی,66,2400000000,1,7572000000000,200.0,15.8,3154,3348,3154,3348,3251,3348,3154,-97,-2.98,3155,-96,-2.95,754,142818880,450664273388,25,6,25,2,27619297,115199583,100318880,42500000,2,87519,3154,3297,334815,3,0,0,0,3298,508000,2,0,0,0,3299,171266,3,0,0,0,3300,27700,1,0,0,0,3337,151166,1
12:29:02,غسالم,سالمین,IRO1SLMN0001,28672095850798501,محصولات غذایی و آشامیدنی به جز قند و شکر,42,6000000000,1,42180000000000,1102.0,6.4,6640,7040,6720,7040,6840,6720,7040,200,2.92,7030,190,2.78,753,14803806,104047875760,182,4,274,4,10919802,3884004,12625058,2178748,16,1454836,7040,7340,300000,3,4,69801,7030,7370,100000,1,2,20000,7020,7380,28817,1,2,11000,7000,7390,100000,1,1,121397,6950,7410,138406,4
12:29:28,لوتوس,تامین سرمایه لوتوس پارسیان,IRO1LTOS0001,59142194115401696,فعالیت‌های کمکی به نهادهای مالی واسط,67,85000000000,1,218535000000000,535.0,4.8,2456,2606,2466,2606,2531,2606,2575,44,1.74,2571,40,1.58,753,34268087,88104343927,301,5,154,2,22681231,11586856,33256704,1011383,1,1100,2575,2575,337671,1,1,10455,2570,2580,9000,1,2,701833,2561,2581,325000,2,1,364884,2560,2582,162046,2,4,875884,2550,2583,78346,1
12:29:26,ونیکی,سرمایه‌گذاری‌ ملی‌ایران,IRO1NIKI0001,25336820825905643,شرکت‌های چند رشته‌ای صنعتی,39,80000000000,1,408000000000000,862.0,5.9,5090,5390,5090,5210,5240,5090,5100,-140,-2.67,5100,-140,-2.67,751,36817024,187595464930,227,4,156,1,12096648,24720376,25858200,10958824,2,121049,5110,5140,3400,1,1,3000,5100,5150,201700,2,84,13772785,5090,5170,50949,1,1,1003,5000,5190,12366,2,1,4000,4700,5200,100000,1
12:29:58,ثالوند,سرمایه گذاری مسکن الوند,IRO3SLVZ0001,16693610252404739,انبوه‌سازی، املاک و مستغلات,70,3200000000,1,13308800000000,73.0,57.0,4142,4398,4142,4260,4270,4170,4244,-26,-0.61,4159,-111,-2.6,748,26733577,111176334186,233,0,146,0,26733577,0,26733577,0,1,10000,4190,4254,11739,1,2,13782,4186,4260,51985,2,1,7039,4183,4267,5000,1,1,43941,4170,4268,1200,1,1,5100,4160,4270,140000,2
12:29:50,خیمن,ایمن خودرو شرق,IRO3IKSZ0001,22645269567765904,خودرو و ساخت قطعات,34,7000000000,1,19264000000000,635.0,4.3,2690,2856,2690,2827,2773,2690,2798,25,0.9,2752,-21,-0.76,746,19602217,53938102477,135,1,392,1,16434217,3168000,9602217,10000000,1,163276,2776,2800,105167,10,1,7181,2775,2805,15424,2,1,5000,2764,2809,164243,3,2,5539,2763,2810,1272,3,1,90000,2762,2819,4000,1
12:29:52,پی پاد,پرداخت الکترونیک پاسارگاد,IRO1PYPD0001,26316376625263940,رایانه و فعالیت‌های وابسته به آن,72,7000000000,1,21091000000000,693.0,4.3,2996,3180,2996,3088,3088,3088,3069,-19,-0.62,3013,-75,-2.43,746,36070124,108686764708,209,2,234,2,33287124,2783000,35661151,408973,1,13775,3069,3076,6000,1,3,23981,3068,3079,330,1,1,6528,3052,3080,1660,3,1,3300,3049,3086,7331,1,1,1035,3034,3087,283947,2
13:31:18,ماهور,صندوق سرمایه گذاری ماهور-ثابت,IRT1MAHU0001,10458396610199724,صندوق سرمایه‌گذاری قابل معامله,68,7500000000,1,159247500000000,,,20570,21842,21233,21234,21206,21233,21233,27,0.13,21233,27,0.13,739,48982922,1040069845366,209,4,334,7,20291307,28691349,22167213,26815443,1,497420453,21233,21234,47197921,2,2,5001904,21232,21235,1002000,2,2,5001000,21231,21236,1000000,1,2,5005000,21230,21237,1000000,1,1,5000000,21229,21238,1000500,2
13:30:48,رابین,صندوق س. توسعه افق رابین-د,IRT3OFRF0001,33527290777160784,صندوق سرمایه‌گذاری قابل معامله,68,1000000000,1,25574000000000,,,24779,26311,25573,25574,25545,25573,25573,28,0.11,25574,29,0.11,739,6580648,168290513429,105,3,566,6,1253144,5327386,2825218,3755312,2,99185733,25573,25574,10108093,1,1,100000,25572,25575,100000,1,1,100000,25571,25576,100000,1,1,100000,25570,25577,100195,2,1,100000,25569,25578,100000,1
12:29:55,شهر,گروه مالی شهر,IRO1GMSH0001,9098178887955847,سرمایه‌گذاری‌ها,56,50000000000,1,82000000000000,271.0,6.1,1622,1722,1622,1686,1672,1625,1660,-12,-0.72,1640,-32,-1.91,738,27816451,45621105126,96,3,319,2,15222912,12593539,16441451,11375000,1,54694,1633,1661,124639,2,1,8150,1632,1663,2821,1,1,100000,1629,1664,33575,4,8,400000,1628,1665,3111,1,2,407179,1627,1666,3100,1
12:29:35,ونفت,سرمایه‌گذاری‌ صنعت‌ نفت,IRO1NAFT0001,33931218652865616,فراورده‌های نفتی، کک و سوخت هسته‌ای,23,6000000000,1,27576000000000,712.0,6.5,4583,4865,4583,4724,4724,4583,4586,-138,-2.92,4596,-128,-2.71,738,16622259,76389793134,262,3,236,0,11066064,5556195,16622259,0,1,5400,4586,4597,3233,1,3,16150,4583,4598,10266,2,0,0,0,4600,11200,3,0,0,0,4610,85000,2,0,0,0,4630,11878,2
12:29:56,کماسه,تامین‌ ماسه‌ ریخته‌گری,IRO1TAMI0001,67690708346979840,استخراج سایر معادن,14,6000000000,1,14070000000000,263.0,8.9,2315,2457,2315,2450,2386,2450,2387,1,0.04,2345,-41,-1.72,737,36923766,86578487727,239,2,174,1,18849214,18074552,26923766,10000000,1,1116,2385,2410,212427,1,1,10000,2382,2411,45950,1,1,10000,2378,2420,47700,2,1,10000,2372,2424,4000,1,2,433456,2371,2425,308794,1
12:29:49,کزغال,زغال سنگ پروده طبس,IRO3TPCZ0001,28291104595448527,استخراج زغال سنگ,10,15000000000,1,69105000000000,47.0,98.0,4416,4688,4416,4688,4552,4637,4678,126,2.77,4607,55,1.21,736,14132503,65111692789,136,4,346,1,6401413,7731090,11123073,3009430,1,5102,4687,4688,38795,12,1,34949,4678,4752,42417,3,1,2100,4640,0,0,0,1,10000,4631,0,0,0,2,162940,4630,0,0,0
12:29:14,اتوآگاه,صندوق س صنایع آگاه2-بخشی,IRT1AUGA0001,6328167131743522,صندوق سرمایه‌گذاری قابل معامله,68,1000000000,1,11972000000000,,,11304,12002,11620,12002,11653,11875,12002,349,2.99,11972,319,2.74,732,13700598,164019906031,144,4,131,5,11475598,2225000,8619563,5081035,9,71118,12002,12339,407,1,1,45768,11976,12438,233,1,1,26871,11972,12440,77,1,1,50000,11971,12455,503,2,1,1251,11848,12530,2700,3
12:25:25,زفکا,کشت و دامداری فکا,IRO3FAAZ0001,5427792638736934,زراعت و خدمات وابسته,1,12140161000,1,91172609110000,1024.0,7.3,7090,7510,7510,7510,7300,7510,7510,210,2.88,7510,210,2.88,727,48772097,366278448470,161,9,132,5,19263625,29508472,13406537,35365560,317,40389937,7510,0,0,0,2,10087,7430,0,0,0,1,1250,7410,0,0,0,1,30000,7360,0,0,0,1,2000,7310,0,0,0
13:19:39,پاداش,صندوق س. ارزش پاداش-د,IRT3PADF0001,43267179898797137,صندوق سرمایه‌گذاری قابل معامله,68,3600000000,1,93322800000000,,,25113,26665,25922,25923,25889,25922,25922,33,0.13,25923,34,0.13,726,207139066,5369589986467,100,4,269,10,2729841,204409225,18814505,188324561,7,336901533,25922,25923,20751697,6,1,1000000,25921,25924,1000000,1,1,1000000,25920,25925,1000000,1,1,1000000,25919,25926,1000000,1,2,1001500,25918,25927,1000500,2
12:29:08,غانیزان,فرآورده های دامی ولبنی دالاهو,IRO1MNZN0001,53350307353645375,محصولات غذایی و آشامیدنی به جز قند و شکر,42,4885278236,1,34294653216720,744.0,9.4,6620,7020,6960,7020,6820,7020,7020,200,2.93,7020,200,2.93,718,27250533,191281063540,194,5,256,6,13350533,13900000,10200134,17050399,80,4163284,7020,0,0,0,1,92894,7000,0,0,0,1,1500,6990,0,0,0,2,3617,6980,0,0,0,1,2000,6960,0,0,0
12:29:49,شگستر,گسترش سوخت سبززاگرس(سهامی عام),IRO1SHGS0001,24696953498398744,محصولات شیمیایی,44,40984469209,16393788,37008975695727,59.0,15.3,858,910,863,910,884,897,910,26,2.94,903,19,2.15,713,57750361,52167478851,195,3,193,5,48700361,9050000,43350361,14400000,1,9647,908,910,210000,1,1,56804,905,928,30000,1,2,11700,901,930,30000,1,2,26000,900,931,30000,1,6,2000000,899,933,110367,1
12:29:46,وصنا,گروه‌صنایع‌بهشهرایران,IRO1GBEH0001,46982154647719707,سرمایه‌گذاری‌ها,56,11650000000,1,28892000000000,713.0,3.5,2370,2516,2370,2516,2443,2449,2516,73,2.99,2480,37,1.51,711,48646834,120629929154,137,3,201,1,26594611,22052223,47046834,1600000,17,1556759,2516,0,0,0,1,10000,2500,0,0,0,1,2500,2498,0,0,0,1,5000,2486,0,0,0,1,10000,2485,0,0,0
12:29:50,الکتروماد,صنایع الکترونیک مادیران,IRO3MAAZ0001,383529400851043,ماشین‌آلات و تجهیزات,29,9000000000,1,27963000000000,876.0,3.5,2951,3133,3042,3133,3042,3042,3133,91,2.99,3107,65,2.14,702,18264611,56739672165,100,0,432,4,18264611,0,14346541,3918070,6,1058247,3133,3165,1580,1,3,17836,3104,3166,2000,1,1,50000,3102,3221,1932,4,1,3200,3100,3299,5000,1,1,10000,3096,3302,12117,2
12:29:50,شمس,تولید انرژی برق شمس پاسارگاد,IRO3SMSZ0001,59522975635235187,عرضه برق، گاز، بخار و آب گرم,40,4000000000,1,22240000000000,778.0,7.1,5380,5700,5380,5700,5539,5700,5660,121,2.18,5560,21,0.38,702,5051073,28084622580,115,2,444,0,4454110,596963,5051073,0,1,50000,5630,5680,1705,5,3,161210,5620,5690,90792,7,7,27248,5600,5700,530372,72,3,410000,5590,0,0,0,3,13000,5580,0,0,0
13:31:05,رزگلد,صندوق س.پشتوانه طلا آرمان آتی,IRTKROZG0001,17244733069907210,صندوق سرمایه‌گذاری قابل معامله,68,2000000000,1,33326000000000,,,15437,18867,16565,16901,17152,16880,16637,-515,-3.0,16663,-489,-2.85,701,12207490,203415713542,161,12,89,14,5250497,6943474,3742122,8451849,3,106103,16635,16637,14786,2,10,310003,16632,16638,384,1,3,100200,16631,16640,72935,1,5,200325,16630,16665,31344,1,9,402361,16629,16725,2500,1
12:29:40,نیان,نیان الکترونیک,IRO3NIAZ0001,20652241232631918,تولید محصولات کامپیوتری الکترونیکی و نوری,26,6244680000,1,32847016800000,1266.0,4.2,4970,5270,5040,5270,5120,5240,5270,150,2.93,5260,140,2.73,698,21910187,115265471640,150,5,304,2,17654911,4255276,18150118,3760069,23,1983497,5270,5300,20000,1,2,6053,5240,5400,1063,1,2,2504,5200,5410,20000,1,2,10748,5170,5450,10000,1,1,969,5160,5460,20000,1
12:29:58,شپارس,بین‌ المللی‌ محصولات‌  پارس,IRO1BMPS0001,61102694810476197,محصولات شیمیایی,44,11400000000,1,14261400000000,219.0,5.7,1237,1313,1237,1310,1275,1237,1275,0,0.0,1251,-24,-1.88,697,53766154,67260663236,202,2,201,1,44566154,9200000,31766154,22000000,1,400000,1270,1279,410000,3,1,86645,1268,1280,442349,3,1,400000,1267,1290,1589683,4,4,582597,1264,1292,10000,1,1,5000,1262,1294,4433,1
12:29:56,ومپنا,مدیریت نیروگاهی ایرانیان مپنا,IRO3MPGZ0001,19074684560939209,عرضه برق، گاز، بخار و آب گرم,40,20000000000,1,447000000000000,3877.0,5.8,21650,22950,21650,22950,22300,22350,21900,-400,-1.79,22350,50,0.22,693,1893924,42315255350,153,3,403,2,1528683,365241,1085848,808076,3,45768,21800,21950,359,2,1,48000,21700,22000,358,2,2,9991,21650,22200,538,3,1,500,21050,22300,50000,1,0,0,0,22350,1000,1
12:29:40,شگل,گلتاش,IRO1GTSH0001,44153164692325703,محصولات شیمیایی,44,6149600000,1,19734066400000,512.0,6.3,3143,3337,3152,3280,3240,3205,3249,9,0.28,3209,-31,-0.96,686,15787290,50668359461,161,2,125,3,14832431,954859,10513832,5273458,2,232952,3220,3265,1700,1,1,41575,3217,3267,10000,1,1,10000,3216,3270,2000,1,2,19180,3214,3272,12000,2,1,114527,3213,3273,159859,2
12:30:00,رافزا,رایان هم افزا,IRO3RYHZ0001,68941822863885255,رایانه و فعالیت‌های وابسته به آن,72,2000000000,1,21700000000000,2557.0,4.2,10240,10860,10450,10860,10550,10450,10860,310,2.94,10850,300,2.84,681,14053079,152481872610,95,2,300,4,12021476,2031603,12351943,1701136,31,3018397,10860,11100,22,2,1,4000,10850,11290,447,1,1,4653,10840,0,0,0,1,500,10780,0,0,0,1,1000,10700,0,0,0
12:29:36,دابور,داروسازی‌ ابوریحان,IRO1DABO0001,61332057061846617,مواد و محصولات دارویی,43,1800000000,1,60858000000000,4390.0,7.7,33330,35390,33330,34500,34360,34500,34270,-90,-0.26,33810,-550,-1.6,676,5876516,198681889880,235,9,150,4,2308045,3568471,2694255,3182261,6,500856,34000,34270,194733,4,4,303000,33970,34280,1670,2,4,400000,33950,34290,50080,4,11,1063419,33930,34340,3472,2,2,87324,33920,34360,25025,3
12:25:20,شفارس,صنایع‌ شیمیایی‌ فارس,IRO1SHFS0001,43781018754867729,محصولات شیمیایی,44,11939454000,1,18541972062000,172.0,9.0,1468,1558,1515,1558,1513,1558,1558,45,2.97,1553,40,2.64,669,53849024,83613799656,143,2,175,1,52058920,1790104,50849024,3000000,63,12001382,1558,1754,10000,1,1,10000,1547,1867,5000,1,1,20000,1546,1919,276136,1,1,5000,1545,0,0,0,3,18600,1544,0,0,0
12:29:37,کمنگنز,معادن‌منگنزایران,IRO1MNGZ0001,50341528161302545,استخراج کانه‌های فلزی,13,4500000000,1,24030000000000,704.0,7.6,5150,5450,5150,5450,5300,5390,5440,140,2.64,5340,40,0.75,668,21597333,115259895690,131,5,178,2,13958250,7639083,20685991,911342,1,1823,5410,5450,752370,5,1,1000,5400,5500,1000,1,2,49836,5340,5530,200913,3,1,1000,5330,5610,3046,2,4,4229,5300,5650,5000,1
12:28:52,کوچین,تولیدی کوچین,IRO3KCHZ0001,10869855467299545,محصولات غذایی و آشامیدنی به جز قند و شکر,42,7867570000,1,67661102000000,1525.0,5.6,8100,8600,8600,8600,8350,8600,8600,250,2.99,8600,250,2.99,663,1911009,16434677400,11,1,640,2,1711009,200000,894070,1016939,965,151001561,8600,0,0,0,1,4033,8570,0,0,0,1,7466,8520,0,0,0,2,12000,8360,0,0,0,8,42073,8350,0,0,0
12:29:44,میدکو,توسعه معادن وص.معدنی خاورمیانه,IRO1MDKO0001,33441514568901717,فلزات اساسی,27,290000000000,1,1844400000000000,290.0,21.9,6290,6670,6290,6530,6480,6300,6420,-60,-0.93,6360,-120,-1.85,656,20196123,128360693040,193,4,202,2,13320339,6875784,18625908,1570215,1,200000,6460,6470,93872,2,4,533146,6400,6480,213000,4,1,2000,5980,6490,23229,3,1,5000,5650,6500,437413,6,0,0,0,6510,200000,1
12:29:58,نیشکر,توسعه نیشکر و  صنایع جانبی,IRO3SUGZ0001,52587750999094180,قند و شکر,38,11431145000,1,605850685000000,5709.0,9.3,52900,56100,52900,54400,54500,53050,53050,-1450,-2.66,53000,-1500,-2.75,655,1665187,88229553600,143,2,331,1,596188,1068999,1207453,457734,1,10000,53000,53400,752,7,3,5300,52950,53450,32557,5,25,438205,52900,53500,50471,7,0,0,0,53700,25094,2,0,0,0,53800,67,1
12:29:38,غشان,شیرپاستوریزه‌پگاه‌خراسان,IRO1SPKH0001,31791737198597563,محصولات غذایی و آشامیدنی به جز قند و شکر,42,2363000000,1,14390670000000,983.0,6.2,5830,6190,5900,6190,6010,6070,6190,180,3.0,6090,80,1.33,654,14136240,86109942080,161,7,254,4,6803611,7332629,11579468,2556772,34,3548627,6190,0,0,0,2,17822,6120,0,0,0,2,1643,6110,0,0,0,1,10000,6100,0,0,0,1,1500,6090,0,0,0
12:28:42,بانکو,صندوق س.بخشی صنایع آسمان1-ب,IRT3BNKF0001,25163849522701102,صندوق سرمایه‌گذاری قابل معامله,68,1000000000,1,11528000000000,,,10941,11617,11228,11617,11279,11281,11617,338,3.0,11528,249,2.21,653,43942463,506584474144,84,4,231,5,30595708,13346755,16622463,27320000,16,12506000,11617,0,0,0,1,3500,11512,0,0,0,1,22500,11453,0,0,0,1,22000,11441,0,0,0,1,11800,11431,0,0,0
12:29:15,زملارد,کشاورزی و دامپروری ملارد شیر,IRO3MAHZ0001,14916489896692147,زراعت و خدمات وابسته,1,18862025000,1,18956335125000,135.0,7.4,947,1005,1005,1005,976,1005,1005,29,2.97,1005,29,2.97,649,72268618,72629961090,106,3,402,2,42498916,29769702,44671779,27596839,106,19850457,1005,0,0,0,2,16905,1004,0,0,0,2,11050,1000,0,0,0,1,20027,995,0,0,0,1,10000,990,0,0,0
12:29:58,سلام,صندوق س سلام فارابی-سهام,IRT1FASA0001,70541934393301867,صندوق سرمایه‌گذاری قابل معامله,68,500000000,1,15070500000000,,,28977,30769,29055,30769,29873,29103,30550,677,2.27,30141,268,0.9,647,15567707,469224133481,74,4,143,7,6848060,8719647,11977560,3590147,2,104,30532,30766,1680,1,2,2290,30511,30768,1654,1,1,217,30504,30769,37371,2,2,201000,30500,31322,661,1,4,261620,30400,0,0,0
12:29:21,فلوله,لوله‌وماشین‌سازی‌ایران,IRO1LMIR0001,48623320733330408,فلزات اساسی,27,9300000000,1,21269100000000,271.0,8.4,2284,2424,2284,2350,2354,2284,2284,-70,-2.97,2287,-67,-2.85,642,31530767,72122075166,271,0,146,0,31530767,0,31530767,0,0,0,0,2284,7009712,25,0,0,0,2290,4000,1,0,0,0,2316,111484,2,0,0,0,2341,5100,2,0,0,0,2343,200000,1
12:29:58,حآفرین,ریل پرداز نو آفرین,IRO3RPAZ0001,21432551703060846,حمل و نقل، انبارداری و ارتباطات,60,11500000000,1,17204000000000,694.0,2.2,1412,1498,1480,1498,1455,1498,1480,25,1.72,1496,41,2.82,635,110310623,164993362113,209,1,84,3,103110623,7200000,31566143,78744480,1,20000,1470,1496,50000,1,1,10000,1468,1497,500000,1,1,100000,1465,1498,1381352,10,1,800000,1463,0,0,0,1,10000,1458,0,0,0
13:31:13,پارند,صندوق س. پارند پایدار سپهر,IRT1FPAF0001,70595828753641750,صندوق سرمایه‌گذاری قابل معامله,68,10000000000,1,100090000000000,,,9951,10565,10008,10009,10258,10009,10009,-249,-2.43,10009,-249,-2.43,632,59788984,598402534750,336,2,147,1,35047324,24457150,40680120,18824354,33,201141547,10008,10009,158939007,1,5,10060100,10007,10569,1422,3,2,10000100,10006,11000,180000,1,3,10001099,10005,11100,4419,1,1,100,10004,11237,700,1
12:29:30,دزاگرس,دارویی و نهاده های زاگرس دارو,IRO3ZGDZ0001,43450146028916610,مواد و محصولات دارویی,43,7700000000,1,90398000000000,1827.0,6.4,11060,11740,11740,11740,11400,11740,11740,340,2.98,11740,340,2.98,628,22925115,269140850100,225,6,137,2,22225115,700000,245115,22680000,1425,119973896,11740,0,0,0,2,5848,11600,0,0,0,23,1206724,11400,0,0,0,1,442,11360,0,0,0,1,1348,11300,0,0,0
12:29:42,کویر,تولیدی فولاد سپید فراب کویر,IRO1KVIR0001,43545527030854340,فلزات اساسی,27,72000000000,1,98424000000000,193.0,7.1,1342,1424,1342,1407,1383,1344,1398,15,1.08,1367,-16,-1.16,628,39287835,53720337595,203,1,173,2,37287835,2000000,35077835,4210000,2,30000,1382,1398,5000,1,1,1219,1379,1400,667922,3,2,15000,1376,1408,3700,1,3,223638,1375,1410,50000,1,1,359510,1374,1411,20972,1
12:29:42,بپویا,دانش محور پویا نیرو,IRO1POYA0001,48517714910707769,ماشین‌آلات و دستگاه‌های برقی,31,9942147000,1,65916434610000,1147.0,5.8,6250,6630,6550,6630,6440,6630,6630,190,2.95,6630,190,2.95,625,12266927,81281197370,129,0,364,3,12266927,0,8066927,4200000,43,1401564,6630,12320,150000,1,3,50000,6600,0,0,0,1,1000,6590,0,0,0,2,6520,6580,0,0,0,1,10000,6550,0,0,0
12:29:44,وخاور,بانک خاورمیانه,IRO1BKHZ0001,47333458678352378,بانک‌ها و موسسات اعتباری,57,120000000000,1,440880000000000,753.0,4.9,3465,3679,3572,3679,3572,3660,3679,107,3.0,3674,102,2.86,624,91656643,336701825479,87,9,119,8,14412133,77244510,45420068,46236575,251,84952615,3679,0,0,0,1,200000,3675,0,0,0,2,401766,3620,0,0,0,1,28144,3573,0,0,0,3,21943,3572,0,0,0
13:28:17,قیراط,صندوق س.کالای درفش دماوند,IRTKGHIR0001,6237807001018762,صندوق سرمایه‌گذاری قابل معامله,68,2000000000,1,64144000000000,,,29584,36158,31840,32271,32871,32270,31943,-928,-2.82,32072,-799,-2.43,621,4026576,129139210858,142,19,87,13,1500534,2526042,1632748,2393828,2,10450,31940,31943,966418,1,1,32,31921,31944,1000000,1,2,1071,31920,31945,1000000,1,1,200,31914,31946,1000000,1,2,150,31913,31947,1000000,1
13:31:03,ثمر,صندوق س ثمرگندم-ثابت,IRT1SAMR0001,15420554853151242,صندوق سرمایه‌گذاری قابل معامله,68,5100000000,1,65137200000000,,,12374,13138,12772,12773,12756,12772,12772,16,0.13,12772,16,0.13,610,268393336,3427988385695,80,12,177,24,20235870,248155352,47752413,220638809,1,349537916,12772,12773,62212642,2,1,1000000,12771,12774,1078470,2,1,1000000,12770,12775,1000000,1,1,1000000,12769,12776,1000000,1,1,1000000,12768,12777,1000000,1
12:29:43,شبریز,پالایش نفت تبریز,IRO1PNTB0001,48753732042176709,فراورده‌های نفتی، کک و سوخت هسته‌ای,23,30000000000,1,1041900000000000,8379.0,4.1,32710,34730,34730,34730,33720,34730,34730,1010,3.0,34730,1010,3.0,610,21950083,762326382590,156,27,189,5,18501591,3448492,4472742,17477341,727,36946754,34730,35790,500,1,1,5000,34530,36800,500,1,1,15000,34310,36890,1222,1,1,5882,34250,38000,500,1,1,150,34100,38020,1000,1
12:25:12,غشاذر,پگاه‌آذربایجان‌غربی,IRO1SHPZ0001,59921975187856916,محصولات غذایی و آشامیدنی به جز قند و شکر,42,1714137648,1,23775089177760,2153.0,6.4,13070,13870,13590,13870,13470,13870,13870,400,2.97,13870,400,2.97,604,9205148,127629786650,271,2,95,7,7705148,1500000,3759231,5445917,36,671850,13870,0,0,0,7,68419,13860,0,0,0,1,1876,13840,0,0,0,1,390,13830,0,0,0,1,433,13800,0,0,0
12:29:54,بگیلان,توسعه مسیر برق گیلان,IRO3GEDZ0001,71068313834275501,عرضه برق، گاز، بخار و آب گرم,40,4300000000,1,82732000000000,2043.0,9.4,18630,19770,18660,19400,19200,19130,19200,0,0.0,19240,40,0.21,603,248241,4775241990,31,3,557,1,69038,179203,218241,30000,2,57200,19180,19250,100,2,1,17200,19170,19300,50,1,2,74705,19160,19310,439,5,1,1000,19150,19320,750,2,2,52836,19140,19330,50,1
12:28:55,رتاپ,تجارت الکترونیک  پارسیان,IRO1EPRS0001,41048299027409941,رایانه و فعالیت‌های وابسته به آن,72,10000000000,1,51700000000000,592.0,8.7,5010,5310,5010,5310,5163,5280,5110,-53,-1.03,5170,7,0.14,597,22744400,117530990070,127,6,197,7,13430489,9313911,14549789,8194611,2,39879,5110,5160,22000,2,2,42000,5090,5170,30000,1,2,15000,5080,5180,5000,1,3,600000,5070,5210,200000,1,1,200000,5060,5250,160111,5
12:29:45,فجهان,جهان فولاد سیرجان,IRO3SJSZ0001,45507655586782998,فلزات اساسی,27,153000000000,1,257805000000000,138.0,12.2,1620,1720,1620,1720,1670,1620,1720,50,2.99,1685,15,0.9,597,21995364,37065535326,138,0,296,2,21995364,0,19495364,2500000,2,1158582,1720,1720,2908,1,1,5000,1715,1750,3200,1,2,805500,1709,1758,10000,1,3,24476,1708,1759,2910,1,1,19000,1684,1770,100000,1
12:29:58,آباد,توریستی ورفاهی آبادگران ایران,IRO1ABAD0001,59612098290740355,هتل و رستوران,55,11862388000,1,8813754284000,3.0,247.7,742,786,742,760,764,743,742,-22,-2.88,743,-21,-2.75,596,65315600,48505039493,172,1,99,0,55924600,9391000,65315600,0,0,0,0,743,400000,1,0,0,0,744,408000,2,0,0,0,745,400000,1,0,0,0,747,1667920,7,0,0,0,749,430500,2
12:29:28,پکرمان,گروه‌ صنعتی‌ بارز,IRO1BARZ0001,23214828924506640,لاستیک و پلاستیک,25,19693000000,1,129776870000000,1517.0,4.3,6400,6780,6400,6710,6590,6400,6600,10,0.15,6590,0,0.0,592,10512947,69328028090,253,2,145,3,10188240,324707,9531968,980979,2,52000,6600,6620,7000,2,3,17500,6570,6630,1844,2,3,61000,6560,6640,18760,3,6,70974,6550,6650,70000,1,3,12500,6530,6670,9104,4
12:29:14,قرن,پدیده شیمی قرن,IRO1GARN0001,39610074039667804,محصولات شیمیایی,44,17000000000,1,224740000000000,1314.0,10.1,12520,13280,12750,13280,12900,13000,13280,380,2.95,13220,320,2.48,587,10705605,141485701620,140,8,173,6,6374538,4331067,4971902,5733703,1,1500,13260,13420,50615,2,5,14263,13250,0,0,0,2,100500,13240,0,0,0,2,110000,13230,0,0,0,3,104771,13210,0,0,0
12:29:39,غناب,روغن‌ نباتی‌ ناب,IRO7RNAP0001,42470251469508137,محصولات غذایی و آشامیدنی به جز قند و شکر,42,18367442922,1,14308238036238,39.0,20.0,774,820,774,815,797,815,774,-23,-2.89,779,-18,-2.26,587,84039299,65426099041,218,2,121,0,79298918,4740381,84039299,0,0,0,0,774,476999,4,0,0,0,778,100000,1,0,0,0,784,800000,1,0,0,0,785,800000,1,0,0,0,786,800000,1
12:29:46,کترام,تولیدی‌ کاشی‌ تکسرام,IRO1TKSM0001,24085906177899789,کاشی و سرامیک,49,2696407000,1,6075004971000,15.0,150.2,2230,2366,2230,2358,2298,2358,2241,-57,-2.48,2253,-45,-1.96,585,23720348,53439572619,172,1,190,0,22240996,1479352,23720348,0,2,27500,2240,2288,4000,1,1,2500,2239,2289,594745,5,1,20000,2237,2299,112200,2,1,4037,2236,2300,202641,2,1,200000,2235,2305,10000,1
12:26:53,صبا,گروه مالی صبا تامین,IRO1STIZ0001,33938004134399485,سرمایه‌گذاری‌ها,56,115000000000,1,474490000000000,820.0,5.0,3900,4140,3953,4140,4020,4120,4140,120,2.99,4126,106,2.64,585,43604557,179907947839,77,0,253,5,43604557,0,11702022,31902535,22,1888999,4140,4267,4193,3,1,100000,4131,0,0,0,1,4553,4130,0,0,0,2,6250,4080,0,0,0,1,3000,4062,0,0,0
12:29:59,شکربن,کربن‌ ایران,IRO1CRBN0001,27308217070238237,محصولات شیمیایی,44,6385128000,1,41950290960000,1274.0,5.2,6570,6970,6570,6600,6770,6570,6570,-200,-2.95,6570,-200,-2.95,582,13115227,86171836690,290,1,75,2,11705227,1410000,7711404,5403823,0,0,0,6570,4539170,77,0,0,0,6580,37740,2,0,0,0,6600,32987,1,0,0,0,6670,2000,1,0,0,0,6700,200000,1
12:29:55,قمرو,قند مرودشت,IRO1GMRO0001,43342306308122676,قند و شکر,38,5000000000,1,44800000000000,1812.0,4.9,8870,9410,8870,9410,9140,9410,9000,-140,-1.53,8960,-180,-1.97,582,17443184,156250667040,179,2,175,1,12736813,4706371,17418184,25000,1,2884,8990,9050,3603,1,1,10000,8980,9140,12032,2,1,8934,8970,9150,35564,2,2,210000,8960,9200,160759,3,1,93629,8940,9260,200000,1
12:29:58,فسپا,گروه‌صنعتی‌سپاهان,IRO1SEPA0001,8977441217024425,فلزات اساسی,27,12500000000,1,36175000000000,496.0,5.8,2768,2938,2768,2937,2853,2937,2930,77,2.7,2894,41,1.44,576,35692858,103310992345,96,6,108,7,14943244,20749614,12735149,22957709,6,1004638,2895,2930,200000,1,3,5900,2893,2934,38815,1,2,19122,2892,2935,820000,4,4,610000,2890,2936,510000,3,4,421850,2880,2937,1651606,7
12:29:08,رپویا,پویا,IRO5PUYA0001,6905737326614124,رایانه و فعالیت‌های وابسته به آن,72,320000000,1,14448000000000,5828.0,7.7,43700,46400,43700,46400,45050,46400,43750,-1300,-2.89,45150,100,0.22,574,671186,30311767400,76,2,380,2,588304,82882,599068,72118,1,120,43800,45950,10000,1,2,14942,43750,46050,25000,1,2,1150,43700,46300,112,4,0,0,0,46350,28292,15,0,0,0,46400,64123,69
12:29:30,بهپاک,صنعتی بهپاک,IRO3BHPZ0001,12746730665870442,محصولات غذایی و آشامیدنی به جز قند و شکر,42,5332000000,1,66543360000000,3147.0,4.0,11760,12480,12480,12480,12120,12480,12480,360,2.97,12480,360,2.97,571,14848623,185310815040,194,3,100,4,9948623,4900000,6545465,8303158,176,5966922,12480,0,0,0,1,100000,12470,0,0,0,1,100000,12460,0,0,0,1,100000,12450,0,0,0,3,12028,12410,0,0,0
12:29:55,لپارس,پارس‌ الکتریک,IRO1PELC0001,5187018329202415,ساخت دستگاه‌ها و وسایل ارتباطی,32,1000000000,1,20860000000000,562.0,37.1,20070,21310,20070,21310,20690,20070,21280,590,2.85,20860,170,0.82,570,2859142,59642078610,183,0,190,0,2859142,0,2859142,0,1,15,21270,21270,238,1,1,50000,21130,21280,8623,2,1,1001,20880,21300,84444,8,1,5400,20860,21310,542069,34,2,66419,20850,0,0,0
12:29:35,خمهر,مهرکام‌پارس,IRO1MHKM0001,17330546482145553,خودرو و ساخت قطعات,34,6627718566,1,13686238838790,-13.0,-158.8,1991,2113,1991,2113,2052,2003,2113,61,2.97,2065,13,0.63,570,33032438,68223681992,123,0,114,2,33032438,0,25562845,7469593,2,49498,2085,2113,1106343,8,5,1923000,2080,0,0,0,1,6232,2078,0,0,0,2,11991,2077,0,0,0,2,124034,2072,0,0,0
12:29:51,فولاژ,فولاد آلیاژی ایران,IRO1FAIR0001,40808043719554948,فلزات اساسی,27,58000000000,1,209322000000000,343.0,10.5,3599,3821,3599,3675,3710,3673,3599,-111,-2.99,3609,-101,-2.72,570,17383444,62736339919,178,3,92,2,13583444,3800000,9986547,7396897,1,2110,3099,3606,92000,2,0,0,0,3610,478669,4,0,0,0,3628,20000,2,0,0,0,3630,7620,2,0,0,0,3640,100000,1
12:28:54,فصبا,صبا فولاد خلیج فارس,IRO3SBLZ0001,23557166059925779,فلزات اساسی,27,50000000000,1,125950000000000,358.0,7.0,2377,2523,2450,2523,2450,2490,2523,73,2.98,2519,69,2.82,565,23089475,58163253676,117,4,308,3,18731095,4358380,6539475,16550000,38,8743221,2523,2530,200000,1,1,4000,2522,2542,66200,5,1,4000,2520,2550,400000,1,2,22000,2514,2562,3794,2,1,4000,2502,0,0,0
12:28:53,بمولد,مولد نیروگاهی تجارت فارس,IRO3FTJZ0001,48261930411425125,عرضه برق، گاز، بخار و آب گرم,40,8471000000,1,43879780000000,672.0,7.7,4890,5190,5040,5190,5040,5040,5190,150,2.98,5180,140,2.78,561,5855615,30313198190,218,0,227,1,5855615,0,4855615,1000000,19,420762,5190,5290,29000,1,21,175335,5180,5310,958,1,3,14000,5170,5350,948,1,1,1000,5160,5420,293,1,6,164360,5150,5430,201,1
12:29:55,اعتبارسهام,صندوق س.اعتبارسهام-سهام,IRT1ETBR0001,55761294311886451,صندوق سرمایه‌گذاری قابل معامله,68,500000000,1,35925500000000,,,69493,73791,70705,72900,71642,72900,72290,648,0.9,71851,209,0.29,561,8760283,629432671675,180,4,80,1,3750183,5010100,2487793,6272490,1,1500,71905,72290,14683,1,1,1500,71900,72296,8859,1,1,2000,71890,72400,36000,1,1,700,71851,72450,55000,1,1,10000,71850,72649,30417,2
12:29:52,خموتور,موتورسازان‌تراکتورسازی‌ایران,IRO1MSTI0001,57273529732791251,خودرو و ساخت قطعات,34,14415000000,1,23698260000000,346.0,4.8,1602,1700,1602,1696,1651,1638,1682,31,1.88,1644,-7,-0.42,559,21340177,35074011797,156,3,101,2,16515768,4824409,18190177,3150000,1,222419,1682,1682,400000,1,1,35000,1681,1688,5977,1,3,25000,1649,1690,6900,2,1,10000,1648,1691,44900,2,2,20000,1644,1696,61000,1
12:29:18,میهن,بیمه میهن,IRO3MIHZ0001,26543014712914772,بیمه و صندوق بازنشستگی به جز تامین اجتماعی,66,8000000000,1,17760000000000,-25.0,-88.8,2195,2329,2195,2323,2262,2297,2195,-67,-2.96,2220,-42,-1.86,556,27931995,62010854218,174,1,91,0,26651995,1280000,27931995,0,0,0,0,2195,4183130,19,0,0,0,2228,153692,1,0,0,0,2230,134751,1,0,0,0,2240,720000,5,0,0,0,2245,190000,1
12:29:05,تاپکیش,تجارت الکترونیک پارسیان کیش,IRO3KPEZ0001,50002340308486819,رایانه و فعالیت‌های وابسته به آن,72,5166000000,1,16825662000000,144.0,22.6,3200,3396,3200,3396,3298,3280,3390,92,2.79,3257,-41,-1.24,556,35683075,116237460905,129,2,162,2,29489157,6193918,35383075,300000,1,14890,3346,3385,30000,2,5,1617647,3345,3389,149165,1,1,200000,3290,3391,150000,1,1,397953,3286,3392,12000,1,1,310000,3285,3393,1633,1
12:26:13,کفپارس,فرآورده‌های‌ نسوز پارس,IRO1NSPS0001,19471788163911687,سایر محصولات کانی غیرفلزی,54,2500000000,1,8000000000000,351.0,9.1,3082,3272,3082,3272,3177,3082,3272,95,2.99,3200,23,0.72,552,17960811,57478849693,164,0,209,0,17960811,0,17960811,0,8,890071,3272,3373,5000,1,1,20000,3261,3400,10310,1,1,15000,3260,3436,40000,1,2,26000,3245,3455,11629,1,1,34000,3243,3470,10000,1
12:24:28,تلیسه,دامداری تلیسه نمونه,IRO3TLIZ0001,41781090739318251,زراعت و خدمات وابسته,1,4993940000,1,29713943000000,1146.0,5.2,5610,5950,5950,5950,5780,5950,5950,170,2.94,5950,170,2.94,551,44835925,266773753750,240,6,62,2,43035925,1800000,1715386,43120539,1133,136839321,5950,0,0,0,3,108354,5940,0,0,0,3,600000,5810,0,0,0,4,495356,5800,0,0,0,1,10000,5790,0,0,0
12:29:49,نان,صنایع غذایی رضوی,IRO3NRVZ0001,8000351713789858,محصولات غذایی و آشامیدنی به جز قند و شکر,42,10000000000,1,51600000000000,830.0,6.2,4870,5160,5160,5160,5014,5160,5160,146,2.91,5160,146,2.91,549,15015724,77481135840,32,2,427,4,10983029,4032695,5567263,9448461,190,15867752,5160,0,0,0,1,10000,5150,0,0,0,1,3876,5140,0,0,0,2,45581,5030,0,0,0,3,4000,5020,0,0,0
12:27:10,قچار,فراوردههای غذایی وقند چهارمحال,IRO3CHRZ0001,23600798892801694,قند و شکر,38,7000000000,1,30828000000000,862.0,5.1,4159,4415,4306,4415,4287,4400,4415,128,2.99,4404,117,2.73,548,22658703,99797498591,144,1,204,3,20258703,2400000,17952703,4706000,54,4904629,4415,0,0,0,2,131587,4400,0,0,0,2,2854,4388,0,0,0,2,4000,4377,0,0,0,1,3000,4375,0,0,0
12:29:56,بانکا,صندوق س صنایع آگاه4-بخشی,IRT1AGHH0001,37120336886630649,صندوق سرمایه‌گذاری قابل معامله,68,1000000000,1,13703000000000,,,13050,13856,13287,13856,13453,13287,13856,403,3.0,13703,250,1.86,548,11560344,158416865556,112,1,154,6,10911299,649045,10133663,1426681,29,6038385,13856,14000,358,1,1,802,13737,14103,36220,4,1,1000,13736,20000,3000,1,1,1000,13678,0,0,0,1,1000,13651,0,0,0
12:29:58,بمیلا,توسعه سرمایه گذاری میلاد پارس,IRO7MILP0001,16553062355259729,تجارت عمده‌فروشی به جز وسایل نقلیه موتوری,46,1135000000,1,7649900000000,-53.0,-127.2,6540,6940,6600,6940,6740,6900,6890,150,2.23,6740,0,0.0,546,28638236,192988099360,119,1,60,2,22638236,6000000,6138236,22500000,3,70000,6850,6940,204365,6,2,127336,6840,7030,17000,1,3,30000,6830,7670,2283,2,1,10000,6820,7730,24126,1,1,10000,6800,0,0,0
12:29:55,کانسار,معدنکاران نسوز,IRO3MKNZ0001,24653108506137885,استخراج سایر معادن,14,5600000000,1,81424000000000,1106.0,13.1,14360,15240,14430,15180,14800,14700,14940,140,0.95,14540,-260,-1.76,546,1713894,24921295260,57,2,375,2,1386926,326968,669065,1044829,1,26036,14850,14950,424,2,3,1505,14800,14960,801,2,2,8666,14750,14980,100,1,1,12744,14700,14990,208,1,2,10324,14670,15000,420,2
12:29:30,بپیوند,برق و انرژی پیوندگستر پارس,IRO3PGRZ0001,64619251116188373,عرضه برق، گاز، بخار و آب گرم,40,3000000000,1,42840000000000,1580.0,9.0,13500,14320,14000,14320,13910,14000,14320,410,2.95,14280,370,2.66,544,1342638,19177680080,39,2,436,3,1011500,331138,764168,578470,15,919859,14320,0,0,0,1,523,14280,0,0,0,2,8760,14260,0,0,0,1,500,14040,0,0,0,1,10000,14000,0,0,0
12:29:55,دپارس,پارس‌ دارو,IRO1PDRO0001,70474983732269112,مواد و محصولات دارویی,43,2450000000,1,88690000000000,4640.0,7.8,34240,36340,34470,36340,35290,35450,36340,1050,2.98,36200,910,2.58,543,5688168,205915951580,154,4,147,5,2794020,2894148,3581852,2106316,42,3098787,36340,38010,2000,1,1,140,36320,38170,34084,5,1,9990,36310,38810,5588,6,1,150,36230,0,0,0,2,4200,36210,0,0,0
12:27:08,ستران,سیمان‌ تهران,IRO1STEH0001,30829203706095076,سیمان، آهک و گچ,53,16999999999,1,188359999988920,1455.0,7.6,10440,11080,11080,11080,10760,11080,11080,320,2.97,11080,320,2.97,540,22014024,243915385920,136,18,89,3,18314024,3700000,5261024,16753000,511,31428851,11080,0,0,0,6,42413,10760,0,0,0,2,13942,10730,0,0,0,1,500,10600,0,0,0,1,500,10550,0,0,0
12:28:20,پتوسعه,س. و توسعه صنایع لاستیک,IRO3SBAZ0001,6233172939132588,لاستیک و پلاستیک,25,3000000000,1,26370000000000,1355.0,6.5,8420,8940,8550,8890,8680,8550,8760,80,0.92,8790,110,1.27,539,1752231,15406665750,104,1,354,2,1582007,170224,958396,793835,1,390,8760,8800,9377,13,4,28429,8740,8810,20119,2,3,1980,8730,8820,10419,3,2,15750,8720,8830,16259,8,2,11769,8710,8840,5629,4
12:29:35,وساخت,سرمایه‌ گذاری‌ ساختمان‌ایران,IRO1SAKH0001,25514780181345713,انبوه‌سازی، املاک و مستغلات,70,30842726351,1,39756274266439,125.0,10.3,1217,1291,1259,1291,1254,1288,1291,37,2.95,1289,35,2.79,534,60541550,78021057316,99,2,153,3,49609003,10932547,38020331,22521219,42,8158166,1291,0,0,0,1,100000,1290,0,0,0,1,10000,1289,0,0,0,1,3940,1270,0,0,0,1,4000,1269,0,0,0
13:29:55,زرگر,صندوق س.کالای کارآمد,IRTKZARG0001,16817885126368964,صندوق سرمایه‌گذاری قابل معامله,68,3000000000,1,54387000000000,,,16790,20520,18020,18480,18655,18390,18140,-515,-2.76,18129,-526,-2.82,532,4981309,90307056933,147,16,86,14,2162816,2818493,1326312,3654997,1,3159,18089,18149,11019,1,3,11348,18088,18150,600,1,1,1000,18087,18154,70000,1,1,56,18086,18155,60197,3,2,100056,18083,18157,1000,2
12:29:28,خشرق,الکتریک‌ خودرو شرق,IRO1KHSH0001,63915926161403347,خودرو و ساخت قطعات,34,5377430000,1,9034082400000,56.0,30.0,1670,1772,1670,1719,1721,1674,1690,-31,-1.8,1680,-41,-2.38,523,28491237,47861818861,191,1,73,2,27127686,1363551,24815307,3675930,3,58962,1688,1688,800000,2,2,72427,1678,1704,82262,2,1,20000,1676,1719,70000,1,8,2805951,1675,1720,56275,3,2,800000,1673,1721,3050,1
12:29:03,زفارس,کشت وصنعت و دامپروری پگاه فارس,IRO3APFZ0001,9155145921347611,زراعت و خدمات وابسته,1,1438710180,1,18458651609400,2689.0,4.8,12090,12830,12830,12830,12460,12830,12830,370,2.97,12830,370,2.97,519,1939909,24889032470,13,4,482,2,1439909,500000,349909,1590000,306,21262319,12830,0,0,0,1,2000,12600,0,0,0,3,155000,12530,0,0,0,1,11937,12520,0,0,0,1,3000,12500,0,0,0
12:11:33,پاکشو,گروه صنعتی پاکشو,IRO1PASH0001,62786156501584862,محصولات شیمیایی,44,80000000000,1,501600000000000,650.0,9.6,5930,6290,5930,6290,6110,6290,6290,180,2.95,6270,160,2.62,519,26755968,167801485090,129,4,109,7,10047643,16708325,10599690,16156278,24,3662063,6290,9040,300000,3,3,40167,6270,0,0,0,1,52222,6230,0,0,0,1,8000,6220,0,0,0,2,30873,6210,0,0,0
12:30:00,تایرا,تراکتورسازی‌ایران,IRO1TRIR0001,19298748452450329,ماشین‌آلات و تجهیزات,29,55800000000,1,116733600000000,602.0,3.5,1995,2117,2013,2117,2056,2099,2117,61,2.97,2092,36,1.75,516,31458491,65803037053,134,2,106,5,29298816,2159675,19621133,11837358,2,15000,2113,2117,693999,5,1,200000,2112,2177,2400,1,1,289941,2110,0,0,0,1,10000,2090,0,0,0,1,20000,2087,0,0,0
12:28:36,خبرنا,تولیدی برنا باطری,IRO3BRNZ0001,25079426576214829,خودرو و ساخت قطعات,34,5000000000,1,32200000000000,1244.0,5.2,6170,6550,6180,6550,6360,6330,6550,190,2.99,6440,80,1.26,515,7729934,49789944280,69,3,272,2,4310622,3419312,6045522,1684412,2,249683,6550,6710,5000,1,1,17468,6490,6790,5000,1,2,1327,6410,6820,519,2,1,86000,6400,0,0,0,1,814,6350,0,0,0
12:23:32,وپاسار,بانک  پاسارگاد,IRO1BPAS0001,9536587154100457,بانک‌ها و موسسات اعتباری,57,469483639000,1,3647887875030000,813.0,9.6,7330,7770,7770,7770,7550,7770,7770,220,2.91,7770,220,2.91,510,35728725,277612193250,35,3,125,1,3403752,32324973,12750725,22978000,541,78121760,7770,0,0,0,1,2054,7760,0,0,0,1,135813,7700,0,0,0,1,20000,7660,0,0,0,4,198855,7640,0,0,0
12:29:06,سپیدار,سپیدار سیستم آسیا,IRO3SSYZ0001,29590002988360984,رایانه و فعالیت‌های وابسته به آن,72,10350000000,1,107329500000000,789.0,13.1,9790,10390,10120,10390,10090,10390,10390,300,2.97,10370,280,2.78,509,6112648,63415676600,110,1,329,2,5915467,197181,5525200,587448,46,1584119,10390,0,0,0,1,1705,10260,0,0,0,1,500,10230,0,0,0,2,3100,10220,0,0,0,1,4449,10190,0,0,0
12:28:15,غفارس,شیر پاستوریزه پگاه فارس,IRO3GFRZ0001,16410724132711490,محصولات غذایی و آشامیدنی به جز قند و شکر,42,1704275773,1,15764550900250,1288.0,7.2,8830,9370,8930,9370,9100,8930,9370,270,2.97,9250,150,1.65,503,7784859,71976038770,109,4,189,1,4861828,2923031,7309859,475000,12,1416594,9370,9400,1,1,7,1243049,9340,0,0,0,2,73131,9250,0,0,0,1,20000,9200,0,0,0,1,550,9150,0,0,0
12:29:08,سپاها,سیمان‌سپاهان,IRO1SSEP0001,35669480110084448,سیمان، آهک و گچ,53,6750000000,1,92137500000000,2431.0,5.6,12870,13650,13650,13650,13260,13650,13650,390,2.94,13650,390,2.94,501,18329135,250192692750,106,16,130,3,11732970,6596165,1243951,17085184,426,26195354,13650,0,0,0,1,1350,13600,0,0,0,2,4191,13500,0,0,0,2,950,13300,0,0,0,8,117280,13260,0,0,0
12:29:48,نبات,صندوق س. بخشی صنایع دانایان1-ب,IRT3NBTF0001,7854238750997270,صندوق سرمایه‌گذاری قابل معامله,68,400000000,1,5202800000000,,,12617,13397,12617,13180,13007,12618,13011,4,0.03,13007,0,0.0,493,9726526,126510670069,99,2,99,5,9547270,179256,5054988,4671538,1,1000,12962,12962,22156,1,1,392,12950,13055,72629,1,1,773,12900,13057,50000,1,1,2000,12880,13074,4806,1,1,400,12816,13076,100000,1
12:29:50,ثپردیس,سرمایه گذاری مسکن پردیس,IRO3MPRZ0001,53999651992586159,انبوه‌سازی، املاک و مستغلات,70,4500000000,1,12487500000000,163.0,17.0,2745,2913,2745,2879,2829,2790,2824,-5,-0.18,2775,-54,-1.91,489,16217037,45010068069,144,2,140,0,10954609,5262428,16217037,0,2,264000,2810,2825,30758,3,4,133546,2790,2826,144640,1,1,3848,2785,2828,5000,1,3,461000,2772,2831,71000,1,2,12858,2770,2833,34641,2
12:19:18,متال,صندوق س صنایع دایا1-بخشی,IRT1METF0001,70515583859928047,صندوق سرمایه‌گذاری قابل معامله,68,1000000000,1,22367000000000,,,21299,22615,21956,22611,21957,21957,22567,610,2.78,22367,410,1.87,489,3718226,83165340798,58,1,37,3,2015212,1703014,2591395,1126831,1,3000,22451,22538,138688,2,1,120000,22450,22568,111443,1,1,145888,22400,22569,100000,1,1,148777,22350,22599,23038,1,2,145445,22300,22600,1011,1
12:23:44,سبزوا,سیمان لار سبزوار,IRO3SBZZ0001,611986653700161,سیمان، آهک و گچ,53,3757797579,1,30062380632000,615.0,13.0,7560,8020,7900,8020,7790,8000,8020,230,2.95,8000,210,2.7,487,8389120,67091713850,134,2,234,1,8055191,333929,6891160,1497960,132,3020895,8020,0,0,0,4,236320,8010,0,0,0,5,46861,7990,0,0,0,1,94234,7980,0,0,0,1,1843,7970,0,0,0
12:29:41,فتوسا,تولید و توسعه سرب روی ایرانیان,IRO3ILZZ0001,55373808401388162,فلزات اساسی,27,2700000000,1,7792200000000,297.0,9.7,2856,3032,2856,3000,2944,2856,2950,6,0.2,2886,-58,-1.97,486,14631141,42220196199,103,1,238,1,13160429,1470712,13861141,770000,2,373527,2950,2984,142,1,1,86000,2940,2985,2554,1,2,5000,2931,2987,142,1,1,9858,2930,2989,142,1,1,6000,2912,2991,101334,2
12:24:21,کفرا,فراورده‌ های‌ نسوزایران,IRO1NASI0001,23837844039713715,سایر محصولات کانی غیرفلزی,54,19717255500,1,29260407162000,-143.0,-10.4,1412,1498,1415,1498,1455,1490,1498,43,2.96,1484,29,1.99,482,45510794,67540729510,116,2,133,3,44902443,608351,28041292,17469502,105,35352206,1498,1620,24227,3,2,20000,1486,0,0,0,1,40000,1482,0,0,0,1,50000,1440,0,0,0,1,400000,1436,0,0,0
12:29:56,وکار,بانک‌ کارآفرین,IRO1KRAF0001,47996917271187218,بانک‌ها و موسسات اعتباری,57,94648643000,1,256213876601000,494.0,5.5,2659,2823,2659,2800,2741,2670,2732,-9,-0.33,2707,-34,-1.24,481,21759506,58893071713,120,2,180,2,16994061,4765445,21279506,480000,1,40279,2732,2743,78081,1,2,12298,2730,2754,14922,1,1,2000,2711,2759,26058,1,1,10000,2710,2770,110000,1,1,5000,2706,2789,111111,1
12:25:15,ختراک,ریخته‌گری‌ تراکتورسازی‌ ایران,IRO1RTIR0001,22903901709044823,خودرو و ساخت قطعات,34,15430000000,1,22080330000000,303.0,4.7,1369,1453,1369,1453,1411,1391,1453,42,2.98,1431,20,1.42,480,36334080,51982569305,133,3,113,6,32607483,3726597,21382767,14951313,18,3826358,1453,1489,898,1,1,3526,1441,1493,40737,1,1,3528,1440,1499,3400,1,1,4224,1413,0,0,0,2,41000,1408,0,0,0
12:29:50,امین,تامین سرمایه امین,IRO1TSAN0001,58873907630765023,فعالیت‌های کمکی به نهادهای مالی واسط,67,32000000000,1,66304000000000,384.0,5.4,1957,2077,2037,2077,2017,2039,2077,60,2.97,2072,55,2.73,480,2352026,4873851333,52,1,386,1,2258729,93297,2152026,200000,10,878519,2077,2090,5000,1,1,2903,2076,2105,34978,2,2,397301,2075,2153,2652,2,1,3749,2061,2177,3000,1,2,13145,2060,2180,429708,9
12:28:29,واحیا,م .صنایع و معادن احیاء سپاهان,IRO7VHYP0001,17284166795866794,سرمایه‌گذاری‌ها,56,16000000000,1,152320000000000,1728.0,5.5,9160,9720,9160,9720,9440,9210,9720,280,2.97,9520,80,0.85,478,24888095,236949201970,51,6,124,3,10656932,14231163,20737615,4150480,26,4444748,9720,9720,10000,1,2,15600,9520,0,0,0,1,4607,9490,0,0,0,1,5667,9400,0,0,0,1,200000,9390,0,0,0
12:29:23,داریوش,صندوق س. ثروت داریوش -س,IRT3SVDF0001,58789178087946067,صندوق سرمایه‌گذاری قابل معامله,68,500000000,1,15216500000000,,,29325,31137,30100,31120,30231,31120,30758,527,1.74,30433,202,0.67,478,4463600,135839559492,245,2,128,1,3719439,744161,4313600,150000,1,100,30757,30758,1602,1,1,72,30711,30759,313,1,1,9873,30707,30760,106,1,2,2730,30706,30801,664,1,3,1626,30652,30898,16366,1
13:28:32,آکورد,صندوق س. آرمان آتی کوثر-د,IRT3FKOF0001,30282299500988269,صندوق سرمایه‌گذاری قابل معامله,68,800000000,1,90558400000000,,,109666,116448,113197,113199,113057,113197,113198,141,0.12,113198,141,0.12,477,32781247,3710774783666,101,4,240,2,2071605,30709642,3237545,29543702,2,100583373,113198,113199,2179882,5,2,1000014,113197,113200,150044,2,1,1000000,113196,113201,140000,1,1,1000000,113195,113202,130000,1,1,1000000,113194,113203,120500,2
12:29:50,وحکمت,بیمه حکمت صبا,IRO7HSIP0001,12777578088653944,بیمه و صندوق بازنشستگی به جز تامین اجتماعی,66,8400000000,1,9634800000000,120.0,9.6,1083,1149,1099,1149,1116,1099,1149,33,2.96,1147,31,2.78,475,14782903,16954623759,33,2,336,1,13351784,1431119,10636585,4146318,17,7717897,1149,1177,150000,1,1,300000,1146,1212,800000,1,1,35000,1144,1215,2650,1,1,440731,1133,1217,800000,1,1,60000,1086,1218,400000,1
12:29:58,غپآذر,شیر پگاه آذربایجان شرقی,IRO3GHPZ0001,45518744711972166,محصولات غذایی و آشامیدنی به جز قند و شکر,42,1000000000,1,12850000000000,1866.0,6.9,12180,12920,12300,12920,12550,12300,12920,370,2.95,12850,300,2.39,473,4847971,62317807690,128,3,126,1,4222971,625000,4410241,437730,1,770,12920,13090,2000,1,1,68297,12860,13140,1600,1,2,24000,12740,13270,2000,1,1,413,12700,13310,10000,1,1,395,12690,0,0,0
12:29:48,ولنوین,لیزینگ اقتصاد نوین,IRO1VALE0001,5968811612822747,سایر واسطه‌گری‌های مالی,58,12000000000,1,24852000000000,304.0,6.8,2071,2199,2071,2080,2135,2071,2071,-64,-3.0,2071,-64,-3.0,468,11519143,23859382960,104,1,301,0,5019143,6500000,11519143,0,0,0,0,2071,4830258,163,0,0,0,2072,404878,8,0,0,0,2074,3177,8,0,0,0,2075,10948,5,0,0,0,2077,2055,5
12:24:28,انتخاب,گروه انتخاب الکترونیک آرمان,IRO3EELZ0001,10236455588057352,ماشین‌آلات و تجهیزات,29,153340603000,1,165914532446000,217.0,5.0,1023,1085,1061,1085,1054,1075,1085,31,2.94,1082,28,2.66,466,38378988,41512790472,71,3,84,3,31401059,6977929,20808934,17570054,37,23595458,1085,0,0,0,1,800000,1079,0,0,0,4,3000000,1078,0,0,0,1,6000,1075,0,0,0,2,925423,1070,0,0,0
12:27:37,ختور,رادیاتور ایران,IRO1RADI0001,50185721305191887,خودرو و ساخت قطعات,34,7350000000,1,13053600000000,351.0,5.1,1676,1778,1693,1778,1727,1725,1778,51,2.95,1776,49,2.84,465,40576511,72059054554,130,2,99,3,36414904,4161607,15437266,25139245,3,93000,1778,1780,3311,1,1,100000,1741,1832,70000,1,1,3445,1735,1860,2658,1,2,71095,1730,1866,1000,1,1,10000,1728,1867,100000,1
12:26:29,کنور,توسعه معدنی و صنعتی صبانور,IRO1KNRZ0001,20411759370751096,استخراج کانه‌های فلزی,13,69300000000,1,252529200000000,672.0,5.4,3504,3720,3504,3720,3612,3717,3718,106,2.93,3644,32,0.89,462,23952002,87288101789,126,4,146,1,12378761,11573241,19952002,4000000,5,45867,3690,3720,6764903,26,1,300000,3680,0,0,0,1,150000,3675,0,0,0,1,10000,3662,0,0,0,2,404943,3660,0,0,0
12:29:44,فنوال,نورد آلومینیوم,IRO1NALM0001,57875847776839336,فلزات اساسی,27,11447107000,1,82533641470000,1086.0,6.6,6790,7210,7150,7210,7000,7210,7210,210,3.0,7210,210,3.0,462,23222853,167422658530,114,2,95,5,5591796,17631057,6577144,16645709,56,2465186,7210,0,0,0,1,9930,7200,0,0,0,2,88888,7190,0,0,0,2,11000,7170,0,0,0,2,22000,7160,0,0,0
13:31:18,ثبات,صندوق س. ثبات ویستا -د,IRT3SOVF0001,26780282166315918,صندوق سرمایه‌گذاری قابل معامله,68,7000000000,1,238630000000000,,,33030,35072,34088,34092,34051,34088,34090,39,0.11,34090,39,0.11,455,32806347,1118360700793,94,8,205,11,6004355,26790273,17360147,15434481,3,897963,34089,34090,1307319,2,25,510417009,34088,34091,44874,2,1,10000000,34087,34092,575682,9,1,14000000,34086,34093,500000,1,1,18000000,34085,34094,500000,1
12:21:09,وسبحان,سرمایه گذاری سبحان,IRO3SOBZ0001,43283802997035462,سرمایه‌گذاری‌ها,56,16000000000,1,26800000000000,736.0,2.3,1584,1680,1617,1680,1632,1675,1680,48,2.94,1675,43,2.63,454,42632206,71423462904,152,3,107,5,35092957,7539249,26947426,15684780,5,165000,1680,1697,100000,1,1,672996,1679,1707,10000,1,2,83000,1678,1712,10000,1,3,31000,1677,1717,6003,2,2,17746,1676,1734,10000,1
12:29:57,سدبیر,س. تدبیرگران فارس وخوزستان,IRO3DBRZ0001,64341992373049080,سرمایه‌گذاری‌ها,56,250000000,1,6775000000000,-563.0,-48.1,25950,27550,25950,27550,26750,27350,27550,800,2.99,27100,350,1.31,444,1947777,52776481450,144,0,175,1,1947777,0,1937777,10000,17,193469,27550,27750,2500,1,1,727,27400,0,0,0,1,276,27300,0,0,0,1,220,27100,0,0,0,1,21167,26750,0,0,0
12:29:57,غدشت,دشت‌ مرغاب,IRO1DMOR0001,2434703913394836,محصولات غذایی و آشامیدنی به جز قند و شکر,42,4820000000,1,13317660000000,357.0,7.7,2607,2767,2693,2767,2687,2726,2767,80,2.98,2763,76,2.83,443,33268531,91915703830,152,0,102,3,33268531,0,9268531,24000000,24,1088413,2767,2799,139127,2,1,2000,2740,2800,5753,1,1,100000,2730,2839,450000,2,1,10000,2729,2840,50000,1,1,110767,2726,3700,1200000,3
12:29:02,شلعاب,لعابیران,IRO1LEAB0001,39116664428676213,محصولات شیمیایی,44,7857486000,1,7315319466000,57.0,16.3,887,941,892,941,914,937,941,27,2.95,931,17,1.86,441,33266237,30983708194,105,0,167,1,33266237,0,25154237,8112000,19,3937753,941,947,10000,1,2,173613,940,957,10000,1,1,109696,939,962,41197,3,1,149323,938,0,0,0,1,200000,936,0,0,0
12:26:27,آواک,صنایع ارتباطی آوا,IRO5AVKS0001,65663173216130783,اطلاعات و ارتباطات,73,2900000000,1,6655500000000,371.0,6.2,2276,2416,2276,2390,2346,2390,2299,-47,-2.0,2295,-51,-2.17,440,16069393,36875690359,115,3,196,1,14616426,1452967,15855710,213683,1,2566,2299,2360,98,1,1,11463,2285,2363,293,3,1,20000,2284,2364,26967,2,1,8736,2281,2365,4500,1,3,505535,2280,2370,5196,3
12:25:34,فالوم,آلومتک,IRO3ALTP0001,71571639927013317,فلزات اساسی,27,2500000000,1,14875000000000,-127.0,-46.9,5940,6300,5940,6030,6120,5940,5960,-160,-2.61,5950,-170,-2.78,439,5726814,34053197960,172,0,104,0,5726814,0,5726814,0,1,16745,5950,5980,10341,2,2,7752,5940,5990,36130,3,0,0,0,6000,117800,4,0,0,0,6010,5000,1,0,0,0,6020,37850,3
13:29:37,نگین فارس,صندوق س.طلا زردیس خلیج فارس,IRTKNGIN0001,53514992320442853,صندوق سرمایه‌گذاری قابل معامله,68,1000000000,1,13802000000000,,,12747,15579,13600,13990,14163,13990,13799,-364,-2.57,13802,-361,-2.55,438,11799898,162864260989,95,13,66,13,1134132,10665766,1461203,10338695,4,1912,13765,13798,14494,1,1,400,13763,13799,38327,1,1,100,13760,13800,53038,1,4,3363,13750,13888,71,1,1,1000,13740,13900,130000,2
12:28:19,آریان,سرمایه گذاری پارس آریان,IRO3PAIP0001,31987503418964901,سرمایه‌گذاری‌ها,56,150000000000,1,664500000000000,319.0,13.9,4414,4686,4414,4549,4550,4414,4549,-1,-0.02,4430,-120,-2.64,437,24277152,107536540172,126,3,103,3,11096270,13180882,23245684,1031468,1,4134,4417,4548,1552181,4,1,200000,4416,4550,2800000,7,1,23692,4415,4624,1500,1,4,863110,4414,4630,20000,1,1,30000,4281,4646,15000,1
12:29:31,کایزد,فرانسوز یزد,IRO3YAFZ0001,58810336532668771,سایر محصولات کانی غیرفلزی,54,1880000000,1,7542560000000,537.0,7.5,4007,4253,4007,4100,4130,4007,4007,-123,-2.98,4012,-118,-2.86,436,11083902,44472746859,172,0,79,0,11083902,0,11083902,0,1,1518,3882,4007,100000,1,0,0,0,4030,1500,1,0,0,0,4031,100000,1,0,0,0,4032,25339,1,0,0,0,4040,101645,2
12:59:58,وبصادر3,بانک صادرات ایران,IRO1BSDR0003,33121247877198378,بانک‌ها و موسسات اعتباری,57,782353972000,1,464718259368000,66.0,9.0,594,594,594,594,591,594,594,3,0.51,594,3,0.51,434,75891056,45079287264,58,0,7,1,75891056,0,7891056,68000000,14,5372858,594,0,0,0,0,0,0,0,0,0,0,0,0,0,0,0,0,0,0,0,0,0,0,0,0,0,0,0
12:29:48,سآبیک,سیمان آبیک,IRO1ABIK0001,70883594945615893,سیمان، آهک و گچ,53,2959301084,1,174302833847600,9860.0,6.0,55480,58900,58900,58900,57190,58900,58900,1710,2.99,58900,1710,2.99,427,12783000,752918700000,115,21,126,2,10500721,2282279,305000,12478000,730,40030634,58900,61000,200,1,1,689,57800,62710,493,3,1,5000,57730,0,0,0,10,40099,57190,0,0,0,2,50425,57100,0,0,0
12:29:02,تکاردان,تامین سرمایه کاردان,IRO1KRDN0001,52932092555708556,فعالیت‌های کمکی به نهادهای مالی واسط,67,50000000000,1,95100000000000,503.0,3.8,1882,1998,1882,1948,1940,1948,1895,-45,-2.32,1902,-38,-1.96,423,8493226,16151297668,60,2,257,0,2792148,5701078,8493226,0,1,2700,1892,1910,1674,1,2,313231,1890,1922,48156,2,1,10000,1885,1923,100540,13,5,355188,1882,1924,100383,3,1,4009,1423,1925,9212,4
13:30:45,فردا,صندوق س آوای فردای زاگرس-ثابت,IRT1FRDA0001,65249046611427924,صندوق سرمایه‌گذاری قابل معامله,68,4800000000,1,185256000000000,,,37396,39708,38595,38596,38552,38595,38595,43,0.11,38595,43,0.11,423,65343000,2521924064520,84,9,180,19,12554586,49302476,9524980,52332082,1,296467156,38595,38596,19398188,10,1,1000000,38594,38597,1000000,1,1,1000000,38593,38598,1000000,1,1,1000000,38592,38599,1000500,2,1,1000000,38591,39708,2016,1
12:29:06,پردیس,سرمایه گذاری پردیس,IRO1AYEG0001,15039949673085566,سرمایه‌گذاری‌ها,56,10000000000,1,16940000000000,514.0,3.3,1658,1760,1658,1740,1709,1681,1720,11,0.64,1694,-15,-0.88,419,17545919,29717941065,120,5,93,0,16922996,622923,17545919,0,2,265649,1700,1720,54959,2,1,5000,1699,1728,3000,1,1,2983,1697,1730,94916,2,1,3254,1696,1735,10000,1,1,10000,1695,1737,100000,1
12:29:48,شپاکسا,پاکسان,IRO1PAKS0001,11622051128546106,محصولات شیمیایی,44,17800000000,1,34087000000000,383.0,5.0,1843,1957,1853,1955,1900,1879,1935,35,1.84,1915,15,0.79,416,24144190,46246147204,130,1,119,1,23933987,210203,20937790,3206400,3,27319,1934,1935,51780,2,4,286827,1932,1936,793600,2,1,2598,1926,1937,25000,2,2,147600,1925,1939,23290,3,1,2604,1922,1940,10000,1
12:08:54,شکلر,نیروکلر,IRO1NKOL0001,62177651435283872,محصولات شیمیایی,44,4000000000,1,66600000000000,2360.0,7.1,15690,16650,16500,16650,16170,16650,16650,480,2.97,16650,480,2.97,416,5443028,90606928350,205,0,75,5,5443028,0,2879118,2563910,31,678935,16650,28950,50050,1,2,10350,16640,0,0,0,3,13400,16630,0,0,0,2,1898,16620,0,0,0,3,20350,16600,0,0,0
12:29:31,سیستم,همکاران سیستم,IRO1SYSM0001,47749661205825616,رایانه و فعالیت‌های وابسته به آن,72,10000000000,1,379300000000000,3306.0,11.5,36070,38290,36700,38290,37180,37900,38130,950,2.56,37930,750,2.02,415,2052015,77825728820,137,2,119,1,1742018,309997,2006347,45668,2,94003,38000,38130,10630,1,1,9,37950,38150,25130,1,2,32303,37530,38170,1803,1,8,600756,37520,38200,6700,2,3,600,37510,38230,295,2
12:51:44,صنم,ص.س.صندوق در صندوق صنم,IRT3FF010001,47125023640770480,صندوق سرمایه‌گذاری قابل معامله,68,500000000,1,16055500000000,,,30614,32506,31370,32506,31560,31999,32506,946,3.0,32111,551,1.75,413,7388231,237243508710,129,5,68,4,5333916,2054315,4097701,3290530,34,4080306,32506,0,0,0,1,20442,32362,0,0,0,1,10000,32361,0,0,0,1,10000,32360,0,0,0,1,3595,32359,0,0,0
12:29:53,حآساح,ح.آسیا سیر ارس,IRR3ASAZ0101,50426013665901691,حمل و نقل، انبارداری و ارتباطات,60,690000000,1,1220610000000,0.0,0.0,1769,1877,1769,1780,1823,1769,1770,-53,-2.91,1769,-54,-2.96,413,6860227,12137603228,45,0,299,1,6860227,0,6688564,171663,1,51384,1769,1800,32404,2,0,0,0,1812,41309,1,0,0,0,1828,492,1,0,0,0,1829,1700,1,0,0,0,1830,157020,4
12:29:52,فروژ,صنایع فروآلیاژ ایران,IRO3IFIZ0001,69817338460284329,فلزات اساسی,27,19800000000,1,19206000000000,-47.0,-20.6,957,1015,957,997,986,958,988,2,0.2,970,-16,-1.62,412,27690677,26853257624,171,2,123,2,26342489,1348188,9467049,18223628,2,21455,985,989,246215,1,3,57438,983,990,2250,1,1,101567,981,991,511392,2,1,60000,973,992,224624,1,1,553671,971,993,58560,1
12:29:06,فطلوع,طلوع فولاد پارس,IRO7TFPA0001,25010489461183396,فلزات اساسی,27,26000000000,1,70694000000000,36.0,75.5,2603,2763,2603,2763,2683,2603,2763,80,2.98,2719,36,1.34,410,36443255,99103743549,69,1,141,2,36043255,400000,27073575,9369680,3,194684,2763,2900,35647,2,1,83000,2722,2930,4000,2,1,100000,2707,2931,18400,2,1,100000,2704,2938,2379,2,1,19031,2670,0,0,0
12:29:24,وکبهمن,مدیریت سرمایه گذاری کوثربهمن,IRO3KBIZ0001,64973252728260903,سرمایه‌گذاری‌ها,56,20000000000,1,47160000000000,582.0,4.1,2301,2443,2303,2420,2372,2303,2391,19,0.8,2358,-14,-0.59,409,1273513,3002444470,38,5,332,0,903925,369588,1273513,0,1,130348,2391,2409,2440,6,1,7000,2390,2418,448,1,1,3726,2387,2419,2247,3,2,137277,2380,2420,801832,7,1,86245,2373,2422,725117,5
12:29:51,کساپا,سایپاشیشه,IRO1SISH0001,28325731560106431,سایر محصولات کانی غیرفلزی,54,3550000000,1,10174300000000,62.0,46.2,2814,2988,2814,2976,2901,2898,2975,74,2.55,2866,-35,-1.21,403,8278633,23723733410,150,0,124,0,8278633,0,8278633,0,1,42625,2969,2975,61074,2,2,177803,2960,2977,2000,1,1,3000,2945,2979,2000,1,1,2000,2925,2980,41996,4,1,197185,2856,2983,47118,2
12:28:18,گوهران,سرمایه گذاری توسعه گوهران امید,IRO3GOMZ0001,65018804181564924,سرمایه‌گذاری‌ها,56,20000000000,1,74860000000000,617.0,6.1,3684,3910,3684,3890,3797,3889,3769,-28,-0.74,3743,-54,-1.42,402,7191644,26921694577,66,1,73,1,3639915,3551729,2681016,4510628,2,3494,3695,3769,400000,1,1,3000,3694,3780,3220,1,1,3000,3693,3798,10000,1,1,3000,3692,3799,16000,1,1,22000,3690,3800,357412,2
12:29:47,پیزد,مجتمع صنایع لاستیک یزد,IRO3YZTZ0001,32784604551756178,لاستیک و پلاستیک,25,9395000000,1,39562345000000,599.0,7.0,4130,4384,4150,4280,4257,4150,4280,23,0.54,4211,-46,-1.08,399,2808431,11824910622,105,1,225,1,2568412,240019,2735677,72754,1,1200,4255,4298,120239,2,1,61,4235,4300,150000,1,1,9981,4211,4310,10000,1,1,29761,4210,4320,85621,2,1,21228,4185,4338,6200,2
12:23:48,انرژی,بورس انرژی ایران,IRO1BENC0001,49641108336531623,فعالیت‌های کمکی به نهادهای مالی واسط,67,4050000000,1,52245000000000,423.0,30.5,12160,12900,12900,12900,12530,12900,12900,370,2.95,12900,370,2.95,399,11878224,153229089600,56,5,139,3,6075732,5802492,1955772,9922452,279,16085989,12900,0,0,0,3,88100,12800,0,0,0,1,5000,12700,0,0,0,1,25000,12550,0,0,0,6,117419,12530,0,0,0
12:29:46,وکغدیر,بین المللی توسعه ص. معادن غدیر,IRO1TMGD0001,40553302624764543,شرکت‌های چند رشته‌ای صنعتی,39,100000000000,1,320000000000000,193.0,16.6,3169,3365,3171,3250,3267,3250,3193,-74,-2.27,3200,-67,-2.05,398,5343591,17097578252,70,3,183,4,3389246,1954345,4239809,1103782,1,8420,3193,3194,1286,2,2,94920,3191,3217,13922,4,1,50000,3187,3218,10000,1,1,34846,3183,3229,40925,3,3,14918,3180,3230,5074,1
12:27:32,وملی,گروه‌ صنعتی‌ ملی‌ (هلدینگ,IRO1GMEL0001,41796741644273824,دباغی، پرداخت چرم و ساخت انواع پاپوش,19,247360140,1,50924032021800,4193.0,49.1,204110,216730,204110,212990,210420,210000,206700,-3720,-1.77,205870,-4550,-2.16,395,214268,44111967810,177,2,140,1,170853,43415,213268,1000,3,2570,206020,208000,1155,2,1,1000,205750,208880,20,1,1,1700,205700,208970,447,1,1,250,205540,208990,16054,3,1,330,205500,209060,110,1
12:26:53,سدور,سیمان‌ دورود,IRO1SDOR0001,27218386411183410,سیمان، آهک و گچ,53,641697305,1,10620090397750,-1083.0,-15.3,15620,16580,16220,16580,16100,16570,16580,480,2.98,16550,450,2.8,393,4377130,72427513830,175,1,104,2,4255942,121188,3523730,853400,6,95289,16580,0,0,0,3,11330,16570,0,0,0,2,1030,16550,0,0,0,2,3825,16540,0,0,0,2,2365,16510,0,0,0
13:30:41,کامیاب,صندوق س. کامیاب آشنا-د,IRT3KAAF0001,16040900750729921,صندوق سرمایه‌گذاری قابل معامله,68,2530000000,1,89336830000000,,,34208,36322,35311,35312,35265,35311,35312,47,0.13,35311,46,0.13,390,30452120,1075301702662,95,4,175,4,4806984,25645136,17701783,12750337,6,201146752,35311,35312,14276498,1,1,500000,35310,35313,100000,1,1,500000,35309,35314,100000,1,1,500000,35307,35315,100000,1,1,500000,35306,35316,100000,1
12:29:44,زپارس,ملی کشت و صنعت و دامپروری پارس,IRO1ZPRS0001,33420285433308219,زراعت و خدمات وابسته,1,1395340000,1,37688133400000,956.0,28.3,25610,27190,25800,27190,26400,27180,27190,790,2.99,27010,610,2.31,389,2589679,69936805860,130,0,134,3,2589679,0,2460879,128800,1,7215,26850,27650,1840,1,1,2748,26780,27940,199499,4,2,8726,26740,0,0,0,2,116243,26730,0,0,0,1,2000,26700,0,0,0
12:29:55,پارسیان,بیمه پارسیان,IRO1IPAR0001,9481703061634967,بیمه و صندوق بازنشستگی به جز تامین اجتماعی,66,50000000000,1,64150000000000,844.0,1.5,1244,1320,1255,1304,1282,1256,1284,2,0.16,1283,1,0.08,387,26553683,34067603340,64,3,102,1,14365302,12188381,26236353,317330,6,52709,1284,1304,400000,1,1,8000,1283,1305,450000,2,3,97228,1282,1306,800000,2,2,396923,1281,1308,400000,1,1,5000,1280,1309,425560,2
13:23:51,خوشه,ص.س.صندوق در صندوق خوشه گندم,IRT3FF020001,55376739611383226,صندوق سرمایه‌گذاری قابل معامله,68,750000000,1,18603750000000,,,24037,25523,24700,25000,24780,24700,24836,56,0.23,24805,25,0.1,381,3107549,77082487515,117,2,102,2,1677864,1429685,2321533,786016,2,5069,24766,24835,100,1,2,9500,24765,24836,1585,1,2,200055,24764,24839,16221,3,2,62749,24763,24840,200000,1,1,410,24762,24844,20579,2
12:27:01,زماهان,مجتمع تولید گوشت مرغ ماهان,IRO3MACZ0001,4507558419857064,زراعت و خدمات وابسته,1,1130000000,1,12102300000000,-1847.0,-5.8,10090,10710,10450,10710,10400,10710,10710,310,2.98,10710,310,2.98,380,6182656,66187697090,123,1,152,2,5982656,200000,4342156,1840500,51,1879198,10710,0,0,0,2,5255,10700,0,0,0,2,680,10680,0,0,0,1,500,10670,0,0,0,3,207000,10650,0,0,0
12:29:55,ولشرق,لیزینگ ایران و شرق,IRO3ISLZ0001,31078457170311964,سایر واسطه‌گری‌های مالی,58,2000000000,1,6930000000000,332.0,10.4,3417,3627,3417,3597,3522,3420,3500,-22,-0.62,3465,-57,-1.62,380,10510581,36419700240,99,2,103,1,10143769,366812,10246120,264461,5,1527885,3500,3513,100000,1,1,1500,3451,3514,4000,1,2,18900,3450,3536,1544,1,1,757,3445,3542,1522,1,1,1454,3440,3579,1,1
12:29:11,مدیریت,س. و خدمات مدیریت صند. ب کشوری,IRO3ISMZ0001,12490072956930435,سرمایه‌گذاری‌ها,56,3750000000,1,12225000000000,1217.0,2.7,3100,3290,3108,3290,3195,3108,3270,75,2.35,3260,65,2.03,379,3052645,9952562335,64,1,231,2,2952645,100000,2596955,455690,1,23619,3270,3280,748,4,1,5000,3269,3290,31305,12,3,8550,3266,3350,187,1,2,9000,3263,3489,203531,2,2,15000,3262,3520,2000,1
12:59:59,شبندر3,پالایش نفت بندرعباس,IRO1PNBA0003,39549984459336635,فراورده‌های نفتی، کک و سوخت هسته‌ای,23,409742862100,1,3769634331320000,1572.0,5.9,9200,9200,9200,9200,8940,9200,9200,260,2.91,9200,260,2.91,378,37237786,342587631200,39,5,4,1,31680404,5557382,37786,37200000,3322,310562802,9200,0,0,0,0,0,0,0,0,0,0,0,0,0,0,0,0,0,0,0,0,0,0,0,0,0,0,0
12:29:02,خبنیان,بنیان دیزل,IRO7BDZP0001,37089148943784077,خودرو و ساخت قطعات,34,9851997000,1,14127763698000,-3.0,-478.0,1356,1438,1399,1438,1397,1399,1438,41,2.93,1434,37,2.65,377,35890938,51452949878,116,0,108,1,35890938,0,30890938,5000000,2,50796,1438,1470,5000,1,1,50000,1436,1472,150000,1,1,100000,1430,1473,5000,1,1,100000,1428,1480,5000,1,1,35050,1427,1482,1600000,2
12:27:19,سغرب,سیمان‌غرب,IRO1SGRB0001,52220424531578944,سیمان، آهک و گچ,53,5650000000,1,47686000000000,1082.0,7.8,7970,8450,8300,8450,8210,8450,8450,240,2.92,8440,230,2.8,375,9089170,76743543140,180,0,101,2,9089170,0,4615170,4474000,172,4037489,8450,12520,2236,1,1,10000,8440,0,0,0,3,213358,8400,0,0,0,4,34000,8350,0,0,0,2,96000,8340,0,0,0
12:27:35,تنوین,تامین سرمایه نوین,IRO1TNOV0001,25357135030606405,فعالیت‌های کمکی به نهادهای مالی واسط,67,38500000000,1,61715500000000,500.0,3.2,1602,1700,1602,1649,1651,1604,1602,-49,-2.97,1603,-48,-2.91,374,27406843,43939918031,111,4,66,2,16318843,11088000,22918775,4488068,0,0,0,1602,1408229,10,0,0,0,1605,3000,1,0,0,0,1639,219990,2,0,0,0,1641,400000,1,0,0,0,1643,3071,1
13:29:36,نفیس,صندوق س.پشتوانه طلای صبا,IRTKNAFS0001,4626686276232042,صندوق سرمایه‌گذاری قابل معامله,68,1200000000,1,125552400000000,,,96699,118187,104000,106123,107443,106123,104443,-3000,-2.79,104627,-2816,-2.62,372,290545,30398889402,177,11,70,15,262310,28235,268485,22060,1,96,104442,104443,1914,1,2,110,104362,104444,751,1,4,312,104361,104498,225,1,3,4218,104360,104550,29680,1,3,761,104359,104583,1083,1
12:29:08,کرازیح,ح . ‌تولیدی‌شیشه‌رازی,IRR1TSRZ0101,41733197666474598,سایر محصولات کانی غیرفلزی,54,6350000000,1,1104900000000,0.0,0.0,164,174,171,174,169,173,174,5,2.96,174,5,2.96,371,31713194,5509509211,21,0,220,1,31713194,0,31536434,176760,33,8547321,174,243,7426,1,2,130296,171,0,0,0,2,800000,170,0,0,0,3,400000,166,0,0,0,3,195381,165,0,0,0
12:27:27,فروی,ذوب روی اصفهان,IRO3IZSZ0001,29974853866926823,فلزات اساسی,27,4500000000,1,10962000000000,350.0,7.0,2328,2470,2337,2470,2399,2401,2470,71,2.96,2436,37,1.54,369,10999875,26794721575,87,0,157,1,10999875,0,10199875,800000,40,3216647,2470,2477,3000,1,1,211017,2440,2539,21267,3,1,425,2437,0,0,0,1,3900,2425,0,0,0,1,15000,2423,0,0,0
12:29:02,حتوکا,حمل‌ونقل‌توکا,IRO1HTOK0001,22260326095996531,حمل و نقل، انبارداری و ارتباطات,60,5935000000,1,11104385000000,360.0,5.2,1825,1937,1855,1912,1881,1910,1870,-11,-0.58,1871,-10,-0.53,368,11670948,21832003996,98,1,60,2,11482890,188058,8830924,2840024,3,22951,1856,1870,363138,5,3,21001,1855,1878,50000,1,1,5000,1850,1879,400000,1,1,188058,1848,1881,49356,3,1,16244,1840,1882,11756,1
12:28:40,کتوسعه,توسعه صنایع و معادن کوثر,IRO3KOMZ0001,23374429962331387,استخراج سایر معادن,14,1070000000,1,15622000000000,1582.0,9.2,14220,15080,14230,14710,14650,14650,14630,-20,-0.14,14600,-50,-0.34,368,641386,9361134510,50,1,300,1,610036,31350,620081,21305,3,2787,14620,14650,398,9,5,8150,14600,14660,552,5,1,6868,14580,14680,89,2,2,10636,14570,14690,327,5,2,51305,14420,14700,19935,8
12:17:16,سغدیر,توسعه سرمایه و صنعت غدیر,IRO3GHIZ0001,21096748051392414,سیمان، آهک و گچ,53,6500000000,1,91780000000000,2111.0,6.7,13300,14120,14120,14120,13710,14120,14120,410,2.99,14120,410,2.99,366,17115927,241676889240,152,10,11,2,16115927,1000000,115927,17000000,662,51734493,14120,15460,330,1,1,5000,13710,16340,309,1,1,371,13670,0,0,0,1,1000,13300,0,0,0,1,70000,12940,0,0,0
11:33:18,کباده,تولید خاک نسوزاستقلال آباده,IRO7KBDP0001,55979741213594029,سایر محصولات کانی غیرفلزی,54,1117893000,1,19786706100000,3438.0,5.1,16680,17700,17560,17700,17190,17700,17700,510,2.97,17700,510,2.97,366,6356121,112501921010,188,0,70,0,6356121,0,6356121,0,59,2163810,17700,17890,2000,1,1,3000,17680,18540,42500,4,1,5638,17670,0,0,0,4,40000,17650,0,0,0,1,10000,17610,0,0,0
12:27:33,شسینا,صنایع‌شیمیایی‌سینا,IRO1SHSI0001,30974710508383145,محصولات شیمیایی,44,4800000000,1,14040000000000,526.0,5.6,2768,2938,2850,2938,2853,2935,2938,85,2.98,2925,72,2.52,362,13397358,39185787672,143,0,136,2,13397358,0,12186874,1210484,23,2139549,2938,0,0,0,2,210000,2937,0,0,0,1,17033,2932,0,0,0,2,120000,2931,0,0,0,2,15000,2925,0,0,0
12:20:16,شمواد,تولید مواداولیه الیاف مصنوعی,IRO7MFMP0001,28251956446987982,محصولات شیمیایی,44,6627272000,1,36118632400000,1383.0,3.9,5140,5450,5450,5450,5293,5450,5450,157,2.97,5450,157,2.97,357,47627114,259567771300,116,3,74,0,46627114,1000000,47627114,0,210,44886926,5450,0,0,0,2,31858,5360,0,0,0,1,20000,5210,0,0,0,1,10000,5200,0,0,0,2,76667,5160,0,0,0
12:27:32,آسیا,بیمه آسیا,IRO1ASIA0001,51106317433079213,بیمه و صندوق بازنشستگی به جز تامین اجتماعی,66,35000000000,1,89390000000000,1701.0,1.5,2407,2555,2510,2555,2481,2545,2555,74,2.98,2554,73,2.94,356,39426295,100710710845,84,2,76,5,34226295,5200000,10295135,29131160,103,16543567,2555,0,0,0,3,13994,2519,0,0,0,1,22181,2505,0,0,0,2,260000,2500,0,0,0,1,2500,2481,0,0,0
12:28:32,لخزر,پارس‌ خزر,IRO1KHAZ0001,65414507129586385,ماشین‌آلات و تجهیزات,29,6237000000,1,35426160000000,1425.0,4.0,5360,5680,5680,5680,5520,5680,5680,160,2.9,5680,160,2.9,354,22981255,130533528400,91,2,76,5,20181255,2800000,14261449,8719806,5,962522,5680,0,0,0,1,8959,5560,0,0,0,1,100000,5550,0,0,0,2,105000,5500,0,0,0,2,105000,5370,0,0,0
12:29:15,شپلی,پلی اکریل ایران,IRO7POIP0001,28845264556937486,محصولات شیمیایی,44,27947726000,55050540,94966372948000,103.0,33.0,3227,3425,3425,3425,3326,3425,3425,99,2.98,3398,72,2.16,352,39866919,136544197575,75,1,142,1,39466919,400000,38266919,1600000,195,36795503,3425,0,0,0,1,19093,3423,0,0,0,1,29357,3394,0,0,0,1,15000,3387,0,0,0,1,20000,3339,0,0,0
12:26:56,ولتاژ,صندوق س. بخشی صنایع گندم1-ب,IRT3VOLF0001,12656026382252667,صندوق سرمایه‌گذاری قابل معامله,68,400000000,1,4536800000000,,,10922,11596,11250,11499,11259,11300,11305,46,0.41,11342,83,0.74,349,10004472,113467883353,53,2,132,3,2662282,7342190,6270344,3734128,2,1060863,11304,11320,22659,1,2,1124988,11300,11360,36605,5,1,1000000,11262,11361,267396,2,6,3045896,11260,11401,4800,1,1,5760,11258,11420,17000,2
12:29:43,سلیم,سرمایه گذاری سلیم,IRO3SLIM0001,51390991364277477,سرمایه‌گذاری‌ها,56,18759000000,1,19040385000000,274.0,3.7,972,1032,979,1032,1002,979,1030,28,2.79,1015,13,1.3,346,26875053,27286974813,103,0,131,2,26875053,0,25396191,1478862,1,17159,1009,1030,200000,1,1,50000,1003,1032,502970,3,3,548194,1000,1047,119977,1,2,15018,997,1056,562681,3,3,65119,996,1067,323667,1
13:24:51,کارین,صندوق س نگین سامان-ثابت,IRT1KRIN0001,16056283141617755,صندوق سرمایه‌گذاری قابل معامله,68,21500000000,1,380851000000000,,,17162,18222,17713,17714,17692,17714,17714,22,0.12,17714,22,0.12,345,105367241,1866423673341,93,3,125,3,53919155,51448086,24067241,81300000,12,7578091,17714,17715,10315019,3,16,151918535,17713,17716,10000000,1,1,10000000,17712,17717,10000000,1,1,10000000,17711,17718,10000500,2,1,10000000,17710,17730,34000,1
12:27:17,کپرور,فرآوری زغال سنگ پروده طبس,IRO3TBSZ0001,22941065011246116,استخراج زغال سنگ,10,1710000000,1,21836700000000,2072.0,6.2,12050,12790,12500,12790,12420,12790,12790,370,2.98,12770,350,2.82,344,5652915,72212848820,79,1,93,4,5209694,443221,4629044,1023871,7,622326,12790,0,0,0,1,40000,12770,0,0,0,1,15523,12750,0,0,0,1,47397,12690,0,0,0,2,10214,12680,0,0,0
12:25:29,غصینو,صنعتی مینو,IRO3MINZ0001,71758511001096824,محصولات غذایی و آشامیدنی به جز قند و شکر,42,58717719000,1,236456254413000,537.0,7.5,3793,4027,4027,4027,3910,4027,4027,117,2.99,4027,117,2.99,342,48023327,193389937829,80,17,66,6,35501672,12521655,1961712,46061615,349,84295786,4027,4027,40000,1,2,2550,4000,0,0,0,8,150528,3910,0,0,0,1,3351,3797,0,0,0,4,14240,3793,0,0,0
13:29:14,دامون,ص.س. درآمد ثابت آسمان دامون-د,IRT3SDNF0001,43009306066217458,صندوق سرمایه‌گذاری قابل معامله,68,4880000000,1,96419040000000,,,19142,20326,19758,19759,19734,19758,19759,25,0.13,19758,24,0.12,340,72975111,1441849494047,76,2,131,7,21867498,51107613,9180292,63794819,2,130410122,19758,19759,52416486,1,1,1000000,19757,19760,1000000,1,1,1000000,19756,19761,1000000,1,1,1000000,19755,19762,1000000,1,1,1000000,19754,19763,1000500,2
12:29:08,وپویا,سرمایه گذاری پویا,IRO3PIVZ0001,24785665268004766,سرمایه‌گذاری‌ها,56,11000000000,1,18403000000000,561.0,3.0,1608,1706,1637,1706,1657,1654,1676,19,1.15,1673,16,0.97,339,3907521,6535968209,62,1,208,0,3495246,412275,3907521,0,1,5000,1680,1705,150000,2,2,70000,1677,1706,667002,29,4,228456,1672,1755,358,1,2,150000,1670,1768,20191,1,1,3030,1667,1780,358,1
12:29:32,داوه,داروسازی آوه سینا,IRO3AVLZ0001,5305844922895340,مواد و محصولات دارویی,43,2100000000,1,9670500000000,491.0,9.4,4362,4630,4380,4630,4496,4380,4630,134,2.98,4605,109,2.42,336,9525707,43868471155,101,1,99,0,8379668,1146039,9525707,0,18,1126072,4630,4650,6200,1,2,30000,4629,4653,25000,1,1,3000,4615,0,0,0,1,12000,4600,0,0,0,1,53961,4585,0,0,0
12:29:48,واتی,سرمایه‌ گذاری‌ آتیه‌ دماوند,IRO1ATDM0001,33541897671561960,سرمایه‌گذاری‌ها,56,15300000000,1,76500000000000,521.0,9.6,4870,5160,4870,5100,5017,4990,5050,33,0.66,5000,-17,-0.34,336,17792703,89002710390,84,3,65,3,11748705,6043998,16334403,1458300,1,200000,4980,5050,200000,1,1,200000,4970,5080,31557,1,2,316001,4930,5090,67998,1,1,3000,4900,5120,10000,1,2,102041,4880,5130,230000,2
12:28:48,پخش,پخش البرز,IRO3PKSH0001,12638840758449459,مواد و محصولات دارویی,43,10000000000,1,82700000000000,1658.0,5.0,7790,8270,8270,8270,8030,8270,8270,240,2.99,8270,240,2.99,333,27943143,231089792610,130,12,34,2,24861216,3081927,352173,27590970,729,118232396,8270,8370,8,1,1,50000,8130,0,0,0,1,30000,8040,0,0,0,2,5624,8030,0,0,0,1,628,8000,0,0,0
12:29:58,امید,تامین سرمایه امید,IRO1OMID0001,18599703143458101,فعالیت‌های کمکی به نهادهای مالی واسط,67,34779000000,1,103815315000000,625.0,4.8,2950,3132,2950,3132,3041,2967,3130,89,2.93,2985,-56,-1.84,333,35638879,106379044826,45,4,87,2,4519462,31119417,34660879,978000,1,2000,3042,3130,18680,1,1,16603,3041,3131,276000,2,1,151000,3035,3132,296640,8,3,453000,3020,3300,30000,1,1,100000,3005,3322,5000,1
12:30:00,کاذر,فرآورده‌های‌نسوزآذر,IRO1NSAZ0001,49353447565507376,سایر محصولات کانی غیرفلزی,54,4000000000,1,10252000000000,540.0,4.7,2438,2588,2471,2588,2513,2480,2588,75,2.98,2563,50,1.99,333,17493111,44835900154,90,1,115,5,17393111,100000,13830968,3662143,14,3284399,2588,2718,115000,1,1,160000,2578,2723,83007,1,2,12348,2557,2754,4406,2,1,2000,2548,4382,2,1,1,10000,2541,0,0,0
12:28:34,داتام,گروه مالی داتام,IRO1DTAM0001,68863997659126807,سرمایه‌گذاری‌ها,56,12000000000,1,46920000000000,1416.0,2.8,3693,3921,3809,3921,3807,3916,3921,114,2.99,3910,103,2.71,333,8713958,34067660676,66,1,167,1,8687757,26201,3667251,5046707,7,998345,3921,4017,1270,1,1,5794,3917,4018,3058,3,1,8000,3916,4134,1230,1,1,10000,3915,4135,901,1,1,4100,3911,4162,49930,4
12:29:36,کتوکا,تولیدی و خدمات صنایع نسوز توکا,IRO3TUKZ0001,65671173927025645,سایر محصولات کانی غیرفلزی,54,3500000000,1,12880000000000,552.0,6.7,3472,3686,3606,3686,3579,3677,3686,107,2.99,3680,101,2.82,332,8197170,30165071943,94,0,73,1,8197170,0,7382774,814396,4,88877,3686,0,0,0,1,13589,3666,0,0,0,1,1400,3665,0,0,0,1,13596,3664,0,0,0,1,1500,3638,0,0,0
12:29:32,ملت,بیمه ملت,IRO1BMEL0001,13611044044646901,بیمه و صندوق بازنشستگی به جز تامین اجتماعی,66,30657213899,1,65207893963173,154.0,13.8,2120,2250,2120,2160,2185,2131,2154,-31,-1.42,2127,-58,-2.65,331,9443976,20090259726,109,2,87,0,6117106,3326870,9443976,0,1,399249,2129,2154,2600,1,1,350000,2127,2156,14600,2,1,112814,2125,2157,48150,2,1,364951,2123,2158,13000,3,4,26838,2121,2159,40387,3
12:26:07,ثنوسا,نوسازی‌وساختمان‌تهران,IRO1NSTH0001,32845891587040106,انبوه‌سازی، املاک و مستغلات,70,2630000000,1,17910300000000,90.0,75.7,6440,6820,6710,6820,6630,6820,6820,190,2.87,6810,180,2.71,331,10344119,70433637610,96,0,72,2,10344119,0,8844119,1500000,6,478398,6820,7400,4062,1,1,2405,6780,0,0,0,3,404023,6770,0,0,0,7,140659,6760,0,0,0,1,100356,6740,0,0,0
13:28:17,پایا,صندوق س.پایا قلک پویا-د,IRT3PAYF0001,55070742656326885,صندوق سرمایه‌گذاری قابل معامله,68,4000000000,1,102728000000000,,,24882,26420,25682,25683,25651,25682,25683,32,0.12,25682,31,0.12,331,45083024,1157838504853,84,5,100,5,19713045,25369979,18910326,26172698,233,232901389,25682,25683,30618265,31,1,1000000,25681,25684,100000,1,1,1000000,25680,25685,100000,1,1,1000000,25679,25686,100000,1,2,1000079,25678,25687,100000,1
12:29:30,اخشان,اخشان خراسان,IRO3AKHZ0001,67868738676326187,زراعت و خدمات وابسته,1,1100000000,1,13816000000000,998.0,12.6,11850,12570,12230,12570,12210,12460,12570,360,2.95,12560,350,2.87,331,349827,4395113170,7,0,317,0,349827,0,349827,0,14,200393,12570,12860,67,1,1,16000,12270,0,0,0,1,814,12240,0,0,0,1,10000,12230,0,0,0,1,79505,12220,0,0,0
12:26:15,زکشت,کشاورزی مکانیزه اصفهان کشت,IRO3IKAZ0001,7300125658580126,زراعت و خدمات وابسته,1,1500000000,1,26505000000000,2952.0,6.0,16670,17690,17210,17690,17180,17690,17690,510,2.97,17670,490,2.85,329,6482459,114568341800,100,2,110,4,5782459,700000,4270037,2212422,45,762718,17690,0,0,0,1,1000,17490,0,0,0,1,5703,17470,0,0,0,1,1000,17460,0,0,0,1,10000,17450,0,0,0
12:29:04,فگستر,گسترش صنایع روی ایرانیان,IRO3IZIZ0001,8725363201030474,فلزات اساسی,27,3550000000,1,11878300000000,1136.0,2.9,3152,3346,3346,3346,3249,3346,3346,97,2.99,3346,97,2.99,329,40288761,134806194306,98,5,116,1,38288761,2000000,288761,40000000,693,227258888,3346,0,0,0,3,460000,3340,0,0,0,2,412000,3260,0,0,0,9,1282071,3249,0,0,0,1,53872,3165,0,0,0
12:28:13,ولپارس,لیزینگ پارسیان,IRO1LPRS0001,48241092863917835,سایر واسطه‌گری‌های مالی,58,4000000000,1,9980000000000,266.0,9.4,2494,2648,2494,2548,2571,2494,2510,-61,-2.37,2495,-76,-2.96,329,3434473,8568682895,53,0,233,0,3434473,0,3434473,0,1,671,2510,2529,338,3,2,7853,2505,2530,335,3,2,38327,2504,2545,294,2,1,4000,2500,2546,15593,9,1,10000,2495,2547,4256,4
12:30:00,ارزش,صندوق س ارزش آفرین بیدار-سهام,IRT1ARZS0001,43443105991896600,صندوق سرمایه‌گذاری قابل معامله,68,2000000000,1,70590000000000,,,33778,35866,34010,35672,34822,34010,35650,828,2.38,35295,473,1.36,326,12144842,428658236584,49,4,45,8,1918164,10226678,652054,11492788,1,20380,35451,35651,376007,1,3,160000,35450,35660,5770,2,1,30000,35351,35670,5000,1,3,215000,35350,35675,2000,1,1,29822,35300,35679,25361,1
12:28:57,ودی,بیمه  دی,IRO3BMDZ0001,43966385447049549,بیمه و صندوق بازنشستگی به جز تامین اجتماعی,66,20000000000,1,99440000000000,1179.0,4.2,4702,4992,4780,4992,4847,4842,4992,145,2.99,4972,125,2.58,324,23009820,114393665637,78,6,90,8,18858215,4151605,6007899,17001921,1,2000,4990,5031,2025,1,2,20579,4961,5055,990,1,4,23516,4943,0,0,0,1,13322,4941,0,0,0,1,5000,4903,0,0,0
12:29:23,کاردان,صندوق س تجارت شاخصی کاردان,IRT1SKDF0001,65023851436340574,صندوق سرمایه‌گذاری قابل معامله,68,200000000,1,37494200000000,,,178687,189739,186139,189739,184213,186248,189739,5526,3.0,187471,3258,1.77,324,741170,138947848288,31,4,42,4,99328,641842,217223,523947,1,500,188601,189739,948,1,1,15064,188541,0,0,0,1,3895,188475,0,0,0,1,3000,187836,0,0,0,1,1062,187826,0,0,0
13:30:32,اصیل,صندوق درآمدثابت مشترک البرز-د,IRT3ALZF0001,8021561335311415,صندوق سرمایه‌گذاری قابل معامله,68,3000000000,1,59250000000000,,,19135,20317,19749,19752,19726,19752,19751,25,0.13,19750,24,0.12,323,166405046,3286476776148,31,10,87,5,4234660,162170386,13915627,152489419,1,149999646,19751,19752,6020000,2,1,1000000,19750,19753,100000,1,1,1000000,19749,19754,100000,1,1,1000000,19748,19755,100000,1,1,1000000,19747,19756,100000,1
12:29:28,لطیف,محصولات کاغذی لطیف,IRO3LPCZ0001,16422980660132735,محصولات کاغذی,21,6198659000,1,17821144625000,239.0,12.0,2721,2889,2750,2889,2805,2760,2889,84,2.99,2875,70,2.5,323,18882554,54292906312,47,2,154,4,10226975,8655579,9328545,9554009,17,1954755,2889,2969,278,1,3,45000,2866,3063,61,1,1,50000,2865,0,0,0,1,48273,2862,0,0,0,2,11913,2851,0,0,0
12:29:42,سیتا,سرمایه گذاری سیمان تامین,IRO1SITA0001,10171945867136336,سیمان، آهک و گچ,53,22000000000,1,513920000000000,2269.0,10.3,22000,23360,23360,23360,22680,23360,23360,680,3.0,23360,680,3.0,320,3989005,93183156800,36,6,226,3,3289005,700000,194005,3795000,794,61031034,23360,0,0,0,1,215,23300,0,0,0,1,348,23200,0,0,0,3,1850,23000,0,0,0,1,2416,22900,0,0,0
12:21:45,حسیر,ریل سیر کوثر,IRO3RSKZ0001,13281937213456378,حمل و نقل، انبارداری و ارتباطات,60,5655672612,1,23963084857044,630.0,6.7,3991,4237,4230,4237,4114,4236,4237,123,2.99,4237,123,2.99,320,22209804,94101457648,87,1,57,3,14517238,7692566,17188704,5021100,43,4242598,4237,4294,400000,1,2,87591,4236,4520,1200,1,3,25000,4235,0,0,0,2,20000,4234,0,0,0,2,20000,4230,0,0,0
12:24:40,لوتوسح,ح . تامین سرمایه لوتوس پارسیان,IRR1LTOS0101,43455612336353491,فعالیت‌های کمکی به نهادهای مالی واسط,67,20000000000,1,29280000000000,0.0,0.0,1411,1497,1411,1497,1454,1497,1456,2,0.14,1464,10,0.69,320,10615037,15539885385,56,1,164,1,9104817,1510220,10086142,528895,1,110550,1456,1466,278,1,3,805000,1455,1467,9328,4,4,815000,1454,1485,59539,2,1,20738,1453,1489,73632,1,1,15000,1432,1490,564839,4
12:29:32,وسالت,بانک قرض الحسنه رسالت,IRO7SALP0001,23175320865252772,بانک‌ها و موسسات اعتباری,57,12000000000,1,48072000000000,-1415.0,-2.8,3884,4042,3923,4042,3963,4042,3970,7,0.18,4006,43,1.09,319,11574404,46366238868,147,1,85,3,11413404,161000,6243836,5330568,1,20000,3970,3979,237000,1,1,84066,3969,3980,3000,1,1,30000,3968,3990,57000,1,1,88888,3967,4000,5000,1,2,120000,3961,4010,44572,2
12:27:57,نوین,بیمه نوین,IRO3BNOP0001,59866041653103343,بیمه و صندوق بازنشستگی به جز تامین اجتماعی,66,5000000000,1,19380000000000,843.0,4.6,3690,3918,3703,3918,3804,3915,3918,114,3.0,3876,72,1.89,319,16540597,64117445695,44,2,130,4,14940597,1600000,11494544,5046053,11,3610898,3918,0,0,0,1,80308,3821,0,0,0,1,21164,3820,0,0,0,1,11182,3802,0,0,0,1,2500,3740,0,0,0
12:28:31,نارنج اهرم,ص.س. اهرمی نارنج-س,IRT3NRJF0001,35831329532779850,صندوق سرمایه‌گذاری قابل معامله,68,2500000000,1,79105000000000,,,29208,31642,31642,31642,30425,31642,31642,1217,4.0,31642,1217,4.0,318,5594852,177032306984,73,2,183,0,5306533,288319,5594852,0,468,13324394,31642,0,0,0,1,3148,31586,0,0,0,2,200000,31500,0,0,0,1,25000,31245,0,0,0,1,1000,31000,0,0,0
12:29:06,اپال,فرآوری معدنی اپال کانی پارس,IRO1OPAL0001,655060129740445,استخراج کانه‌های فلزی,13,20000000000,1,177800000000000,1542.0,5.8,8790,9330,8800,9190,9060,9060,8900,-160,-1.77,8890,-170,-1.88,317,2620274,23290608180,122,2,133,0,2001590,618684,2620274,0,1,1000,8900,8990,50400,2,2,114531,8880,9000,838,3,2,15000,8870,9010,370,1,4,100170,8850,9020,20860,4,2,2580,8830,9030,2139,3
12:16:37,کقزوی,شیشه‌ قزوین,IRO7SHQP0001,63499217872110599,سایر محصولات کانی غیرفلزی,54,25397409000,1,12927281181000,-96.0,-5.3,482,510,493,510,496,510,510,14,2.82,509,13,2.62,314,83494107,42530518232,74,0,69,0,83494107,0,83494107,0,52,33435411,510,0,0,0,1,100000,502,0,0,0,2,1200556,501,0,0,0,1,398552,500,0,0,0,1,200479,497,0,0,0
12:29:37,البرز,بیمه البرز,IRO1BALB0001,70270965300262393,بیمه و صندوق بازنشستگی به جز تامین اجتماعی,66,70000000000,1,164500000000000,862.0,2.7,2258,2396,2258,2396,2327,2258,2396,69,2.97,2350,23,0.99,314,15927970,37437450033,83,2,102,4,15223617,704353,11263917,4664053,1,50000,2396,2462,2070,1,6,124418,2320,2463,30000,1,1,4309,2312,2516,100000,1,2,5213,2311,2759,233476,1,1,400000,2310,0,0,0
11:38:04,پخشح,ح. پخش البرز,IRR3PKSH0101,71429146297698274,مواد و محصولات دارویی,43,1360000000,1,12512000000000,0.0,0.0,10,999990,9200,9200,4439,9200,9200,4761,107.25,9200,4761,107.25,314,59158779,544260766800,31,2,0,1,8901295,50257484,0,59158779,1,12200,10000,0,0,0,4,75356,9300,0,0,0,22,4210000,9250,0,0,0,156,30439312,9200,0,0,0,4,800000,9110,0,0,0
12:29:16,چخزر,صنایع چوب خزر کاسپین,IRO3CAWZ0001,41122066907413786,محصولات چوبی,20,200000000,1,13700000000000,13057.0,5.2,64600,68500,68500,68500,66550,68500,68500,1950,2.93,68500,1950,2.93,313,537064,36788884000,28,1,243,2,512064,25000,47804,489260,192,2316298,68500,0,0,0,1,150,67000,0,0,0,2,7600,66600,0,0,0,3,1630,66550,0,0,0,1,750,66400,0,0,0
12:00:08,دانا,بیمه دانا,IRO1BDAN0001,48511238766369097,بیمه و صندوق بازنشستگی به جز تامین اجتماعی,66,19457022000,1,37299111174000,-492.0,-3.9,1821,1933,1833,1933,1877,1921,1930,53,2.82,1917,40,2.13,313,11155885,21391253397,76,1,99,1,10406715,749170,10810863,345022,7,427600,1928,1930,214589,6,1,145000,1922,1931,439415,2,1,200000,1921,1932,506995,8,1,400000,1916,1933,1507749,16,2,233352,1915,0,0,0
12:28:32,عالیس,بهار رز عالیس چناران,IRO3ALSZ0001,34213522001938649,محصولات غذایی و آشامیدنی به جز قند و شکر,42,20000000000,1,84020000000000,671.0,6.3,3957,4201,4201,4201,4079,4201,4201,122,2.99,4201,122,2.99,311,22019457,92503738857,34,2,162,4,7219457,14800000,2809871,19209586,58,10297262,4201,0,0,0,1,9704,4107,0,0,0,2,11543,4106,0,0,0,1,25000,4100,0,0,0,1,5000,4000,0,0,0
12:29:32,هم تراز,صندوق س شاخصی هم وزن تراز-سهام,IRT1TRZZ0001,51920757918600374,صندوق سرمایه‌گذاری قابل معامله,68,1000000000,1,15802000000000,,,15140,16076,15280,16076,15608,15398,16075,467,2.99,15802,194,1.24,311,12084646,190965637901,74,4,54,6,8644061,3440585,7455707,4628939,1,800,16072,16074,100000,1,1,10000,15910,16075,96097,1,1,35785,15904,16076,92274,1,1,10000,15900,16426,310,1,2,482306,15899,0,0,0
12:29:50,شپاس,نفت پاسارگاد,IRO3NPSZ0001,35178706978554988,فراورده‌های نفتی، کک و سوخت هسته‌ای,23,2400000000,1,111240000000000,6027.0,7.7,46100,48900,46100,47500,47500,47500,46150,-1350,-2.84,46350,-1150,-2.42,309,717508,33266229550,127,2,84,0,580424,137084,717508,0,26,83369,46100,46150,3320,1,1,500,28650,46200,1137,1,0,0,0,46650,10000,1,0,0,0,46700,16266,1,0,0,0,47300,1000,1
12:28:37,وتوصا,گروه س توسعه صنعتی ایران,IRO1TOSA0001,2944500421562364,سرمایه‌گذاری‌ها,56,35000000000,1,62650000000000,673.0,2.7,1695,1799,1741,1799,1747,1799,1799,52,2.98,1790,43,2.46,307,19079854,34159365721,64,1,123,2,19072224,7630,11607696,7472158,4,1172859,1799,1800,50000,1,4,67502,1795,1806,60000,1,1,2802,1785,1809,33894,4,2,18359,1780,0,0,0,2,251043,1777,0,0,0
12:29:37,خکمک,کمک‌فنرایندامین,IRO1INDM0001,19257295292088310,خودرو و ساخت قطعات,34,4072453300,1,8381108891400,24.0,85.8,1989,2111,1990,2109,2050,1990,2098,48,2.34,2058,8,0.39,300,13410873,27595036353,121,0,100,0,13410873,0,13410873,0,1,100000,2063,2099,53794,1,1,300000,2062,2100,572377,2,1,2500,2059,2105,400000,1,2,250280,2058,2106,190266,1,1,20000,2055,2109,70000,1
12:29:14,غشهداب,کشت و صنعت شهداب ناب خراسان,IRO3SHHZ0001,33611155027418901,محصولات غذایی و آشامیدنی به جز قند و شکر,42,11180000000,1,12901720000000,308.0,3.7,1088,1154,1154,1154,1121,1154,1154,33,2.94,1154,33,2.94,300,100283852,115727565208,149,4,19,1,97452852,2831000,283852,100000000,1681,920779917,1154,0,0,0,2,1300000,1153,0,0,0,1,592732,1151,0,0,0,4,1054991,1150,0,0,0,1,4437,1145,0,0,0
12:29:40,مختلط,صندوق س.مختلط کاریزما-م,IRT3MKHF0001,31278515339080281,صندوق سرمایه‌گذاری قابل معامله,68,500000000,1,21927000000000,,,41894,44484,43630,44399,43189,43953,44330,1141,2.64,43854,665,1.54,297,1960611,85980352715,105,0,82,1,1960611,0,1816611,144000,1,155898,43954,44320,150000,1,2,47711,43944,44343,6000,1,2,918,43932,44399,103280,1,2,3505,43881,44444,3714,2,1,1638,43880,44472,19113,1
13:31:25,توسکا,صندوق س توسعه فولاد- ثابت,IRT1TSCA0001,56871139881800017,صندوق سرمایه‌گذاری قابل معامله,68,6600000000,1,145483800000000,,,21354,22674,22042,22043,22014,22042,22043,29,0.13,22043,29,0.13,296,17480730,385320119705,82,5,153,2,3005498,12207232,7001265,8211465,3,300011826,22042,22043,8297577,1,3,1000100,22041,22044,10000,1,1,1000000,22040,22045,10000,1,1,1000000,22039,22046,10000,1,2,1001000,22038,22047,11000,2
12:29:55,رشدی کیان,صندوق س آوای سهام کیان-سهام,IRT1ROSH0001,4170494561477386,صندوق سرمایه‌گذاری قابل معامله,68,400000000,1,44214000000000,,,107853,114523,108031,114523,111188,114523,110570,-618,-0.56,110535,-653,-0.59,295,986691,109063615551,121,3,68,3,953443,33248,514089,472602,2,1049,110001,110599,10000,1,1,1000,109923,110700,926,1,1,110,109917,110960,14790,1,1,300,109915,111100,3295,1,2,600,109914,111232,20320,1
12:28:46,ناما,تولیدی مخازن گازطبیعی آسیاناما,IRO3NAMZ0001,10411249540376641,خودرو و ساخت قطعات,34,5000000000,1,14395000000000,517.0,5.6,2862,3038,2862,2950,2950,2862,2862,-88,-2.98,2879,-71,-2.41,294,6303070,18146939094,103,1,60,1,5242686,1060384,5901378,401692,3,304274,2862,2885,2970,1,1,3000,2688,2886,18000,1,0,0,0,2896,400000,1,0,0,0,2936,13114,1,0,0,0,2940,1000,1
12:27:25,ولکار,لیزینگ کارآفرین,IRO1LKAR0001,61469668095573716,سایر واسطه‌گری‌های مالی,58,2900000000,1,11457900000000,563.0,7.0,3840,4076,3850,3990,3958,3850,3940,-18,-0.45,3951,-7,-0.18,293,2507457,9905891963,17,1,216,2,535827,1971630,2268457,239000,1,15760,3930,3969,22457,7,1,46940,3910,3970,12476,5,3,4210,3900,3978,65,1,1,20000,3880,3979,110187,7,1,6982,3860,3980,5159,4
12:29:51,ولتجار,واسپاری تجارایرانیان,IRO3GSIP0001,50011948410571353,سایر واسطه‌گری‌های مالی,58,5291193000,1,12963422850000,173.0,14.2,2421,2569,2421,2569,2495,2462,2427,-68,-2.73,2450,-45,-1.8,291,6461958,15833509209,82,0,65,0,6461958,0,6461958,0,1,27054,2427,2480,21100,1,11,524265,2421,2481,170438,1,0,0,0,2482,401136,2,0,0,0,2493,59000,1,0,0,0,2496,13605,1
12:29:39,فرآور,فرآوری‌موادمعدنی‌ایران,IRO1FRVR0001,408934423224097,فلزات اساسی,27,5000000000,1,29000000000000,301.0,19.3,5780,6120,5780,5900,5950,5780,5800,-150,-2.52,5800,-150,-2.52,288,6026819,34947937210,115,2,78,0,5887462,139357,6026819,0,1,95000,5790,5800,186407,1,6,10142,5780,5820,5000,1,1,2000,5770,5860,100000,1,1,1000,5470,5880,28135,2,0,0,0,5890,24383,2
13:29:59,درین,صندوق س. درین آتا-د,IRT3DRNF0001,21077182490095731,صندوق سرمایه‌گذاری قابل معامله,68,2650000000,1,63239600000000,,,23119,24549,23864,23870,23834,23870,23865,31,0.13,23864,30,0.13,287,15915546,379810703219,62,2,153,10,6214421,9701125,9312119,6603427,3,500038836,23864,23865,40060309,6,1,1000000,23863,23866,100180,2,1,1000000,23862,23867,100000,1,1,1000000,23861,23868,100000,1,1,1000000,23860,23869,100000,1
12:59:58,شستا3,سرمایه گذاری تامین اجتماعی,IRO1TAMN0003,22240557850514290,شرکت‌های چند رشته‌ای صنعتی,39,1636013456000,1,2795946996304000,189.0,9.0,1709,1709,1709,1709,1745,1709,1709,-36,-2.06,1709,-36,-2.06,287,38264223,65393557107,105,1,0,1,36264223,2000000,0,38264223,0,0,0,1709,450681046,1137,0,0,0,0,0,0,0,0,0,0,0,0,0,0,0,0,0,0,0,0,0,0,0,0
12:29:25,آلیاژ,صندوق س صنایع آگاه3-بخشی,IRT1AGGH0001,52497713622747990,صندوق سرمایه‌گذاری قابل معامله,68,1000000000,1,18224000000000,,,17337,18409,17410,18409,17873,17410,18409,536,3.0,18224,351,1.96,287,1664533,30334065385,83,4,76,2,1017714,646819,1350370,314163,13,1964854,18409,19190,53,1,1,2870,18291,19330,260,1,1,200,18287,0,0,0,1,218,18264,0,0,0,1,263459,18188,0,0,0
12:27:58,خکرمان,سرمایه گذاری آرمان گستر پاریز,IRO3KKHP0001,58482817740704549,خودرو و ساخت قطعات,34,5000000000,1,27350000000000,496.0,11.0,5190,5500,5320,5500,5345,5460,5500,155,2.9,5470,125,2.34,287,5590472,30567034670,81,0,114,0,5590472,0,5590472,0,10,924946,5500,0,0,0,2,289902,5470,0,0,0,2,22818,5460,0,0,0,1,9141,5450,0,0,0,1,20000,5430,0,0,0
12:29:43,غشهد,شهد ایران,IRO1SHAD0001,20487994977117557,محصولات غذایی و آشامیدنی به جز قند و شکر,42,1900000000,1,15428000000000,1487.0,5.5,7730,8190,7740,8190,7960,8040,8190,230,2.89,8120,160,2.01,286,4925594,40005878120,79,1,107,2,4225594,700000,3801085,1124509,9,190050,8190,8350,800,1,2,9077,8110,8420,610,1,1,6000,8040,8450,14800,1,1,10000,7970,8530,610,1,1,30000,7950,0,0,0
12:24:23,قلرست,قند لرستان,IRO1GLOR0001,56820995669577571,قند و شکر,38,1800000000,1,31410000000000,3057.0,5.7,16460,17460,17100,17460,16960,17460,17460,500,2.95,17450,490,2.89,285,8085305,141089724590,77,5,68,2,4051373,4033932,4385305,3700000,16,1085218,17460,17790,319,2,1,2216,17290,0,0,0,1,10000,17150,0,0,0,2,86750,17140,0,0,0,2,10842,17100,0,0,0
12:20:04,خلنت,لنت‌ ترمزایران,IRO1LENT0001,14957056743925737,خودرو و ساخت قطعات,34,3800000000,1,15055600000000,802.0,4.9,3745,3975,3800,3975,3860,3974,3975,115,2.98,3962,102,2.64,284,5019320,19885261619,63,0,84,4,5019320,0,3471920,1547400,21,864001,3975,0,0,0,2,255807,3973,0,0,0,1,1500,3972,0,0,0,2,800000,3971,0,0,0,2,253995,3952,0,0,0
13:30:21,صایند,صندوق س. گنجینه آینده روشن-د,IRT3SGAF0001,45205530868811305,صندوق سرمایه‌گذاری قابل معامله,68,2000000000,1,56190000000000,,,27221,28903,28095,28096,28062,28095,28095,33,0.12,28095,33,0.12,281,15385106,432246363221,58,2,170,3,5123112,10261994,5780125,9604981,2,50012095,28095,28096,10000000,1,1,500000,28094,28097,101907,2,1,500000,28093,28098,100000,1,1,500000,28092,28099,100000,1,3,531670,28091,28101,404,1
12:29:27,وگردش,بانک گردشگری,IRO3GRDZ0001,66790687790437196,بانک‌ها و موسسات اعتباری,57,159450000000,1,161363400000000,504.0,2.0,954,1012,1012,1012,983,1012,1012,29,2.95,1012,29,2.95,281,64817191,65594997292,29,1,113,3,64017191,800000,19817191,45000000,294,158615412,1012,0,0,0,2,1600000,1011,0,0,0,1,5500,1000,0,0,0,2,1304032,992,0,0,0,2,110000,990,0,0,0
12:30:00,ابتکار,صندوق س.پرتوابتکارهدف-س,IRT3ABTF0001,65473703162196532,صندوق سرمایه‌گذاری قابل معامله,68,200000000,1,2910000000000,,,14102,14974,14480,14755,14538,14500,14750,212,1.46,14550,12,0.08,278,13448419,195673007400,104,2,27,2,12860108,588311,2163800,11284619,1,300000,14501,14755,152410,1,2,147512,14490,14800,10000,1,1,100000,14484,14889,70761,1,2,1700,14480,14900,10000,1,1,3500,14253,14970,8500,1
12:28:42,سصفها,سیمان‌اصفهان,IRO1SEFH0001,10568944722570445,سیمان، آهک و گچ,53,3000000000,1,70500000000000,1640.0,14.3,22140,23500,23490,23500,22820,23500,23500,680,2.98,23500,680,2.98,277,3027059,71135305620,88,0,158,1,3027059,0,2927059,100000,132,1268602,23500,24310,208,1,1,100000,23490,24600,206,1,3,12628,23400,25010,202,1,1,5000,23050,0,0,0,2,2500,23000,0,0,0
12:29:58,بکام,کارخانجات تولیدی شهید قندی,IRO1KGND0001,22382156782768756,ماشین‌آلات و دستگاه‌های برقی,31,17678827639,1,36984107420788,6.0,348.7,2053,2179,2053,2140,2116,2080,2137,21,0.99,2092,-24,-1.13,277,5288839,11066356883,100,0,82,0,5288839,0,5288839,0,1,10000,2133,2138,5000,1,1,5898,2122,2139,400000,1,1,20000,2121,2140,147729,1,1,20000,2114,2141,12000,1,1,36000,2101,2145,34921,1
12:21:35,زقیام,کشت و دام قیام اصفهان,IRO3GAHZ0001,71290297158948749,زراعت و خدمات وابسته,1,6897079260,1,49107204331200,1199.0,5.9,6720,7120,7120,7120,6920,7120,7120,200,2.89,7120,200,2.89,274,22573544,160723633280,101,9,29,2,20054097,2519447,881329,21692215,321,39139444,7120,0,0,0,2,81423,7000,0,0,0,1,7000,6930,0,0,0,11,302607,6920,0,0,0,1,746,6900,0,0,0
12:28:29,خزر,فنرسازی‌زر,IRO1FNAR0001,32821908911812078,خودرو و ساخت قطعات,34,9000000000,1,11790000000000,364.0,3.6,1242,1318,1259,1318,1280,1274,1318,38,2.97,1310,30,2.34,272,19664554,25766460663,76,1,77,1,15823761,3840793,18864554,800000,2,122126,1318,1351,405100,2,1,555,1317,0,0,0,1,10000,1305,0,0,0,3,178838,1303,0,0,0,1,4000,1302,0,0,0
12:12:38,کهمدا,شیشه‌ همدان,IRO1SHMD0001,67206358287598044,سایر محصولات کانی غیرفلزی,54,16500000000,1,44137500000000,742.0,3.6,2521,2675,2675,2675,2598,2675,2675,77,2.96,2675,77,2.96,270,36654506,98050803550,73,9,66,4,31854506,4800000,2349307,34305199,404,109937343,2675,0,0,0,1,15000,2626,0,0,0,1,10000,2620,0,0,0,2,405000,2612,0,0,0,1,1990,2599,0,0,0
12:27:19,وآذر,سرمایه‌گذاری‌توسعه‌آذربایجان,IRO1TAZB0001,1358190916156744,انبوه‌سازی، املاک و مستغلات,70,1789000000,1,8504906000000,-40.0,-118.9,4493,4769,4496,4769,4631,4496,4769,138,2.98,4754,123,2.66,269,7511544,35712874678,73,0,113,0,7511544,0,7511544,0,3,11148,4769,4888,1085,1,1,13000,4740,0,0,0,1,200000,4703,0,0,0,1,400000,4702,0,0,0,1,5876,4701,0,0,0
12:29:23,دشیری,شیرین دارو,IRO7DSHP0001,63084741752814852,مواد و محصولات دارویی,43,50000000,1,16957500000000,50854.0,6.7,321500,341300,326000,341300,331400,340900,341300,9900,2.99,339150,7750,2.34,269,277414,94080925400,60,3,105,1,98837,178577,250194,27220,2,846,341300,0,0,0,1,157,338200,0,0,0,2,1156,329500,0,0,0,1,152,329450,0,0,0,1,235,321600,0,0,0
12:29:56,مفاخر,توسعه فناوری اطلاعات خوارزمی,IRO3KARZ0001,4247709727327181,رایانه و فعالیت‌های وابسته به آن,72,838900557,1,5570299698480,84.0,79.0,6400,6780,6500,6770,6590,6500,6750,160,2.43,6640,50,0.76,265,3177865,21116259300,45,0,49,1,3177865,0,2538142,639723,1,7801,6690,6770,28303,2,1,25000,6680,6780,1859123,20,1,25000,6670,6950,2030,1,4,80016,6660,0,0,0,8,1187471,6650,0,0,0
13:28:10,کاج,صندوق س. نوع دوم نو ویرا -د,IRT3KAJF0001,42670427020727409,صندوق سرمایه‌گذاری قابل معامله,68,3000000000,1,80139000000000,,,25879,27479,26712,26714,26679,26713,26713,34,0.13,26713,34,0.13,263,83500307,2230546531704,51,4,93,7,9581856,73918451,9832002,73668305,1,149992500,26713,26714,28244541,30,1,1000000,26712,26715,101873,2,1,1000000,26711,26716,100000,1,1,1000000,26710,26717,100000,1,1,1000000,26709,26718,100000,1
12:29:53,ثتوسا,س.توسعه و عمران استان اردبیل,IRO7CTSP0001,47702059190622416,انبوه‌سازی، املاک و مستغلات,70,250000000,1,3305000000000,323.0,40.9,13180,13980,13180,13580,13580,13280,13200,-380,-2.8,13220,-360,-2.65,263,2707782,35785761310,101,0,94,0,2707782,0,2707782,0,3,18600,13180,13210,8700,1,0,0,0,13300,21761,1,0,0,0,13310,13796,1,0,0,0,13350,2646,1,0,0,0,13430,10000,2
12:21:55,بمپنا,تولید برق عسلویه  مپنا,IRO3BMAZ0001,39807886630843041,عرضه برق، گاز، بخار و آب گرم,40,15700000000,1,77244000000000,499.0,9.9,4920,5220,4920,5000,5070,4920,4920,-150,-2.96,4920,-150,-2.96,262,8930770,43955592580,91,6,38,2,2360453,6570317,3247669,5683101,0,0,0,4920,751907,11,0,0,0,5000,13284,1,0,0,0,5020,95509,1,0,0,0,5030,2500,1,0,0,0,5060,99031,1
12:01:44,لذیذ,صندوق س صنایع سینا1-بخشی,IRT1LZIZ0001,7376158544119907,صندوق سرمایه‌گذاری قابل معامله,68,1000000000,1,17623000000000,,,16637,17665,17002,17665,17151,17665,17665,514,3.0,17623,472,2.75,261,11747940,207030301366,114,1,42,3,11247940,500000,3547940,8200000,14,1350333,17665,0,0,0,2,9374,17664,0,0,0,1,8319,17550,0,0,0,1,25000,17350,0,0,0,1,1000,17330,0,0,0
12:29:44,ارفع,شرکت آهن و فولاد ارفع,IRO3ARFZ0001,59266699437480384,فلزات اساسی,27,32000000000,1,251520000000000,1519.0,5.2,7420,7860,7860,7860,7640,7860,7860,220,2.88,7860,220,2.88,261,22029332,173150549520,112,0,29,3,22029332,0,629332,21400000,592,104775866,7860,0,0,0,1,2000,7650,0,0,0,1,1000,7420,0,0,0,0,0,0,0,0,0,0,0,0,0,0,0
12:29:30,جهش,صندوق سهامی جهش فارابی-اهرمی,IRT1JHSH0001,7681671915916933,صندوق سرمایه‌گذاری قابل معامله,68,3000000000,1,56784000000000,,,17472,18928,18928,18928,18200,18928,18928,728,4.0,18928,728,4.0,260,4040199,76472886672,63,0,168,1,4040199,0,3960199,80000,1180,34385166,18928,21210,540,1,4,11843,18927,21430,100234,2,5,75132,18925,22240,12226,5,1,9726,18924,22410,348,1,3,1869,18902,22570,225,1
12:13:21,وبوعلی,سرمایه‌گذاری‌بوعلی,IRO1BALI0001,28328710198554144,سرمایه‌گذاری‌ها,56,12000000000,1,30372000000000,687.0,3.7,2390,2536,2468,2536,2463,2500,2536,73,2.96,2531,68,2.76,258,6173072,15625340254,64,0,77,3,6173072,0,3794946,2378126,17,516503,2536,2594,3596,1,1,2000,2533,2595,4832,1,2,14141,2532,2596,45637,7,1,2289,2531,0,0,0,1,10009,2527,0,0,0
12:29:54,وبرق,س.کارکنان صنعت برق زنجان وقزوی,IRO7SEIP0001,61298636307861167,سرمایه‌گذاری‌ها,56,351750000,1,9321375000000,2609.0,10.2,26400,28000,26400,27100,27200,26400,26400,-800,-2.94,26500,-700,-2.57,258,1521491,40281503900,92,1,70,0,1512491,9000,1521491,0,2,8184,26400,26800,10212,1,0,0,0,26850,14838,1,0,0,0,26900,28000,2,0,0,0,26950,2500,1,0,0,0,27000,50069,2
13:29:56,ساحل,ص.ساحل سرمایه امن خلیج فارس-د,IRT3SELF0001,62708526880913292,صندوق سرمایه‌گذاری قابل معامله,68,4500000000,1,124123500000000,,,26715,28367,27583,27584,27541,27583,27583,42,0.15,27583,42,0.15,256,86686865,2391087158073,39,3,97,10,700957,85985908,33311112,53375753,1,147355218,27583,27584,28686313,7,1,3000000,27582,27585,200000,1,1,3000000,27581,27586,200000,1,2,3001500,27580,27587,200000,1,1,3000000,27579,27588,200500,2
12:28:25,دماوند,تولید نیروی برق دماوند,IRO3BDMZ0001,66142616039907394,عرضه برق، گاز، بخار و آب گرم,40,13000000000,1,117910000000000,1197.0,7.6,8830,9370,8830,9270,9100,8840,9180,80,0.88,9070,-30,-0.33,253,2345983,21273482740,79,1,110,0,2256013,89970,2345983,0,1,357,9130,9180,99989,3,1,1000,9120,9190,200000,1,3,24094,9100,9210,20000,1,1,16441,9090,9220,37065,3,1,5498,9060,9240,11222,2
12:26:17,آبین,کشت و صنعت آبشیرین,IRO7ABYP0001,9987529074833218,زراعت و خدمات وابسته,1,1802615058,1,12564226954260,251.0,27.8,6590,6990,6700,6990,6790,6700,6990,200,2.95,6970,180,2.65,252,8397487,58555674520,66,0,98,2,8397487,0,5997487,2400000,29,1396495,6990,0,0,0,1,81935,6870,0,0,0,2,220953,6850,0,0,0,3,400000,6800,0,0,0,4,759547,6790,0,0,0
12:58:46,شتران3,پالایش نفت تهران,IRO1PTEH0003,14180001151225582,فراورده‌های نفتی، کک و سوخت هسته‌ای,23,652500000000,1,2805750000000000,842.0,5.1,4300,4300,4300,4300,4305,4300,4300,-5,-0.12,4300,-5,-0.12,252,64962105,279337051500,25,6,14,1,28100000,36862105,2962105,62000000,254,51897156,4300,0,0,0,0,0,0,0,0,0,0,0,0,0,0,0,0,0,0,0,0,0,0,0,0,0,0,0
12:29:32,طعام,صندوق س.بخشی بازده صنایع2-ب,IRT3TAMF0001,31230051169165044,صندوق سرمایه‌گذاری قابل معامله,68,500000000,1,9882500000000,,,18928,20098,19067,20098,19513,19626,20098,585,3.0,19765,252,1.29,252,2723167,53822454459,111,3,52,0,2672442,50725,2723167,0,3,3118,20098,0,0,0,1,57,20006,0,0,0,1,58364,20002,0,0,0,1,90791,20001,0,0,0,1,3000,19613,0,0,0
12:29:56,بهین رو,صندوق س صنایع ویستا1-بخشی,IRT1BHIN0001,42799209630949274,صندوق سرمایه‌گذاری قابل معامله,68,1300000000,1,16693300000000,,,12235,12991,12490,12991,12613,12654,12980,367,2.91,12841,228,1.81,252,5265006,67607364631,42,2,84,5,2209801,3055205,2930038,2334968,1,44795,12980,12980,44795,1,1,2000,12889,12986,1589,1,1,50000,12888,12990,100000,1,1,50000,12868,12991,197000,1,2,6335,12856,13220,5000,1
12:29:41,حریل,ریل پردازسیر,IRO3HRLZ0001,5564768007356822,حمل و نقل، انبارداری و ارتباطات,60,5070000000,1,10373220000000,253.0,8.1,2015,2139,2015,2119,2077,2091,2080,3,0.14,2046,-31,-1.49,251,7137540,14602768177,91,1,91,0,7132540,5000,7137540,0,1,10000,2079,2090,122615,1,1,4000,2064,2100,200000,1,1,10000,2063,2118,10031,2,1,252495,2056,2119,40677,2,2,18844,2055,2120,244766,2
12:29:08,رکیش,کارت اعتباری ایران کیش,IRO1RKSH0001,27952969918967492,رایانه و فعالیت‌های وابسته به آن,72,10000000000,1,16960000000000,126.0,13.5,1626,1726,1626,1726,1676,1646,1714,38,2.27,1696,20,1.19,250,14400010,24420404455,74,1,89,2,14146457,253553,13542538,857472,1,257637,1714,1726,983232,3,1,20000,1711,1757,4000,1,1,250000,1710,1777,8428,3,1,22000,1705,0,0,0,2,487450,1700,0,0,0
12:29:03,زنگان,صنعت روی زنگان,IRO3ZAGZ0001,67170215467608124,فلزات اساسی,27,1467002000,1,7423030120000,182.0,27.8,5000,5300,5000,5230,5147,5200,5130,-17,-0.33,5060,-87,-1.69,249,4263699,21558944360,91,1,98,0,4201699,62000,4263699,0,2,400000,5050,5230,136310,5,3,580204,5040,5280,45230,2,1,100000,5030,5290,157652,4,1,17549,5020,5300,488723,21,1,1008,5010,5670,10,1
12:29:43,تجلی,تجلی توسعه معادن و فلزات,IRO3TMMZ0001,1301069819790264,استخراج کانه‌های فلزی,13,117900000000,1,183570300000000,14.0,111.2,1531,1625,1531,1599,1578,1556,1597,19,1.2,1557,-21,-1.33,248,8372491,13037958310,81,4,109,1,3374656,4997835,6240853,2131638,1,75862,1597,1599,3200,1,1,85217,1596,1600,115000,3,1,323099,1592,1603,20000,1,1,36987,1591,1609,54516,1,1,63217,1590,1617,200000,1
12:29:35,فجام,جام‌دارو,IRO1JAMD0001,30765727085936322,ساخت محصولات فلزی,28,1200000000,1,13080000000000,1823.0,6.0,10450,11090,10640,11090,10770,11030,11090,320,2.97,10900,130,1.21,247,4152974,45282252210,64,1,57,5,2153856,1999118,1704318,2448656,4,9794,11090,0,0,0,1,20000,10960,0,0,0,1,100000,10850,0,0,0,1,800,10830,0,0,0,1,500,10810,0,0,0
13:29:41,ارمغان,ص سرمایه گذاری ارمغان ایرانیان,IRT1ARGH0001,31366347648583654,صندوق سرمایه‌گذاری قابل معامله,68,5000000000,1,50060000000000,,,9955,10569,10012,10013,10262,10012,10013,-249,-2.43,10012,-250,-2.44,246,52217887,522806794018,97,1,66,2,3161081,49056806,28262341,23955546,8,399500398,10012,10013,51542280,11,7,1200400,10011,10014,1200000,3,4,1200100,10010,10015,1100000,2,3,1200000,10009,10016,1200000,3,3,1200000,10008,10017,1200000,3
12:27:33,آریانح,ح . سرمایه گذاری پارس آریان,IRR3PAIP0101,66647734446882310,سرمایه‌گذاری‌ها,56,21000000000,1,67053000000000,0.0,0.0,3167,3361,3167,3304,3264,3167,3299,35,1.07,3193,-71,-2.18,245,3513528,11219083706,18,2,161,3,2301528,1212000,1411749,2101779,1,400000,3210,3304,166251,5,1,365821,3200,3350,8453,1,1,377187,3199,3361,78800,4,2,791512,3197,0,0,0,1,2933,3170,0,0,0
12:27:57,استقلال,استقلال,IRO7ESLP0001,22259718159702272,فعالیت‌های فرهنگی و ورزشی,93,10791150000,1,11190422550000,92.0,11.3,1008,1048,1008,1048,1028,1048,1008,-20,-1.95,1037,9,0.88,244,16115035,16710828228,54,0,128,1,16115035,0,5315035,10800000,1,50000,1017,1046,5000,1,1,50000,1015,1047,15000,2,2,257531,1008,1048,79654,5,0,0,0,0,0,0,0,0,0,0,0,0
13:31:23,درنا,صندوق س.پشتوانه طلای درنا,IRTKDORN0001,17248898258246807,صندوق سرمایه‌گذاری قابل معامله,68,1000000000,1,20370000000000,,,18783,22955,20261,20650,20869,20408,20289,-580,-2.78,20370,-499,-2.39,242,1002287,20416664611,68,8,44,15,190147,796150,604542,381755,2,438,20262,20289,7667,1,1,4000,20261,20290,99036,1,2,298,20251,20326,4449,1,3,170028,20250,20348,4921,1,1,300,20200,20355,296,1
12:29:46,غگرجی,بیسکویت‌  گرجی,IRO1GORJ0001,31024260997481994,محصولات غذایی و آشامیدنی به جز قند و شکر,42,3750000000,1,7785000000000,-19.0,-109.3,1977,2099,1982,2099,2038,1982,2099,61,2.99,2076,38,1.86,242,9646767,20021959198,65,1,99,1,9545165,101602,9413317,233450,4,336763,2099,0,0,0,1,400000,2087,0,0,0,1,400000,2072,0,0,0,1,2846,2070,0,0,0,1,4585,2068,0,0,0
12:29:51,حپترو,حمل و نقل پتروشیمی( سهامی عام,IRO1HJPT0001,16369313804633525,حمل و نقل، انبارداری و ارتباطات,60,1398000000,1,17894400000000,647.0,19.8,12750,13530,12750,13400,13140,12750,12830,-310,-2.36,12800,-340,-2.59,241,2262960,28962460190,70,0,75,0,2262960,0,2262960,0,1,18000,12800,12860,10169,1,1,20000,12790,13100,2000,1,1,900,12780,13200,5000,1,1,9000,12770,13280,5000,1,1,468,12760,13290,46000,2
12:26:22,سرود,سیمان‌شاهرود,IRO1SROD0001,11964419322927535,سیمان، آهک و گچ,53,9600058845,1,100992619049400,1848.0,5.7,9920,10520,10520,10520,10220,10520,10520,300,2.94,10520,300,2.94,240,9825982,103369330640,111,4,37,3,9425982,400000,436982,9389000,2243,164592375,10520,0,0,0,2,31800,10500,0,0,0,2,10500,10240,0,0,0,2,2000,10230,0,0,0,41,908945,10220,0,0,0
12:29:55,حآسا,آسیا سیر ارس,IRO3ASAZ0001,44625249840480397,حمل و نقل، انبارداری و ارتباطات,60,3800000000,1,11620400000000,197.0,15.5,3048,3236,3048,3149,3142,3055,3048,-94,-2.99,3058,-84,-2.67,240,8794934,26896609219,117,1,61,1,7766024,1028910,8354302,440632,0,0,0,3092,392000,1,0,0,0,3094,200000,1,0,0,0,3098,5000,1,0,0,0,3109,26000,1,0,0,0,3110,26161,1
12:29:58,شتوکا,توکا رنگ فولاد سپاهان,IRO3TPSZ0001,38555056423456635,محصولات شیمیایی,44,1712500000,1,10771625000000,1548.0,4.1,6080,6440,6080,6440,6260,6180,6200,-60,-0.96,6290,30,0.48,238,3351574,21080812910,81,2,63,1,2438355,913219,3284601,66973,2,33245,6180,6200,4883,1,2,14180,6170,6250,33085,1,2,2000,6160,6370,1000,1,2,48235,6150,6380,9000,1,2,233085,6110,6390,3000,1
12:04:42,بنوح,ح . بیمه تجارت نو,IRR3TNIZ0101,47711486462334897,بیمه و صندوق بازنشستگی به جز تامین اجتماعی,66,9000000000,1,3789000000000,0.0,0.0,421,445,421,425,433,421,421,-12,-2.77,421,-12,-2.77,237,26306560,11076424349,42,0,131,0,26306560,0,26306560,0,1,8030,420,421,841640,10,0,0,0,422,111310,1,0,0,0,423,569196,4,0,0,0,424,468261,1,0,0,0,425,366287,3
12:07:48,کخاک,صنایع‌خاک‌چینی‌ایران,IRO1KCHI0001,16405556680571453,سایر محصولات کانی غیرفلزی,54,3500000000,1,111965000000000,3127.0,10.2,30240,32100,31330,32100,31170,32100,32100,930,2.98,31990,820,2.63,236,3171791,101467675950,83,7,64,5,621294,2550497,1123931,2047860,53,4553320,32100,0,0,0,1,4038,32070,0,0,0,1,200,32000,0,0,0,1,20000,31720,0,0,0,1,1134,31650,0,0,0
12:25:44,بنیرو,نیروترانس,IRO1NIRO0001,20453828618330936,ماشین‌آلات و دستگاه‌های برقی,31,23800000000,1,58238600000000,552.0,4.4,2339,2483,2360,2477,2411,2360,2462,51,2.12,2447,36,1.49,235,8910769,21800925443,48,3,78,2,7556096,1354673,5773713,3137056,1,85241,2461,2475,7978,2,1,5000,2460,2478,52036,2,1,6000,2456,2480,196782,6,1,162927,2446,2481,90000,3,1,10000,2442,2482,42200,3
12:29:31,قجام,فرآوردههای غذایی وقندتربت‌جام,IRO7GTOP0001,28230238564334914,قند و شکر,38,650000000,1,6805500000000,2624.0,4.0,10280,10900,10280,10780,10590,10280,10460,-130,-1.23,10470,-120,-1.13,234,3200292,33521566180,60,1,45,0,3149292,51000,3200292,0,2,16729,10430,10590,10000,1,1,10329,10330,10670,20868,2,4,310000,10300,10680,20243,2,1,50000,10290,10700,17000,1,7,93864,10280,10830,50000,1
12:29:44,شیلد,صندوق س مشترک پارس-مختلط,IRT1SHEL0001,38428194580055973,صندوق سرمایه‌گذاری قابل معامله,68,1000000000,1,15927000000000,,,15862,16842,15917,16000,16352,16000,15918,-434,-2.65,15927,-425,-2.6,234,4815661,76699410779,42,2,71,1,1915566,2900095,4318033,497628,1,111307,15917,15918,13986,1,4,204690,15915,15920,433667,4,4,319640,15913,15921,1701,2,2,354591,15910,15931,255643,1,4,395240,15909,15940,1000,1
11:55:11,حبندرح,ح.دریایی وکشتیرانی خط دریابندر,IRR7BNDP0101,58000772709340489,حمل و نقل، انبارداری و ارتباطات,60,2250000000,1,8460000000000,0.0,0.0,3754,3986,3754,3851,3870,3850,3754,-116,-3.0,3760,-110,-2.84,234,11324703,42575671734,60,1,63,1,11124703,200000,7313973,4010730,0,0,0,3754,592662,12,0,0,0,3755,9609,1,0,0,0,3764,80000,1,0,0,0,3770,5000,1,0,0,0,3798,2754,1
12:25:25,فاما,صنعتی‌ آما,IRO1SAMA0001,34673681828119297,ساخت محصولات فلزی,28,12500000000,1,46450000000000,683.0,5.4,3557,3775,3559,3775,3666,3720,3775,109,2.97,3716,50,1.36,233,12089512,44919931109,52,1,79,5,11279305,810207,8680458,3409054,6,40265,3775,0,0,0,1,10000,3774,0,0,0,1,35000,3688,0,0,0,1,10000,3665,0,0,0,2,91000,3664,0,0,0
12:29:47,ثروین,صندوق س.موج گستر ثروت-س,IRT3SRIF0001,40030273081894426,صندوق سرمایه‌گذاری قابل معامله,68,150000000,1,1541850000000,,,10007,10625,10101,10500,10316,10500,10200,-116,-1.12,10279,-37,-0.36,231,6402285,65810950995,17,1,47,4,1185916,5216369,2033669,4368616,1,3000,10174,10332,5000,1,1,99,10167,10335,20000,1,1,545,10162,10390,750,1,1,100,10101,10392,100000,1,1,1000,10100,10393,10000,1
13:24:23,آتیه ملت,صندوق س آتیه ملت-ثابت,IRT1ATML0001,47492157735162813,صندوق سرمایه‌گذاری قابل معامله,68,6000000000,1,107538000000000,,,17364,18438,17923,17924,17901,17923,17924,23,0.13,17923,22,0.12,229,10185494,182557554507,82,1,107,1,4126949,6058545,8440150,1745344,2,93941755,17923,17924,28254656,1,2,1000700,17922,18200,50000,1,1,1000000,17921,18400,2000,1,1,1000000,17920,18438,2000,1,2,1000060,17919,0,0,0
12:29:58,فلزا,صندوق س.بخشی صنایع پاداش2-ب,IRT3FLZF0001,12840158707161274,صندوق سرمایه‌گذاری قابل معامله,68,800000000,1,15637600000000,,,18441,19581,18975,19581,19011,19300,19581,570,3.0,19547,536,2.82,228,7936949,155140379901,47,4,38,1,4125757,3811192,1294818,6642131,2,94147,19560,0,0,0,1,87452,19549,0,0,0,1,152500,19530,0,0,0,5,1134695,19500,0,0,0,4,1250880,19479,0,0,0
12:29:08,کیمیا,ص. معدنی کیمیای زنجان گستران,IRO1KZGZ0001,14427168056799610,فلزات اساسی,27,5000000000,1,11330000000000,147.0,15.4,2191,2325,2191,2325,2258,2226,2320,62,2.75,2266,8,0.35,227,6974346,15801070412,80,2,74,1,6901397,72949,6604286,370060,1,41857,2281,2320,183297,2,1,7270,2280,2321,144597,1,1,100000,2275,2325,1309517,14,1,77000,2273,0,0,0,1,200000,2268,0,0,0
12:29:58,وثوق,سرمایه گذاری وثوق امین,IRO7VOSP0001,59839275647597021,سرمایه‌گذاری‌ها,56,320000000,1,11440000000000,-558.0,-64.1,33900,35900,34550,35900,34900,34550,35900,1000,2.87,35750,850,2.44,227,1973368,70596970700,48,3,73,1,894218,1079150,1923368,50000,1,39022,35900,0,0,0,1,1500,35700,0,0,0,2,4481,35600,0,0,0,1,2000,35550,0,0,0,1,2000,35500,0,0,0
13:30:50,گلدیس,صندوق س.پشتوانه طلا گلدیس نوین,IRTKGOLN0001,68376789401977331,صندوق سرمایه‌گذاری قابل معامله,68,1000000000,1,35168000000000,,,32314,39494,34564,35750,35904,35577,34999,-905,-2.52,35168,-736,-2.05,227,371482,13064458020,67,6,37,14,180938,189844,152795,217987,1,40,34806,34999,5714,1,2,269,34804,35000,100001,2,5,13840,34801,35001,9955,1,2,1574,34794,35071,832,1,2,140,34770,35099,220,1
12:29:20,بیوتیک,آنتی بیوتیک سازی ایران,IRO3IAMZ0001,47973532381204870,مواد و محصولات دارویی,43,1802400000,1,26369112000000,1781.0,8.2,14630,15530,14630,14630,15080,14630,14630,-450,-2.98,14630,-450,-2.98,225,1374075,20102717250,139,1,23,1,1187335,186740,974087,399988,1,1000,13760,14630,2360457,185,1,500,13030,14640,300059,4,1,1000,12810,14650,200000,2,0,0,0,14660,200000,2,0,0,0,14670,203862,7
12:29:18,بموتو,موتوژن,IRO1MOTJ0001,22086876724551482,ماشین‌آلات و دستگاه‌های برقی,31,26000000000,1,59176000000000,441.0,5.2,2149,2281,2214,2281,2215,2280,2281,66,2.98,2276,61,2.75,224,9186853,20907992071,61,0,101,3,9186853,0,7078106,2108747,22,2325025,2281,2329,14000,1,1,10000,2280,2350,2500,1,1,10000,2277,2354,5000,1,1,220000,2275,2379,5000,1,1,5772,2274,2390,5000,1
12:29:41,ثزاگرس,سرمایه گذاری توسعه عمران زاگرس,IRO7CZGP0001,28854105556435129,انبوه‌سازی، املاک و مستغلات,70,66000000,1,11002200000000,216.0,771.8,161000,170900,161000,170900,165950,161000,168100,2150,1.3,166700,750,0.45,224,578124,96362496000,67,0,84,2,578124,0,483124,95000,3,2700,168000,170850,5550,1,1,4023,167700,170900,62546,4,1,400,162000,176150,1500,1,1,7188,161000,177150,591,1,0,0,0,0,0,0
13:19:26,ستاره,ص.س.ستاره پایدارسپهر-د,IRT3STRF0001,38845574746937458,صندوق سرمایه‌گذاری قابل معامله,68,4000000000,1,79348000000000,,,19217,20405,19836,19837,19811,19836,19837,26,0.13,19837,26,0.13,224,47197932,936250735456,48,3,89,2,3497854,43700078,5838573,41359359,6,196622201,19836,19837,158074395,1,1,10000000,19835,19950,200,1,1,10000000,19834,0,0,0,2,10001000,19833,0,0,0,1,1000,19217,0,0,0
12:29:28,پلاسک,پلاسکوکار,IRO1PLKK0001,57722642338781674,لاستیک و پلاستیک,25,1460188183,1,6437969698847,-4528.0,-1.0,4389,4659,4389,4511,4524,4389,4396,-128,-2.83,4409,-115,-2.54,223,5130885,22620628325,83,1,83,0,5040885,90000,5130885,0,1,36294,4404,4475,1342,1,6,501738,4389,4500,4038,2,1,50000,4073,4510,6627,1,1,3000,3838,4511,123147,1,0,0,0,4513,15900,2
12:29:56,خاذین,سایپاآذین,IRO1AZIN0001,42075223783409640,خودرو و ساخت قطعات,34,4455692846,1,9089613405840,-334.0,-6.1,1938,2056,1940,2056,1997,1940,2050,53,2.65,2040,43,2.15,222,9472896,19323880847,80,0,91,0,9472896,0,9472896,0,2,8659,2050,2056,192310,1,1,10000,2030,2100,400000,1,2,15000,2028,2531,10000,1,1,8794,2026,0,0,0,1,20000,2025,0,0,0
12:28:13,تبرک,گروه کارخانجات صنعتی تبرک,IRO3TIGZ0001,53204330224889981,محصولات غذایی و آشامیدنی به جز قند و شکر,42,2231504203,1,31308003968090,1890.0,7.4,13230,14030,14030,14030,13630,14030,14030,400,2.93,14030,400,2.93,222,9922038,139206193140,99,1,18,2,9822038,100000,259904,9662134,208,14612750,14030,14710,350,1,1,3000,13800,16100,18780,4,1,7600,13760,16110,12000,1,1,100000,13660,16270,300,1,2,18000,13630,0,0,0
12:26:17,فنر,پارس فنر,IRO3PSFZ0001,27276541005386425,خودرو و ساخت قطعات,34,6500000000,1,19266000000000,469.0,6.3,2793,2965,2901,2965,2879,2960,2965,86,2.99,2964,85,2.95,221,13473814,39930544595,32,0,112,2,13473814,0,2818694,10655120,139,52839459,2965,3010,1663,1,1,10000,2950,3025,12470,1,1,2000,2932,3047,26021,3,1,10000,2931,3050,1641,1,1,1783,2921,3077,19640,5
13:25:44,اعتبار,صندوق س. نوع دوم اعتبار-د,IRT3ETBF0001,35163287528816137,صندوق سرمایه‌گذاری قابل معامله,68,2000000000,1,53466000000000,,,25897,27497,26732,26734,26697,26733,26733,36,0.13,26733,36,0.13,221,40920853,1093947411068,39,4,107,9,1216809,39704044,5132795,35788058,22,110000000,26733,26734,20000000,4,2,1005000,26732,26735,100000,1,1,1000000,26731,27497,314944,3,2,1001000,26730,0,0,0,1,1000000,26729,0,0,0
12:27:25,ثغرب,شرکت سرمایه گذاری مسکن شمالغرب,IRO3CGRZ0001,17939384202383793,انبوه‌سازی، املاک و مستغلات,70,2400000000,1,12864000000000,420.0,12.8,5060,5360,5360,5360,5210,5360,5360,150,2.88,5360,150,2.88,218,14691166,78744649760,44,0,77,2,14691166,0,10161143,4530023,23,4764161,5360,5410,933,1,1,5000,5210,5490,7888,3,1,1000,5080,0,0,0,1,5000,5070,0,0,0,2,200000,5060,0,0,0
12:27:30,رنیک,جنرال مکانیک,IRO3GEMZ0001,33854964748757477,خدمات فنی و مهندسی,74,5650000000,1,61528500000000,1516.0,7.2,10560,11200,10780,11020,10880,11020,10880,0,0.0,10890,10,0.09,217,1932367,21048168030,75,2,52,3,1482367,450000,1394882,537485,3,5000,10860,10880,400,1,1,2800,10840,10950,1273,1,1,3463,10830,10980,11574,1,1,671,10780,10990,24407,2,3,123600,10750,11000,35504,3
12:26:02,لکما,کارخانجات‌مخابراتی‌ایران,IRO7KMOP0001,45641540066710190,ساخت دستگاه‌ها و وسایل ارتباطی,32,9095450000,1,9086354550000,171.0,5.8,990,1030,990,1010,1010,990,1009,-1,-0.1,999,-11,-1.09,217,25088351,25058101635,65,0,87,0,25088351,0,25088351,0,1,100000,1008,1010,2538271,21,3,1700000,1007,1014,659175,1,1,100000,1006,1020,811000,2,1,224565,1005,1030,1917702,10,5,3249166,1001,1069,4750,1
12:27:59,حپرتو,پرتو بار فرابر خلیج فارس,IRO3PBFZ0001,4885314541377431,حمل و نقل، انبارداری و ارتباطات,60,3000000000,1,18660000000000,1013.0,6.1,6150,6530,6150,6390,6340,6180,6230,-110,-1.74,6220,-120,-1.89,216,6413862,39864792590,56,0,49,3,6413862,0,3711965,2701897,2,42000,6210,6230,96173,1,2,11665,6190,6240,301950,2,2,200000,6180,6250,199980,1,3,209376,6170,6280,1100,1,2,8563,6160,6290,160000,1
12:27:23,ومعلم,بیمه معلم,IRO3MOIZ0001,6847536925606808,بیمه و صندوق بازنشستگی به جز تامین اجتماعی,66,7500000000,1,21382500000000,16.0,178.2,2758,2928,2804,2927,2843,2870,2874,31,1.09,2851,8,0.28,215,6565316,18715785113,44,0,49,1,6565316,0,6465316,100000,1,20000,2822,2870,4000,1,1,24812,2811,2881,5000,1,1,3000,2810,2883,158441,2,2,34026,2800,2888,58741,1,1,59025,2775,2891,58779,2
12:29:14,وآوا,سرمایه گذاری آوا نوین,IRO3ANIZ0001,22490169030401337,سرمایه‌گذاری‌ها,56,3320000000,1,6902280000000,202.0,10.3,2065,2191,2065,2134,2128,2104,2070,-58,-2.73,2079,-49,-2.3,215,6282548,13063401767,52,4,70,0,2439379,3843169,6282548,0,2,193263,2070,2090,25060,2,2,126369,2066,2100,54130,2,1,311757,2065,2110,41369,1,0,0,0,2120,105000,2,0,0,0,2130,24109,2
12:23:44,بکاب,صنایع‌جوشکاب‌یزد,IRO1JOSH0001,70219663893822560,ماشین‌آلات و دستگاه‌های برقی,31,736050000,1,7367860500000,916.0,10.9,10010,10610,10010,10010,10310,10010,10010,-300,-2.91,10010,-300,-2.91,215,2309172,23114811720,122,0,35,0,2309172,0,2309172,0,0,0,0,10010,9821794,278,0,0,0,10020,6980,2,0,0,0,10070,1000,1,0,0,0,10200,5218,1,0,0,0,10210,10000,1
12:23:21,غمینو,شرکت صنایع غذایی مینو شرق,IRO3MNOZ0001,5516102131364383,محصولات غذایی و آشامیدنی به جز قند و شکر,42,7000000000,1,28665000000000,840.0,4.9,3857,4095,4095,4095,3976,4095,4095,119,2.99,4095,119,2.99,214,33008259,135168820605,84,6,33,2,30608259,2400000,799234,32209025,1090,316911553,4095,0,0,0,1,1248,4093,0,0,0,1,400000,4026,0,0,0,2,20000,4000,0,0,0,10,1127688,3976,0,0,0
13:29:57,صنهال,صندوق س. نهال ایرانیان-ثابت,IRT1NHAL0001,52846735736632974,صندوق سرمایه‌گذاری قابل معامله,68,1300000000,1,30319900000000,,,22592,23988,23323,23324,23290,23323,23323,33,0.14,23323,33,0.14,213,9669848,225529897848,26,1,150,1,900437,8769411,8944442,725406,1,399913830,23323,23324,50059922,9,3,1200000,23322,23325,1200000,3,3,1200000,23321,23326,1200000,3,3,1200000,23320,23327,1200000,3,3,1200000,23319,23328,1200000,3
12:53:31,مانی,صندوق س. با درآمد ثابت مانی,IRT1MANI0001,61265100181977543,صندوق سرمایه‌گذاری قابل معامله,68,1400000000,1,43344000000000,,,29992,31846,30959,30960,30919,30959,30959,40,0.13,30960,41,0.13,211,46660858,1444618859715,76,2,51,1,46244343,416515,8812293,37848565,5,2015300,30959,30960,2000000,2,2,5010000,30958,30961,10000,1,2,5010000,30957,30962,10000,1,2,5010000,30956,30963,10000,1,2,5010000,30955,30964,10000,1
12:29:26,رادان,صندوق س در سهام راد-سهام,IRT1RADA0001,59894184850560807,صندوق سرمایه‌گذاری قابل معامله,68,400000000,1,4524000000000,,,10772,11438,11200,11401,11105,11200,11290,185,1.67,11310,205,1.85,209,1893799,21419736024,27,1,44,3,1709389,184410,837995,1055804,5,59107,11280,11290,39581,1,2,13271,11270,11360,20,1,2,68927,11260,11369,25,1,1,3606,11250,11380,182792,2,1,3787,11240,11401,95290,1
12:29:56,سفار,سیمان‌فارس,IRO1SFRS0001,41227201752535311,سیمان، آهک و گچ,53,233000000,1,48601470000000,19675.0,10.6,208590,221490,208590,208590,215040,208590,208590,-6450,-3.0,208590,-6450,-3.0,208,138236,28834647240,128,1,24,0,120236,18000,138236,0,0,0,0,208590,192885,86,0,0,0,208600,223,1,0,0,0,214500,2000,1,0,0,0,215000,3585,2,0,0,0,216360,400,1
12:29:02,هیبرید,صندوق س آسمان خاورمیانه-مختلط,IRT1HBRD0001,48932793456289874,صندوق سرمایه‌گذاری قابل معامله,68,400000000,1,8117600000000,,,19313,20507,19910,20507,19910,20088,20400,490,2.46,20294,384,1.93,206,1929703,39161809232,79,1,79,2,1891460,38243,1233942,695761,1,10000,20400,20400,583980,2,1,300,20310,20438,59282,1,1,80,20308,20444,70250,2,2,16000,20306,20447,10000,1,4,171841,20305,20460,40000,4
12:27:41,کمرجان,بازرگانی و تولیدی مرجان کار,IRO3MRJZ0001,50633804639547462,سایر محصولات کانی غیرفلزی,54,1100000000,1,6963000000000,402.0,15.7,5980,6340,6140,6340,6160,6340,6340,180,2.92,6330,170,2.76,206,7251378,45894039830,33,0,110,2,7251378,0,5008858,2242520,36,2444738,6340,0,0,0,1,888,6310,0,0,0,1,1000,6140,0,0,0,1,3326,6000,0,0,0,1,1000,5530,0,0,0
12:29:16,بکابل,سیم و کابل ابهر,IRO3ABCZ0001,62107151670661969,ماشین‌آلات و دستگاه‌های برقی,31,6142500000,1,27843952500000,804.0,5.6,4412,4684,4412,4674,4548,4435,4673,125,2.75,4533,-15,-0.33,206,2810478,12738903189,72,0,64,3,2810478,0,2344478,466000,2,56259,4603,4672,50000,1,7,62623,4560,4673,143436,2,2,3120,4550,4674,321839,3,1,7090,4548,4675,200000,1,1,5000,4546,4677,150000,1
12:26:11,خنصیر,مهندسی‌نصیرماشین,IRO1MNSR0001,17834623106317041,خودرو و ساخت قطعات,34,2600000000,1,8247200000000,516.0,6.1,3007,3191,3060,3191,3099,3070,3191,92,2.97,3172,73,2.36,204,6392749,20278583210,53,1,106,3,4949051,1443698,4393525,1999224,12,138248,3191,3269,72,1,1,1800,3180,3270,50000,1,1,500,3170,3274,160000,1,1,4000,3152,3713,20000,1,1,1597,3151,0,0,0
12:18:25,ساروج,بین المللی ساروج بوشهر,IRO3SRBZ0001,25417476013479486,سیمان، آهک و گچ,53,1340000000,1,77854000000000,9889.0,5.9,54800,58100,58100,58100,56450,58100,58100,1650,2.92,58100,1650,2.92,204,1927360,111979616000,54,3,81,3,1835360,92000,1379540,547820,69,482026,58100,0,0,0,1,2000,56750,0,0,0,1,10000,56700,0,0,0,1,884,56300,0,0,0,3,5655,54800,0,0,0
13:28:31,امین یکم,صندوق درآمد ثابت امین یکم فردا,IRT1FAYF0001,45728383369147894,صندوق سرمایه‌گذاری قابل معامله,68,10000000000,1,101270000000000,,,9811,10417,10127,10128,10114,10127,10127,13,0.13,10127,13,0.13,204,14235673,144169679830,67,1,79,1,7088246,7147427,10501101,3734572,3,68461276,10127,10128,17416970,1,1,1000000,10126,10129,1010000,2,1,1000000,10125,10130,1000000,1,1,1000000,10124,10131,1000000,1,1,1000000,10123,10132,1000000,1
13:31:02,سام,صندوق س.درآمد ثابت سام-د,IRT3SAMF0001,55308018877404137,صندوق سرمایه‌گذاری قابل معامله,68,2200000000,1,43293800000000,,,19062,20240,19679,19680,19651,19679,19680,29,0.15,19679,28,0.14,204,30792953,605981124844,57,10,79,3,8097495,21695458,10430457,19362496,1,150000000,19679,19680,10726004,1,1,1000000,19678,19681,100000,1,1,1000000,19677,19682,100000,1,1,1000000,19676,19683,100000,1,1,1000000,19675,19684,100000,1
12:29:44,وصنعت,سرمایه گذاری توسعه صنعت وتجارت,IRO1SNMA0001,57309221039930244,سرمایه‌گذاری‌ها,56,34000000000,1,60010000000000,874.0,2.0,1705,1809,1709,1790,1757,1790,1788,31,1.76,1765,8,0.46,204,6262148,11055568514,82,4,77,2,5240504,1021644,5996222,265926,1,54781,1788,1789,75965,3,1,3000,1787,1790,78498,5,1,50000,1786,1794,80000,1,1,15565,1785,1795,5665,1,2,98093,1784,1799,9035,2
12:08:37,غدیس,پاکدیس,IRO3PKDZ0001,3492952121304423,محصولات غذایی و آشامیدنی به جز قند و شکر,42,1169538892,1,41986446222800,7299.0,4.9,33900,35900,35900,35900,34900,35900,35900,1000,2.87,35900,1000,2.87,203,3937960,141372764000,66,14,27,2,3187960,750000,55241,3882719,382,13808418,35900,0,0,0,2,6000,35000,0,0,0,1,3000,34950,0,0,0,2,10500,34900,0,0,0,2,50148,33900,0,0,0
12:28:22,فلامی,لامیران,IRO1LAMI0001,25286509736208688,ساخت محصولات فلزی,28,1160000000,1,7888000000000,563.0,12.1,6780,7180,6780,6970,6980,6780,6840,-140,-2.01,6800,-180,-2.58,202,2191072,14889722680,86,0,89,1,2191072,0,1971072,220000,4,33623,6840,6870,6516,1,1,3000,6810,6890,5000,1,1,44365,6800,6900,3278,1,3,99521,6790,6920,10206,3,8,75150,6780,6950,7347,1
12:25:59,قشیر,قند شیروان قوچان و بجنورد,IRO3GHSZ0001,71523986304961239,قند و شکر,38,778871856,1,9541180236000,1731.0,7.1,11560,12260,11900,12260,11910,11900,12260,350,2.94,12250,340,2.85,202,3385175,41472339730,57,1,71,2,3383175,2000,2682616,702559,19,115331,12260,0,0,0,2,2856,11920,0,0,0,1,50000,11800,0,0,0,1,90000,11660,0,0,0,3,109000,11560,0,0,0
12:22:47,کلر,کلر پارس,IRO3CHPZ0001,1822787329898392,محصولات شیمیایی,44,7364331440,1,71581301596800,1461.0,6.7,9160,9720,9720,9720,9440,9720,9720,280,2.97,9720,280,2.97,201,9160200,89037144000,39,1,68,4,5059867,4100333,3014696,6145504,105,5927978,9720,0,0,0,1,5000,9440,0,0,0,1,50000,9400,0,0,0,1,546,9200,0,0,0,4,6846,9160,0,0,0
12:29:00,وتوسم,سرمایه‌گذاری‌توسعه‌ملی,IRO1TMEL0001,17528249960294496,سرمایه‌گذاری‌ها,56,20500000000,1,58056000000000,720.0,3.9,2827,3001,2827,2891,2914,2891,2827,-87,-2.99,2832,-82,-2.81,201,7619916,21576421598,140,1,12,1,5753916,1866000,5916659,1703257,1,5003,2223,2827,19592581,94,0,0,0,2874,110000,2,0,0,0,2892,200000,1,0,0,0,2970,10000,1,0,0,0,2979,10000,1
12:29:28,پرسپولیس,پرسپولیس,IRO7PSPP0001,55289848471625247,فعالیت‌های فرهنگی و ورزشی,93,10515015000,1,13101708690000,-936.0,-1.3,1234,1310,1234,1310,1272,1308,1234,-38,-2.99,1246,-26,-2.04,200,8135655,10135877186,43,1,123,1,5150165,2985490,2216772,5918883,0,0,0,1234,207576,5,0,0,0,1270,3640,5,0,0,0,1272,3540,4,0,0,0,1296,1375,2,0,0,0,1297,24088,3
12:29:55,ساراب,سیمان‌ داراب,IRO1SDAB0001,4563413583000719,سیمان، آهک و گچ,53,1260000000,1,79153200000000,6741.0,9.3,59170,62830,62700,62830,61000,62830,62820,1820,2.98,62820,1820,2.98,199,417085,26203105740,103,2,32,2,401690,15395,387166,29919,2,450,62810,62830,40221,2,1,1700,62700,0,0,0,2,800,62550,0,0,0,1,2457,62300,0,0,0,2,2620,62200,0,0,0
12:29:55,لسرما,سرما آفرین,IRO1SRMA0001,55897939403232751,ماشین‌آلات و تجهیزات,29,1417000000,1,5872048000000,334.0,12.4,4082,4334,4082,4268,4208,4084,4120,-88,-2.09,4144,-64,-1.52,199,5288197,21914019211,81,0,57,0,5288197,0,5288197,0,1,7073,4120,4189,6550,3,1,2417,4115,4200,101300,3,1,13636,4110,4225,44000,1,2,62300,4100,4245,331493,1,1,50000,4087,4248,23200,2
12:29:46,لابسا,آبسال,IRO1ASAL0001,63363116407864462,ماشین‌آلات و تجهیزات,29,4860000000,1,18706140000000,244.0,15.8,3834,4070,3834,3897,3952,3836,3836,-116,-2.94,3849,-103,-2.61,199,3964495,15258792934,93,1,54,0,3736821,227674,3964495,0,1,9082,3834,3836,1900,1,1,10000,3417,3888,1312,1,0,0,0,3893,1700,1,0,0,0,3896,2500,1,0,0,0,3897,16881,3
12:28:37,خوساز,محورسازان‌ایران‌خودرو,IRO1MESI0001,31879190587976736,خودرو و ساخت قطعات,34,1119876222,1,13292930755140,47.0,252.6,11740,12460,11740,12190,12100,11810,12100,0,0.0,11870,-230,-1.9,198,1472056,17471798780,79,0,70,1,1472056,0,1353393,118663,1,446,11910,12100,95887,2,1,4000,11870,12170,5177,2,1,1400,11820,12190,42382,2,1,42106,11800,12200,16254,2,3,5717,11770,12220,500,1
12:28:57,آبادا,تولید نیروی برق آبادان,IRO1NBAB0001,37661500521100963,عرضه برق، گاز، بخار و آب گرم,40,2500000000,1,21325000000000,343.0,24.9,8070,8550,8160,8550,8310,8160,8550,240,2.89,8530,220,2.65,198,377111,3215791230,6,0,189,1,377111,0,315478,61633,16,124423,8550,0,0,0,1,200000,8350,0,0,0,1,100000,8170,0,0,0,1,70000,8150,0,0,0,1,700,8090,0,0,0
12:26:44,قنیشا,قند  نیشابور,IRO1GNBO0001,63380098535169030,قند و شکر,38,4000000000,1,8964000000000,164.0,13.7,2122,2252,2190,2252,2187,2252,2252,65,2.97,2241,54,2.47,197,3642667,8164262170,75,0,67,2,3642667,0,2984015,658652,3,49230,2252,0,0,0,1,5000,2250,0,0,0,1,45493,2230,0,0,0,2,12500,2224,0,0,0,1,3000,2204,0,0,0
12:29:59,اوانح,ح . مبین وان کیش,IRR3MOBZ0101,517453086671514,اطلاعات و ارتباطات,73,550000000,1,3822500000000,0.0,0.0,6710,7110,6710,7100,6910,6730,7100,190,2.75,6950,40,0.58,196,2459490,17084713510,35,0,89,0,2459490,0,2459490,0,1,5000,7010,7100,41098,9,1,251,7000,7110,317925,14,2,18386,6780,7290,13765,2,2,76587,6770,7460,3055,1,4,68376,6710,7530,5000,1
12:21:38,دسبحان,سبحان دارو,IRO1DSBH0001,5866848234665627,مواد و محصولات دارویی,43,10000000000,1,36520000000000,533.0,6.9,3440,3652,3652,3652,3546,3652,3652,106,2.99,3652,106,2.99,196,34755755,126928017260,75,10,12,2,30830206,3925549,187946,34567809,286,82127476,3652,0,0,0,2,107400,3562,0,0,0,5,131599,3546,0,0,0,1,5000,3443,0,0,0,1,110000,3440,0,0,0
12:28:25,سصوفی,سیمان‌ صوفیان,IRO1SSOF0001,13227300125161435,سیمان، آهک و گچ,53,1100000000,1,197945000000000,28162.0,6.4,169470,179950,179950,179950,174710,179950,179950,5240,3.0,179950,5240,3.0,196,1348856,242726637200,38,2,104,2,1248856,100000,149856,1199000,908,15292375,179950,0,0,0,1,590,179940,0,0,0,4,4549,179000,0,0,0,2,600,178000,0,0,0,2,1400,176000,0,0,0
12:18:48,ساینا,صنایع بهداشتی ساینا,IRO3SYNZ0001,64298008532791199,محصولات شیمیایی,44,2100000000,1,10334100000000,840.0,5.9,4637,4923,4875,4923,4780,4875,4923,143,2.99,4921,141,2.95,195,6457411,31779715137,56,0,75,2,6457411,0,4729761,1727650,18,1033524,4923,5000,30000,1,1,22800,4922,5070,5000,1,1,2000,4832,5071,100,1,1,200000,4807,5072,11997,5,1,235493,4800,0,0,0
12:25:34,ولصنم,لیزینگ‌صنعت‌ومعدن,IRO1LSMD0001,71744682148776880,سایر واسطه‌گری‌های مالی,58,6000000000,1,15474000000000,379.0,6.8,2563,2721,2563,2715,2642,2610,2654,12,0.45,2579,-63,-2.38,195,8223733,21208558287,82,1,42,2,8163983,59750,2579859,5643874,1,30000,2610,2629,50000,1,1,20000,2597,2630,1975,1,4,36000,2596,2649,5459,1,11,4109554,2595,2651,5459,1,1,9857,2592,2653,51422,2
12:29:06,چفیبر,تولید فیبر ایران,IRO1FIBR0001,64358061873294912,محصولات چوبی,20,1800000000,1,9702000000000,-11.0,-490.0,5080,5390,5360,5390,5236,5390,5390,154,2.94,5390,154,2.94,194,5337292,28755325300,60,0,83,2,5337292,0,4680292,657000,23,819309,5390,0,0,0,2,13111,5380,0,0,0,2,46000,5300,0,0,0,3,18809,5230,0,0,0,1,50000,5150,0,0,0
12:26:32,هوشیار,صندوق س.هوش تصمیم -س,IRT3HUSF0001,9375107506435996,صندوق سرمایه‌گذاری قابل معامله,68,200000000,1,2734800000000,,,13031,13835,13417,13829,13433,13518,13829,396,2.95,13674,241,1.79,193,885739,12111459235,26,1,29,0,718502,167237,885739,0,1,10000,13704,13829,4052,1,2,10100,13702,13833,10000,1,1,10000,13639,13834,150000,2,2,20283,13638,13835,102000,3,1,1000,13637,16800,1000,1
12:28:33,کیانا,گروه مالی کیان,IRO1KYAN0001,45353845483523901,سرمایه‌گذاری‌ها,56,3575000000,1,40790750000000,1313.0,8.7,10760,11420,11320,11420,11090,11420,11420,330,2.98,11410,320,2.89,192,2295257,26199451080,42,1,106,1,1763107,532150,1695257,600000,12,371256,11420,0,0,0,2,950,11410,0,0,0,3,4024,11400,0,0,0,1,1000,11370,0,0,0,1,720,11320,0,0,0
12:29:43,قیستو,شرکت قند بیستون,IRO7BSOP0001,4267564158935326,قند و شکر,38,1500000000,1,36900000000000,2689.0,9.1,24050,25450,24050,25450,24750,24050,25450,700,2.83,24600,-150,-0.61,191,2193573,53972915050,29,1,69,0,1371287,822286,2193573,0,6,30122,25450,26000,500,1,1,50000,25300,26250,500,1,1,10000,24600,27000,3000,1,1,10000,24550,27400,6500,3,1,2041,24500,0,0,0
12:29:06,کربن,کانی کربن طبس,IRO3KKTZ0001,11326461864120062,استخراج زغال سنگ,10,2500000000,1,16625000000000,1179.0,5.6,6270,6650,6650,6650,6460,6650,6650,190,2.94,6650,190,2.94,190,1763037,11724196050,12,0,169,1,1763037,0,548317,1214720,218,37511287,6650,0,0,0,2,2000,6500,0,0,0,1,4750,6460,0,0,0,1,798,6270,0,0,0,0,0,0,0,0,0
12:29:59,ثتران,سرمایه گذاری مسکن تهران,IRO3PMTZ0001,20926459161497908,انبوه‌سازی، املاک و مستغلات,70,1800000000,1,8560800000000,-1259.0,-3.8,4554,4834,4694,4834,4694,4834,4694,0,0.0,4756,62,1.32,188,4588466,21824007284,95,0,49,0,4588466,0,4588466,0,1,5000,4650,4694,40647,1,1,20000,4610,4750,166418,1,1,10000,4608,4757,2740,2,2,85000,4562,4759,54494,2,1,100000,4561,4770,2198,1
12:24:15,قاسم,قاسم ایران,IRO3GASZ0001,34540569618314880,خرده‌فروشی، به‌استثنای وسایل نقلیه موتوری,47,41345695847,1,77357796929737,276.0,6.8,1763,1871,1871,1871,1817,1871,1871,54,2.97,1871,54,2.97,188,46500748,87002899508,27,5,50,6,13133552,33367196,4525557,41975191,156,43094847,1871,0,0,0,1,20000,1818,0,0,0,3,113000,1817,0,0,0,2,17715,1763,0,0,0,1,3004,1665,0,0,0
13:25:53,آفاق,صندوق س نوع دوم افق آتی-ثابت,IRT1AFAG0001,37073830945037165,صندوق سرمایه‌گذاری قابل معامله,68,4000000000,1,43088000000000,,,10436,11080,10771,10773,10758,10771,10772,14,0.13,10772,14,0.13,187,21093261,227219060447,46,2,92,2,5379529,15713732,11773132,9320129,14,500935788,10772,10773,35447242,37,2,1000095,10771,10774,1000000,1,1,1000000,10770,10775,1000000,1,1,1000000,10769,10776,1000000,1,1,1000000,10768,10777,1000000,1
12:26:38,وارس,سرمایه گذاری ارس صبا,IRO7ARSP0001,53686258677793038,سرمایه‌گذاری‌ها,56,3000000000,1,32010000000000,4590.0,2.3,10200,10820,10280,10820,10510,10770,10820,310,2.95,10670,160,1.52,185,7905890,84384521630,28,5,59,1,3537612,4368278,6938329,967561,13,746537,10820,0,0,0,1,4635,10750,0,0,0,1,10000,10600,0,0,0,1,50000,10560,0,0,0,1,123244,10510,0,0,0
12:27:44,ثرود,سرمایه‌گذاری مسکن زاینده رود,IRO3ZNDZ0001,18883380772506226,انبوه‌سازی، املاک و مستغلات,70,1250000000,1,7387500000000,914.0,6.5,5710,6050,5710,6030,5880,6010,5980,100,1.7,5910,30,0.51,184,3439542,20339961940,62,1,73,1,3089542,350000,3326712,112830,1,1169,5920,5980,45000,1,1,14500,5900,6000,9866,2,1,26000,5880,6010,30037,3,2,37632,5820,6020,47417,3,5,32200,5730,6030,250000,7
12:29:24,دالبر,البرزدارو,IRO1DALZ0001,60451823714332895,مواد و محصولات دارویی,43,14000000000,1,77560000000000,880.0,6.3,5230,5540,5540,5540,5383,5540,5540,157,2.92,5540,157,2.92,184,9155840,50723353600,75,0,48,3,9155840,0,3058261,6097579,241,20155179,5540,0,0,0,1,1000,5530,0,0,0,1,2400,5460,0,0,0,1,10000,5420,0,0,0,2,21300,5400,0,0,0
12:29:40,ولیز,لیزینگ ایران,IRO7LZIN0001,56802926348928053,سایر واسطه‌گری‌های مالی,58,4000000000,1,8836000000000,458.0,4.8,2208,2344,2208,2238,2276,2208,2208,-68,-2.99,2209,-67,-2.94,183,12233639,27026852823,47,2,68,0,11481136,752503,12233639,0,6,1608474,2208,2234,205774,3,0,0,0,2235,32026,2,0,0,0,2237,76128,2,0,0,0,2238,200000,1,0,0,0,2240,4280,1
12:16:00,غگلپا,شیر پاستوریزه پگاه گلپایگان,IRO3PGPZ0001,14312030900097668,محصولات غذایی و آشامیدنی به جز قند و شکر,42,1180000000,1,15469800000000,1926.0,6.8,12350,13110,13070,13110,12730,13100,13110,380,2.99,13110,380,2.99,182,3433584,45008657070,54,0,63,2,3433584,0,1607905,1825679,73,3091578,13110,0,0,0,3,3759,13100,0,0,0,1,10000,12870,0,0,0,2,105000,12800,0,0,0,1,44400,12770,0,0,0
12:20:36,خلیج,صندوق س.گنجینه مینوخلیج فارس-س,IRT3KLJF0001,26458514535443899,صندوق سرمایه‌گذاری قابل معامله,68,1000000000,1,22464000000000,,,21167,22475,21840,22475,21821,22445,22475,654,3.0,22464,643,2.95,182,8898659,199902286302,78,1,24,2,7019139,1879520,2109396,6789263,1,40000,22475,0,0,0,1,98,22451,0,0,0,2,30045,22450,0,0,0,1,17794,22429,0,0,0,3,5679,22427,0,0,0
12:23:45,بکهنوج,تولید برق ماهتاب کهنوج,IRO7KAHZ0001,46483466867025192,عرضه برق، گاز، بخار و آب گرم,40,16050495533,1,14236789537771,-702.0,-1.3,842,894,851,894,868,894,894,26,3.0,887,19,2.19,182,24201897,21457756654,44,0,79,1,24201897,0,23719497,482400,1,58000,874,893,230000,1,1,230000,869,0,0,0,1,100000,867,0,0,0,1,172780,865,0,0,0,2,357295,864,0,0,0
12:20:36,غویتا,ویتانا,IRO3VITZ0001,37842793167868642,محصولات غذایی و آشامیدنی به جز قند و شکر,42,7000000000,1,24619000000000,973.0,3.6,3313,3517,3517,3517,3415,3517,3517,102,2.99,3517,102,2.99,181,14880629,52335172193,20,2,95,3,8973774,5906855,9123463,5757166,201,28296257,3517,0,0,0,2,3493,3499,0,0,0,1,42600,3446,0,0,0,4,28817,3416,0,0,0,5,241000,3415,0,0,0
12:29:56,اپرداز,آتیه داده پرداز,IRO3APDZ0001,63830424809501048,اطلاعات و ارتباطات,73,2250000000,1,8543250000000,152.0,25.0,3716,3944,3755,3880,3830,3819,3827,-3,-0.08,3797,-33,-0.86,181,5358744,20349132062,62,1,71,1,5127770,230974,4546997,811747,1,4187,3827,3840,88253,1,1,36971,3826,3850,39400,1,1,13024,3825,3855,10000,1,2,22807,3820,3857,100000,1,1,8697,3806,3858,1533,1
12:26:53,محتشم,نساجی هدیه البرز مشهد,IRO1HDYE0001,46934177065273437,منسوجات,17,9000000000,1,90990000000000,1583.0,6.4,10110,10730,10110,10110,10420,10110,10110,-310,-2.98,10110,-310,-2.98,180,3208682,32439775020,98,4,18,0,2306682,902000,3208682,0,1,1000,9720,10110,9836723,674,0,0,0,10120,60280,4,0,0,0,10130,1111,2,0,0,0,10150,2978,3,0,0,0,10220,1664,3
12:29:37,دلر,داروسازی‌ اکسیر,IRO1EXIR0001,4384288570322406,مواد و محصولات دارویی,43,9217000000,1,104612950000000,1681.0,6.8,10690,11350,11350,11350,11020,11350,11350,330,2.99,11350,330,2.99,179,7952729,90263474150,67,11,11,3,6752729,1200000,71425,7881304,382,33887790,11350,0,0,0,0,0,0,0,0,0,0,0,0,0,0,0,0,0,0,0,0,0,0,0,0,0,0,0
12:22:38,کاسپین,داروسازی کاسپین تامین,IRO3KSPZ0001,28431095903407567,مواد و محصولات دارویی,43,7940000000,1,157450200000000,2747.0,7.2,18690,19830,19830,19830,19260,19830,19830,570,2.96,19830,570,2.96,179,4775670,94701536100,35,10,51,2,3675670,1100000,525590,4250080,325,13812761,19830,0,0,0,1,25000,19500,0,0,0,1,1000,19300,0,0,0,6,11730,19260,0,0,0,1,20000,18900,0,0,0
12:29:55,غدشتح,ح . دشت‌ مرغاب,IRR1DMOR0101,59887874326934221,محصولات غذایی و آشامیدنی به جز قند و شکر,42,1000000000,1,1625000000000,0.0,0.0,1556,1652,1558,1652,1604,1558,1650,46,2.87,1625,21,1.31,179,4176662,6788531388,29,0,128,0,4176662,0,4176662,0,1,3099,1625,1650,3845,1,1,5000,1601,1651,283332,5,1,200000,1600,1652,457423,13,3,208145,1590,0,0,0,1,5000,1581,0,0,0
12:29:14,فافق,صنایع مس افق کرمان,IRO7OKCZ0001,22424135367941584,فلزات اساسی,27,7000000000,1,65100000000000,1324.0,7.0,8760,9300,9300,9300,9030,9300,9300,270,2.99,9300,270,2.99,176,9566650,88969845000,67,1,80,2,9366650,200000,7508930,2057720,56,2359400,9300,9680,500,1,1,5976,9170,9820,1520,2,2,42223,9030,0,0,0,3,46000,9000,0,0,0,1,20000,8780,0,0,0
12:29:52,حبندر,دریایی و کشتیرانی خط دریابندر,IRO7BNDP0001,63704201144621295,حمل و نقل، انبارداری و ارتباطات,60,3000000000,1,19080000000000,671.0,9.5,6120,6480,6170,6480,6300,6410,6300,0,0.0,6360,60,0.95,175,6797961,43211562380,44,0,49,4,6797961,0,3862562,2935399,1,58000,6300,6360,60145,3,1,2000,6290,6380,13355,1,1,47900,6270,6400,3000,1,1,15000,6250,6420,6000,2,3,119839,6190,6450,31949,1
12:29:53,وسنا,سرمایه گذاری نیروگاهی ایران,IRO7SNAP0001,24662567615903665,سرمایه‌گذاری‌ها,56,3458607000,1,58934663280000,-136.0,-125.3,16680,17700,16680,17670,17190,17670,16980,-210,-1.22,17040,-150,-0.87,174,2185056,37241614570,71,2,53,0,1937353,247703,2185056,0,2,6002,16960,17180,2000,1,1,3000,16920,17190,350,1,1,30000,16790,17200,64683,2,1,27352,16750,17400,3001,1,6,76827,16680,17410,5000,1
12:24:25,غکورش,صنعت غذایی کورش,IRO1KRSH0001,62404730109947970,محصولات غذایی و آشامیدنی به جز قند و شکر,42,44000000000,1,537680000000000,1237.0,9.9,11520,12220,12220,12220,11870,12220,12220,350,2.95,12220,350,2.95,174,3088500,37741470000,34,2,106,1,2888500,200000,349500,2739000,1957,136767551,12220,0,0,0,2,10420,12210,0,0,0,4,13190,12200,0,0,0,1,50000,12120,0,0,0,1,2472,12090,0,0,0
12:15:40,شپترو,پتروشیمی آبادان,IRO7APTP0001,71957984642204570,محصولات شیمیایی,44,10000000000,12241677,14030000000000,-1656.0,-0.8,1323,1403,1403,1403,1363,1403,1403,40,2.93,1403,40,2.93,174,27324397,38336128991,43,0,53,1,27324397,0,24216147,3108250,79,40476771,1403,1445,50000,1,1,68591,1380,1600,200000,1,1,50000,1365,1605,40000,1,4,227000,1363,1645,200000,1,1,50000,1325,0,0,0
13:13:17,یارا,صندوق س. آریا-د,IRT3ARIF0001,45284811973404357,صندوق سرمایه‌گذاری قابل معامله,68,1000000000,1,32240000000000,,,31236,33168,32239,32241,32202,32240,32240,38,0.12,32240,38,0.12,173,58015797,1870417289006,37,13,20,6,14169475,43846322,859215,57156582,100,99998455,32240,32241,2693361,3,3,200000,32239,32242,50000,1,1,100000,32238,32243,50000,1,1,100000,32237,32244,50000,1,1,100000,32236,32245,50000,1
12:28:56,غگیلا,شیرپاستوریزه پگاه گیلان,IRO3PEGZ0001,57300230097485720,محصولات غذایی و آشامیدنی به جز قند و شکر,42,1000000000,1,18200000000000,917.0,19.8,18200,19320,18200,18200,18760,18200,18200,-560,-2.99,18200,-560,-2.99,173,1474926,26843653200,116,1,27,0,1224926,250000,1474926,0,0,0,0,18200,12012659,588,0,0,0,18300,99812,4,0,0,0,18500,15063,3,0,0,0,18600,16744,2,0,0,0,18700,167335,2
12:26:57,خمحرکه,نیرو محرکه,IRO1NMOH0001,39436183727126211,خودرو و ساخت قطعات,34,5734089000,1,23704723926000,42.0,98.4,3898,4138,4070,4138,4018,4076,4138,120,2.99,4134,116,2.89,171,6353137,26261121805,18,0,118,1,6353137,0,5953137,400000,65,5539850,4138,0,0,0,1,1350,4131,0,0,0,1,1967,4051,0,0,0,2,9000,4050,0,0,0,3,416376,4018,0,0,0
12:27:49,کبافق,معادن‌ بافق,IRO1BAFG0001,43256212620530446,استخراج کانه‌های فلزی,13,1215000000,1,35162100000000,1694.0,17.1,27380,29060,28110,29060,28220,29060,29060,840,2.98,28940,720,2.55,171,714906,20690589470,39,0,98,0,714906,0,714906,0,33,162275,29060,30290,168,1,1,1500,28540,30450,167,1,1,355,28440,30880,2000,1,2,4429,28120,31020,750,1,1,200,28100,0,0,0
12:25:59,کطبس,ذغال‌سنگ‌ نگین‌ ط‌بس,IRO1TBAS0001,8977369674477111,استخراج زغال سنگ,10,1950000000,1,19441500000000,1624.0,6.1,9410,9990,9430,9990,9700,9480,9990,290,2.99,9970,270,2.78,170,4541917,45293132990,48,4,64,5,2589901,1952016,2891147,1650770,7,167914,9990,10060,502,1,1,626,9850,0,0,0,1,24400,9780,0,0,0,1,10239,9730,0,0,0,2,201000,9720,0,0,0
12:29:39,قزوین,کارخانجات‌ قند قزوین,IRO1GGAZ0001,15259343650667588,قند و شکر,38,4000000000,1,39800000000000,1250.0,8.0,9690,10270,9690,10240,9980,10240,9980,0,0.0,9950,-30,-0.3,169,1786791,17780414360,68,4,61,3,882691,904100,1763439,23352,2,62057,9970,10020,210279,3,3,378370,9950,10100,197639,1,1,50000,9930,10160,200000,1,1,2000,9920,10170,32510,2,1,1011,9850,10190,42591,1
12:23:00,حخزر,کشتیرانی دریای خزر,IRO3KHZZ0001,28253678449273505,حمل و نقل آبی,61,12600000000,1,52705800000000,751.0,5.6,3941,4183,4183,4183,4062,4183,4183,121,2.98,4183,121,2.98,169,28581291,119555540253,55,12,9,3,22044874,6536417,2221654,26359637,341,113332007,4183,0,0,0,2,3000,4062,0,0,0,2,400000,3941,0,0,0,1,6000,3716,0,0,0,3,156677,3404,0,0,0
12:29:33,زبینا,کشاورزی و دامپروری بینالود,IRO3BAHZ0001,54482686501491508,زراعت و خدمات وابسته,1,3640030999,1,32760278991000,1668.0,5.4,8480,9000,9000,9000,8740,9000,9000,260,2.97,9000,260,2.97,168,12021624,108194616000,63,5,27,2,11021624,1000000,341216,11680408,1000,151659491,9000,0,0,0,2,11000,8750,0,0,0,15,303954,8740,0,0,0,2,2870,8710,0,0,0,1,15000,8610,0,0,0
12:27:26,دسبحا,گروه دارویی سبحان,IRO1DSOB0001,43622578471330344,مواد و محصولات دارویی,43,14521000000,1,47948342000000,219.0,15.1,3110,3302,3302,3302,3206,3302,3302,96,2.99,3302,96,2.99,167,13073066,43167263932,12,0,77,4,13073066,0,2011427,11061639,111,18722198,3302,3440,200,1,1,10000,3300,3448,2000,1,1,50000,3210,3540,80000,4,1,1629,3071,0,0,0,1,2000,2613,0,0,0
12:19:45,قثابت,قند ثابت‌ خراسان,IRO1GSBE0001,44967158778304588,قند و شکر,38,6462809000,1,17333253738000,150.0,17.9,2526,2682,2682,2682,2604,2682,2682,78,3.0,2682,78,3.0,167,15906754,42661914228,37,0,77,1,15906754,0,2406754,13500000,228,65596405,2682,0,0,0,1,250000,2605,0,0,0,1,90000,2604,0,0,0,1,38363,2597,0,0,0,1,50000,2570,0,0,0
13:22:24,پایش,صندوق س.درآمد ثابت دینا-د,IRT3PASF0001,58722731270352481,صندوق سرمایه‌گذاری قابل معامله,68,2000000000,1,38352000000000,,,18578,19726,19176,19177,19152,19177,19176,24,0.13,19176,24,0.13,167,39714757,761571748583,28,4,39,4,4375315,35339442,6555346,33159411,2,509895664,19176,19177,7974052,1,1,1000000,19175,19178,100000,1,1,1000000,19174,19179,100000,1,1,1000000,19173,19180,102000,2,1,1000000,19172,19181,100000,1
12:29:50,خراسان,پتروشیمی خراسان,IRO1KRSN0001,43552974795606067,محصولات شیمیایی,44,12000000000,1,611040000000000,5378.0,9.5,47960,50920,50920,50920,49440,50920,50920,1480,2.99,50920,1480,2.99,166,4400658,224081505360,39,13,63,4,3111271,1289387,1985658,2415000,319,8817438,50920,0,0,0,1,100,50910,0,0,0,1,4030,50110,0,0,0,1,2000,50100,0,0,0,1,101,49560,0,0,0
12:18:36,نخریس,نخریسی و نساجی خسروی خراسان,IRO3NAKZ0001,46878429508891351,منسوجات,17,770000000,1,15631000000000,1992.0,10.2,19750,20950,19750,20550,20350,19750,20350,0,0.0,20300,-50,-0.25,166,294862,5987126950,31,2,108,2,183176,111686,140244,154618,2,2712,20350,20550,426,6,2,950,20300,20600,461,4,2,20239,20250,20650,3600,1,1,784,20000,20700,75010,4,3,22390,19850,20850,114,2
12:27:41,شسپا,نفت سپاهان,IRO1SEPP0001,49188729526980541,فراورده‌های نفتی، کک و سوخت هسته‌ای,23,56000000000,1,617120000000000,1420.0,7.8,10380,11020,11020,11020,10700,11020,11020,320,2.99,11020,320,2.99,166,3986061,43926392220,47,3,76,3,3686061,300000,876061,3110000,1180,66338268,11020,0,0,0,5,39320,11010,0,0,0,6,188629,11000,0,0,0,1,5000,10900,0,0,0,1,100000,10880,0,0,0
13:31:22,ترنج ثابت,ص.س.درآمد ثابت ترنج سودمند-د,IRT3TRNF0001,50264175787486822,صندوق سرمایه‌گذاری قابل معامله,68,500000000,1,5078000000000,,,9836,10444,10147,10171,10140,10147,10151,11,0.11,10156,16,0.16,166,3364080,34165014813,48,0,47,1,3261080,0,2452503,808577,1,209080,10151,10153,5,1,5,59441,10150,10155,9473,5,8,1960347,10149,10156,10000,1,2,61000,10147,10157,10000,1,4,100015200,10146,10158,10000,1
12:59:54,ثپهران3,توسعه ساختمان سپهر تهران,IRO1SPHR0003,49111273992924798,انبوه‌سازی، املاک و مستغلات,70,15000000000,1,57810000000000,659.0,5.8,3854,3854,3854,3854,3927,3854,3854,-73,-1.86,3854,-73,-1.86,165,140403,541113162,10,0,153,0,140403,0,140403,0,14,577713,3854,0,0,0,0,0,0,0,0,0,0,0,0,0,0,0,0,0,0,0,0,0,0,0,0,0,0,0
12:29:14,رسانا,صندوق س.بخشی گستره فیروزه1-ب,IRT3GSFF0001,8961366473557410,صندوق سرمایه‌گذاری قابل معامله,68,2000000000,1,28042000000000,,,13254,14072,13556,14072,13663,13556,14072,409,2.99,14021,358,2.62,164,5491314,76991911910,35,2,47,1,3692470,1798844,4496617,994697,1,957754,14072,0,0,0,1,10000,14031,0,0,0,1,1000,14000,0,0,0,1,20000,13870,0,0,0,1,3677,13564,0,0,0
12:59:07,فباهنر3,مس‌ شهیدباهنر,IRO1BAHN0003,26147216960584371,فلزات اساسی,27,24583331714,1,253208316654200,1095.0,9.4,10300,10300,10300,10300,10010,10300,10300,290,2.9,10300,290,2.9,164,6003000,61830900000,49,1,1,1,3003000,3000000,3000,6000000,56,1042010,10300,0,0,0,0,0,0,0,0,0,0,0,0,0,0,0,0,0,0,0,0,0,0,0,0,0,0,0
12:16:34,والماس,س. الماس حکمت ایرانیان,IRO3AHIZ0001,36282416082320053,سرمایه‌گذاری‌ها,56,6600000000,1,11589600000000,393.0,4.5,1656,1758,1735,1758,1707,1750,1758,51,2.99,1756,49,2.87,164,9231059,16211557864,43,0,63,0,9231059,0,9231059,0,2,541160,1758,1820,3000,1,1,182427,1755,1853,170000,1,1,3000,1750,1856,4950,1,1,9896,1733,1858,16821,5,1,7849,1715,0,0,0
13:25:16,زمرد کوروش,صندوق س زمرد کوروش-ثابت,IRT1ZMRD0001,57191287546444240,صندوق سرمایه‌گذاری قابل معامله,68,5000000000,1,81530000000000,,,15795,16771,16306,16307,16283,16306,16306,23,0.14,16306,23,0.14,164,21591280,352074487545,49,2,70,5,8608510,12982770,4954913,16636367,1,150000000,16306,16307,13532980,11,1,1000000,16305,16308,100000,1,1,1000000,16304,16309,100000,1,1,1000000,16303,16310,100574,2,1,1000000,16302,16311,100000,1
13:30:44,دارا,صندوق س. دارا الگوریتم-د,IRT3DAAF0001,62012736978844991,صندوق سرمایه‌گذاری قابل معامله,68,3000000000,1,68901000000000,,,22239,23613,22967,22968,22926,22967,22967,41,0.18,22967,41,0.18,164,23895172,548802631774,58,4,42,5,1246058,22649114,6067009,17828163,2,298966443,22967,22968,26651366,19,1,1000000,22966,22969,1000000,1,1,1000000,22965,22970,1000000,1,1,1000000,22964,22971,1000000,1,1,1000000,22963,22972,1000500,2
12:23:57,کساوه,صنایع‌ کاشی‌ و سرامیک‌ سینا,IRO1SINA0001,25001509088465005,کاشی و سرامیک,49,2500000000,1,44475000000000,2011.0,8.8,16800,17820,17510,17820,17310,17580,17820,510,2.95,17790,480,2.77,163,2919431,51945930670,53,2,37,5,1624050,1295381,568627,2350804,3,32282,17820,17840,802,3,1,544,17810,0,0,0,1,6500,17770,0,0,0,2,11500,17760,0,0,0,1,2340,17730,0,0,0
12:27:23,بنکر,صندوق س صنایع اندیشه صبا2-بخشی,IRT1BNKR0001,65736765815044639,صندوق سرمایه‌گذاری قابل معامله,68,2000000000,1,25844000000000,,,12191,12945,12690,12945,12568,12800,12945,377,3.0,12922,354,2.82,163,35975834,464891065996,39,6,15,5,21155677,14820157,1135628,34840206,4,836326,12945,0,0,0,1,10000,12903,0,0,0,1,156084,12900,0,0,0,1,11221,12890,0,0,0,1,5000,12832,0,0,0
12:21:17,سنیر,سیمان‌ سفید نی‌ریز,IRO1SSNR0001,14231831499205396,سیمان، آهک و گچ,53,3395000000,1,21082950000000,745.0,8.3,5850,6210,6210,6210,6030,6210,6210,180,2.99,6210,180,2.99,162,5127642,31842656820,62,0,58,2,5127642,0,1518642,3609000,177,5651697,6210,0,0,0,1,51000,6070,0,0,0,2,240000,6060,0,0,0,1,30000,6040,0,0,0,9,228478,6030,0,0,0
12:13:49,بتهران,بیمه اتکایی تهران رواک,IRO3THRP0001,63520812390415652,بیمه و صندوق بازنشستگی به جز تامین اجتماعی,66,6250000000,1,16631250000000,0.0,0.0,2507,2661,2630,2661,2584,2661,2661,77,2.98,2661,77,2.98,162,26024381,69240102446,29,2,15,5,18224381,7800000,1708136,24316245,46,17213865,2661,0,0,0,1,200000,2630,0,0,0,1,4000,2602,0,0,0,1,200000,2580,0,0,0,1,10000,2572,0,0,0
12:24:44,وبشهرح,ح . صنایع‌ بهشهر(هلدینگ,IRR1TSBE0101,62275280734625819,محصولات غذایی و آشامیدنی به جز قند و شکر,42,0,1,0,0.0,0.0,2465,2617,2617,2617,2541,2617,2617,76,2.99,2617,76,2.99,161,16930092,44306050764,7,0,71,1,16930092,0,1930092,15000000,45,10420445,2617,0,0,0,1,8000,2550,0,0,0,1,200000,2541,0,0,0,1,2005,2534,0,0,0,1,197298,2480,0,0,0
12:29:39,امتیاز,صندوق س.امتیاز اول-س,IRT3EMTF0001,16383091566030431,صندوق سرمایه‌گذاری قابل معامله,68,300000000,1,2973900000000,,,9594,10186,9890,10171,9890,9995,10171,281,2.84,9913,23,0.23,160,4619073,45788065248,36,1,43,1,4080879,538194,2730640,1888433,2,105000,9899,10170,30000,1,2,100300,9898,10183,1000,1,1,600,9896,10185,8558,1,1,1000,9891,10186,35545,13,6,108941,9890,10249,537,1
12:20:24,تیپیکو,سرمایه گذاری دارویی تامین,IRO1DTIP0001,29758477602878557,مواد و محصولات دارویی,43,11000000000,1,523490000000000,4201.0,11.3,44830,47590,47590,47590,46210,47590,47590,1380,2.99,47590,1380,2.99,159,3918041,186459571190,44,4,23,2,3518041,400000,23956,3894085,1547,122798441,47590,48000,112,1,2,92960,47580,48530,109,1,1,365,47560,48540,1000,1,1,100000,47540,0,0,0,3,2801,47410,0,0,0
12:22:58,فنفت,صنایع تجهیزات نفت,IRO3PEIZ0001,58462435595049907,فلزات اساسی,27,3400000000,1,11226800000000,296.0,11.2,3226,3424,3235,3399,3325,3399,3319,-6,-0.18,3302,-23,-0.69,158,3951537,13047974722,60,0,68,1,3951537,0,3151537,800000,1,2000,3312,3318,15833,1,2,43884,3311,3319,220250,5,2,40193,3300,3320,200000,1,1,28739,3298,3325,123186,2,2,3600,3297,3330,273364,4
12:29:46,تملت,تامین سرمایه بانک ملت,IRO1TMLT0001,11129387075131725,فعالیت‌های کمکی به نهادهای مالی واسط,67,78000000000,1,121836000000000,483.0,3.2,1518,1610,1523,1600,1564,1600,1560,-4,-0.26,1562,-2,-0.13,157,2229426,3482200441,56,1,101,0,2049897,179529,2229426,0,3,73163,1559,1570,35748,1,1,5000,1558,1593,13161,4,1,10000,1557,1594,4647,1,4,1005000,1556,1597,15000,2,4,1010000,1555,1599,10003,3
12:27:14,آردینه,نشاسته و گلوکز آردینه,IRO3ARDZ0001,9956888831468521,محصولات غذایی و آشامیدنی به جز قند و شکر,42,2000000000,1,41700000000000,2672.0,7.8,19700,20850,20850,20850,20290,20850,20850,560,2.76,20850,560,2.76,156,1637869,34149568650,13,4,124,1,1237869,400000,395892,1241977,244,18030565,20850,0,0,0,1,1000,20800,0,0,0,1,400,20700,0,0,0,3,2831,19700,0,0,0,0,0,0,0,0,0
12:29:58,درازی,پخش رازی,IRO3PSRZ0001,16567465928886309,مواد و محصولات دارویی,43,1000000000,1,12370000000000,-930.0,-13.3,11980,12720,12010,12600,12350,12600,12230,-120,-0.97,12370,20,0.16,156,954940,11808972610,76,1,47,2,941660,13280,900532,54408,2,3824,12040,12230,56532,1,2,2453,12020,12350,1300,1,2,10417,12010,12530,5786,1,5,66161,11990,12550,8174,1,17,25400,11980,12560,13280,1
12:29:42,دکوثر,داروسازی‌ کوثر,IRO1DKSR0001,23353689102956991,مواد و محصولات دارویی,43,3400000000,1,31382000000000,316.0,29.2,9230,9790,9230,9230,9510,9230,9230,-280,-2.94,9230,-280,-2.94,156,1632023,15063572290,115,0,5,0,1632023,0,1632023,0,0,0,0,9230,6006188,131,0,0,0,9240,1050,1,0,0,0,9500,8902,2,0,0,0,9520,1500,1,0,0,0,9700,10000,1
12:26:47,فماک,ماداکتو استیل کرد,IRO5MSCS0001,35445515321658835,فلزات اساسی,27,405000000,1,4750650000000,657.0,17.9,11410,12110,11410,12010,11760,11420,11800,40,0.34,11730,-30,-0.26,156,1351682,15850180100,48,0,42,0,1351682,0,1351682,0,1,5000,11750,11840,5000,1,2,12568,11720,11990,675,1,3,12091,11710,12100,101000,3,1,50000,11560,12110,124079,5,3,105639,11550,0,0,0
12:29:47,حگردش,ریل گردش ایرانیان,IRO7RGIP0001,53334304751609770,حمل و نقل، انبارداری و ارتباطات,60,1780000000,1,3714860000000,470.0,4.4,2029,2153,2029,2153,2091,2060,2133,42,2.01,2087,-4,-0.19,155,10846642,22633261471,49,0,52,0,10846642,0,10846642,0,1,164295,2115,2133,710090,3,1,400000,2111,2144,30000,1,1,400000,2109,2146,103253,2,1,400000,2107,2147,400000,1,1,100000,2101,2151,19688,1
13:31:19,آرامش,صندوق سرمایه گذاری آرامش-ثابت,IRT1ARAS0001,7104496710718469,صندوق سرمایه‌گذاری قابل معامله,68,5500000000,1,100661000000000,,,17728,18824,18302,18303,18276,18302,18303,27,0.15,18302,26,0.14,154,8878701,162498186124,84,1,52,5,1299834,7575367,3042394,5832807,1,300000000,18302,18303,50006500,2,1,1000000,18301,18304,1000000,1,1,1000000,18300,18305,1000000,1,1,1000000,18299,18306,1000000,1,1,1000000,18298,18307,1000000,1
12:29:40,تکمبا,کمباین‌ سازی‌ ایران,IRO1COMB0001,30719054967088301,ماشین‌آلات و تجهیزات,29,1723027501,1,11871659481890,510.0,13.5,6520,6920,6680,6920,6720,6890,6910,190,2.83,6890,170,2.53,154,4471182,30784909340,41,2,55,1,2775446,1695736,4040996,430186,1,518,6910,6920,89606,1,1,1200,6860,6950,3420,2,2,213869,6850,0,0,0,1,62666,6830,0,0,0,2,50041,6760,0,0,0
12:29:35,وایران,لیزینگ ایرانیان,IRO1LIRZ0001,3149396562827132,سایر واسطه‌گری‌های مالی,58,2130000000,1,9406080000000,164.0,26.9,4160,4416,4368,4416,4288,4416,4416,128,2.99,4416,128,2.99,153,3361496,14842733878,59,0,51,1,3361496,0,3061496,300000,19,474372,4416,0,0,0,2,6500,4400,0,0,0,2,8605,4380,0,0,0,1,5000,4370,0,0,0,1,10000,4368,0,0,0
12:23:55,غگز,صنایع غذایی سکه,IRO5GSKS0001,57551382352708199,محصولات غذایی و آشامیدنی به جز قند و شکر,42,2637718000,1,13270359258000,13.0,387.0,4756,5050,4757,5050,4903,4757,5050,147,3.0,5031,128,2.61,152,6084413,30612909054,37,0,62,1,6084413,0,5884413,200000,72,7859463,5050,0,0,0,1,2100,4905,0,0,0,1,15000,4903,0,0,0,1,100000,4828,0,0,0,4,37000,4823,0,0,0
12:29:19,هم ارز,صندوق س.سهم نگر جام جم-س,IRT3JMJF0001,68326919524398561,صندوق سرمایه‌گذاری قابل معامله,68,200000000,1,2051600000000,,,9700,10300,10000,10300,10000,10000,10297,297,2.97,10258,258,2.58,152,9948839,102058798209,30,4,39,4,4986413,4962426,2055632,7893207,1,199,10296,10297,20900,1,2,20325,10241,10298,500,1,1,850,10230,10299,100000,1,1,1000,10220,10300,673538,10,1,1000,10201,10812,500,1
12:19:55,غمارگ,مارگارین,IRO7MRGN0001,21501758781665781,محصولات غذایی و آشامیدنی به جز قند و شکر,42,35000000000,1,48405000000000,-92.0,-15.0,1304,1384,1345,1384,1344,1384,1384,40,2.98,1383,39,2.9,151,13036611,18026250717,48,0,73,0,13036611,0,13036611,0,23,3907962,1384,0,0,0,1,134000,1380,0,0,0,1,323564,1379,0,0,0,1,47827,1373,0,0,0,1,20000,1345,0,0,0
13:28:25,همیان,صندوق س.پشتوانه طلا همیان سپهر,IRTKHAMY0001,50072269736641214,صندوق سرمایه‌گذاری قابل معامله,68,1000000000,1,15880000000000,,,14637,17889,15751,15999,16263,15880,15793,-470,-2.89,15880,-383,-2.36,151,397614,6314086814,50,5,45,11,183147,214467,197623,199991,1,100,15792,15793,232,1,6,420,15790,15813,4543,1,1,200,15788,15930,6446,1,1,100,15781,15948,42,1,5,1561,15780,15958,2334,1
12:27:40,بالبر,کابل‌ البرز,IRO1KALZ0001,62952165421099192,ماشین‌آلات و دستگاه‌های برقی,31,640000000,1,16160000000000,619.0,40.8,25250,26810,25250,25250,26030,25250,25250,-780,-3.0,25250,-780,-3.0,151,1044628,26376857000,81,0,41,0,1044628,0,1044628,0,0,0,0,25250,2743424,176,0,0,0,25260,77488,1,0,0,0,26000,18533,2,0,0,0,26030,35727,4,0,0,0,26730,1000,1
12:28:20,خبرگان,صندوق س اندیشه خبرگان-سهام,IRT1KHBR0001,27639047710974505,صندوق سرمایه‌گذاری قابل معامله,68,400000000,1,13682400000000,,,32793,34821,33786,34821,33807,33949,34821,1014,3.0,34206,399,1.18,150,1642877,56195755257,37,3,46,3,459747,1183130,1526957,115920,1,130,34501,34821,9313,1,2,500,34500,0,0,0,1,294,34493,0,0,0,2,1838,34492,0,0,0,2,70229,34402,0,0,0
11:53:30,کی بی سی,شرکت کی بی سی,IRO3KBCZ0001,62977319271289925,مواد و محصولات دارویی,43,1740000000,1,9222000000000,360.0,14.7,5000,5300,5300,5300,5146,5300,5300,154,2.99,5300,154,2.99,150,13788270,73077831000,64,0,43,2,13788270,0,10416180,3372090,484,17963766,5300,0,0,0,10,1047809,5200,0,0,0,2,213964,5180,0,0,0,3,420000,5160,0,0,0,9,188480,5150,0,0,0
12:26:40,سفارس,سیمان فارس و خوزستان,IRO1SFKZ0001,15521712617204216,سیمان، آهک و گچ,53,20000000000,1,446400000000000,2598.0,8.6,21020,22320,22320,22320,21670,22320,22320,650,3.0,22320,650,3.0,149,2144183,47858164560,24,1,95,1,2044183,100000,878183,1266000,1685,126229957,22320,0,0,0,3,5411,22300,0,0,0,1,25000,22290,0,0,0,1,4938,22190,0,0,0,1,5414,22080,0,0,0
13:27:21,داریک,صندوق س.اعتماد داریک-د,IRT3DRKF0001,71076372178147339,صندوق سرمایه‌گذاری قابل معامله,68,2000000000,1,74096000000000,,,35890,38110,37048,37049,37000,37048,37048,48,0.13,37048,48,0.13,148,3902749,144589709248,57,1,69,3,826352,3076397,1977203,1925546,2,98138603,37048,37049,5730225,8,1,10000000,37047,37922,1640,2,1,10000000,37046,0,0,0,1,10000000,37045,0,0,0,1,10000000,37044,0,0,0
12:29:47,تکپاد,صندوق س. مشترک آریان-س,IRT3AARF0001,1825060609227181,صندوق سرمایه‌گذاری قابل معامله,68,500000000,1,9534500000000,,,18266,19394,18840,19340,18830,18990,19301,471,2.5,19069,239,1.27,147,11071718,211128101815,38,6,26,4,7183242,3888476,2310177,8761541,1,173864,19300,19301,8000,1,1,500000,19290,19330,109443,2,1,500000,19280,19340,198036,1,1,1000000,19270,19350,300000,1,1,1000000,19260,19360,500000,1
12:28:17,سمازن,سیمان‌مازندران,IRO1SMAZ0001,33808206014018431,سیمان، آهک و گچ,53,2466000000,1,123349320000000,9270.0,5.4,47120,50020,50020,50020,48570,50020,50020,1450,2.99,50020,1450,2.99,146,4400424,220109208480,56,5,42,2,3950424,450000,146424,4254000,881,43126664,50020,0,0,0,1,150,50010,0,0,0,4,10810,50000,0,0,0,1,10000,48700,0,0,0,1,150,48670,0,0,0
12:28:27,بازرگام,پست پیشگامان,IRO7BZGP0001,47797676603278665,اطلاعات و ارتباطات,73,6000000000,11965279,18432000000000,602.0,5.1,2939,3119,3004,3119,3029,3109,3114,85,2.81,3072,43,1.42,146,6537026,20311061944,23,1,47,2,6317026,220000,5440242,1096784,1,28467,3114,3118,20000,1,1,3031,3070,3119,105474,3,1,17000,3006,3416,100000,1,1,30000,3003,4339,1100,1,1,16656,3002,0,0,0
12:28:55,اوان,مبین وان کیش,IRO3MOBZ0001,69847139870135237,اطلاعات و ارتباطات,73,1000000000,1,9390000000000,19.0,494.2,8870,9410,9000,9410,9140,9410,9410,270,2.95,9390,250,2.74,145,2484402,23317878110,60,0,63,0,2484402,0,2484402,0,5,146080,9410,0,0,0,2,14376,9400,0,0,0,1,2000,9350,0,0,0,2,22924,9330,0,0,0,5,7322,9320,0,0,0
12:15:09,غچین,کشت‌ و صنعت‌ چین‌ چین,IRO1CHCH0001,44850033148208596,محصولات غذایی و آشامیدنی به جز قند و شکر,42,4500000000,1,12798000000000,424.0,6.7,2680,2844,2844,2844,2762,2844,2844,82,2.97,2844,82,2.97,144,8701554,24747219576,58,1,24,4,6758218,1943336,1681766,7019788,19,1903120,2844,0,0,0,1,4390,2768,0,0,0,1,11000,2767,0,0,0,1,1900,2765,0,0,0,1,7658,2764,0,0,0
12:29:58,پسهند,صنایع‌ لاستیکی‌  سهند,IRO1SHND0001,10120557300120078,لاستیک و پلاستیک,25,860000000,1,13923400000000,943.0,17.2,15910,16890,15940,16560,16400,15940,16100,-300,-1.83,16190,-210,-1.28,143,656294,10627151890,77,1,22,2,610114,46180,233708,422586,2,628,16090,16100,31466,1,4,11235,16070,16120,26448,2,1,1364,16060,16150,14500,1,1,350,16030,16280,40000,1,2,10313,16020,16290,5000,1
12:28:20,وبشهر,توسعه‌ صنایع‌ بهشهر(هلدینگ,IRO1TSBE0001,13937270451301973,محصولات غذایی و آشامیدنی به جز قند و شکر,42,60000000000,1,260640000000000,390.0,11.1,4092,4344,4344,4344,4218,4344,4344,126,2.99,4344,126,2.99,143,9116356,39601450464,55,0,45,4,9116356,0,3521483,5594873,147,10910991,4344,0,0,0,3,134464,4247,0,0,0,1,1659,4202,0,0,0,3,16296,4200,0,0,0,1,1300,4151,0,0,0
12:26:36,مداران,داده‌پردازی‌ایران,IRO1DADE0001,65999092673039059,رایانه و فعالیت‌های وابسته به آن,72,5800000000,1,20166600000000,466.0,7.5,3467,3681,3467,3600,3574,3467,3490,-84,-2.35,3477,-97,-2.71,143,9730419,33834947561,42,1,39,0,1384994,8345425,9730419,0,1,17135,3490,3510,5000,1,1,10000,3468,3520,10000,2,2,559575,3467,3591,247485,1,0,0,0,3597,10152,4,0,0,0,3599,1487,1
12:29:34,گشان,توسعه بین المللی پدیده شاندیز,IRO7PSDP0001,70391097626818082,هتل و رستوران,55,1485543975,1,28299612723750,3103.0,6.1,17950,19050,19050,19050,18500,19050,19050,550,2.97,19050,550,2.97,143,1063114,20252321700,23,0,86,1,1063114,0,552514,510600,68,1993285,19050,0,0,0,1,3100,18510,0,0,0,3,115000,18500,0,0,0,1,4000,18180,0,0,0,1,5000,18000,0,0,0
12:17:28,خمحور,تولیدمحورخودرو,IRO1TMKH0001,7457232989848872,خودرو و ساخت قطعات,34,6325419000,1,27085444158000,605.0,7.1,4034,4282,4281,4282,4158,4282,4282,124,2.98,4282,124,2.98,142,8245449,35306894369,43,0,49,1,8245449,0,6184289,2061160,39,7972118,4282,0,0,0,1,3000,4221,0,0,0,1,29999,4192,0,0,0,1,60000,4050,0,0,0,1,5000,4040,0,0,0
12:26:58,قهکمت,قندهکمتان,IRO1GHEG0001,14398278072324784,قند و شکر,38,7500000000,1,51525000000000,752.0,9.1,6480,6880,6690,6880,6680,6880,6800,120,1.8,6870,190,2.84,142,3408163,23415161180,41,2,34,1,2815846,592317,1408163,2000000,2,28849,6800,0,0,0,2,6000,6770,0,0,0,2,200000,6740,0,0,0,5,802000,6730,0,0,0,2,201000,6680,0,0,0
13:01:49,دیران,ایران‌دارو,IRO1IRDR0001,69090868458637360,مواد و محصولات دارویی,43,1780000000,1,8360660000000,204.0,23.0,4425,4697,4697,4697,4561,4697,4697,136,2.98,4697,136,2.98,142,17016019,79924241243,18,1,34,2,16616019,400000,13966019,3050000,57,12140478,4697,0,0,0,2,26843,4561,0,0,0,1,1800,4550,0,0,0,1,1120,4500,0,0,0,1,10000,4432,0,0,0
13:28:29,بلوط,صندوق س شکوه بامداد زاگرس-ثابت,IRT1BLOT0001,4769396408895066,صندوق سرمایه‌گذاری قابل معامله,68,1000000000,1,10009000000000,,,9941,10555,10009,10010,10248,10010,10010,-238,-2.32,10009,-239,-2.33,140,4288792,42926715540,99,1,21,1,1254178,3034614,3427433,861359,6,30071050,10009,10010,13049110,12,5,324183,10008,10011,100000,1,2,101000,10007,10012,100000,1,2,101000,10006,10013,100000,1,2,101000,10005,10014,100000,1
12:24:08,انار,صندوق س.انارنماد ارزش-درسهام,IRT1ANAR0001,30215634246748564,صندوق سرمایه‌گذاری قابل معامله,68,500000000,1,16019500000000,,,30981,32897,31980,32150,31939,32000,32089,150,0.47,32039,100,0.31,140,1405855,45041857749,9,3,26,5,89139,1316716,230942,1174913,1,84429,32040,32090,200000,2,1,20000,32028,32100,19700,1,2,36400,31980,32226,62265,1,1,100000,31976,32595,1000,1,1,20000,31971,32740,500,1
13:30:25,ثابت اکسیژن,ص.س.درآمد ثابت اکسیژن-د,IRT3SOXF0001,44558786393585356,صندوق سرمایه‌گذاری قابل معامله,68,500000000,1,8897500000000,,,17241,18307,17795,17796,17774,17795,17795,21,0.12,17795,21,0.12,140,34126154,607275571733,21,1,61,3,758037,33368117,8135076,25991078,1,38532167,17795,17796,21182446,4,1,1000000,17794,17797,212392,2,1,1000000,17793,17798,200000,1,1,1000000,17792,17799,200000,1,1,1000000,17791,17800,200000,1
13:23:32,طلوع,صندوق س.طلوع نوین ثابت-د,IRT3NNGF0001,19060410060488876,صندوق سرمایه‌گذاری قابل معامله,68,630000000,1,45332910000000,,,69721,74033,71956,71958,71877,71956,71958,81,0.11,71957,80,0.11,139,4887542,351691926253,53,2,71,2,2317506,2570036,2797359,2090183,20,20000000,71956,71958,1000350,2,1,1000000,71955,71959,10000,1,1,1000000,71954,71960,10000,1,1,1000000,71953,71961,10204,2,2,1001500,71952,71962,10500,2
12:29:55,عقیق,صندوق سرمایه گذاری عقیق-سهام,IRT1AGHI0001,45452221088910484,صندوق سرمایه‌گذاری قابل معامله,68,1000000000,1,20821000000000,,,19963,21197,20500,20957,20580,20505,20957,377,1.83,20821,241,1.17,139,2755934,57382233957,28,4,23,5,1998053,757881,1356271,1399663,1,160,20752,20980,1000,1,1,160,20751,21000,500,1,1,107,20721,22150,500,1,1,2418,20700,0,0,0,1,19382,20667,0,0,0
12:29:47,حگهر,حمل و نقل گهرترابر سیرجان,IRO3GTTZ0001,47756003257788498,حمل و نقل، انبارداری و ارتباطات,60,21960000000,1,43941960000000,272.0,7.4,1936,2054,1995,2053,1995,2053,2019,24,1.2,2001,6,0.3,139,5543306,11094881194,38,1,33,0,2243306,3300000,5543306,0,1,44910,2020,2021,65296,3,1,47258,2017,2029,91000,1,2,173553,2015,2030,305000,2,1,8012,1998,2032,10000,1,1,50000,1997,2033,24947,1
12:26:27,بخاور,بیمه زندگی خاورمیانه,IRO3MLIZ0001,5599691633622269,بیمه و صندوق بازنشستگی به جز تامین اجتماعی,66,5000000000,1,23410000000000,694.0,6.7,4411,4683,4601,4683,4547,4683,4683,136,2.99,4682,135,2.97,136,9026764,42263592571,29,0,24,4,9026764,0,6302249,2724515,4,701173,4683,0,0,0,1,200000,4600,0,0,0,1,5000,4521,0,0,0,1,200000,4520,0,0,0,1,9957,4503,0,0,0
12:28:21,خریخت,صنایع‌ریخته‌گری‌ایران,IRO1RIIR0001,12752224677923341,خودرو و ساخت قطعات,34,12409699260,1,13836814674900,196.0,5.7,1051,1115,1115,1115,1083,1115,1115,32,2.95,1115,32,2.95,136,7689855,8574188325,59,1,48,3,7331999,357856,3610832,4079023,30,2464192,1115,0,0,0,2,205000,1110,0,0,0,1,100000,1100,0,0,0,6,230447,1084,0,0,0,1,17500,1074,0,0,0
12:25:48,بزاگرس,نیروگاه زاگرس کوثر,IRO3ZKPZ0001,29882244560576007,عرضه برق، گاز، بخار و آب گرم,40,6000000000,1,31740000000000,485.0,10.9,5250,5570,5250,5450,5410,5250,5250,-160,-2.96,5290,-120,-2.22,136,1969914,10412009150,52,1,53,0,1856727,113187,1969914,0,1,5000,5260,5370,50000,1,12,212074,5250,5380,51150,1,1,22230,5130,5400,248146,6,1,5000,5120,5410,6203,1,0,0,0,5430,24000,1
11:57:19,بنو,بیمه تجارت نو,IRO3TNIZ0001,54493234408301135,بیمه و صندوق بازنشستگی به جز تامین اجتماعی,66,24000000000,1,34608000000000,315.0,4.6,1362,1446,1381,1446,1404,1402,1446,42,2.99,1442,38,2.71,136,10989288,15851007313,33,0,60,3,10989288,0,6410662,4578626,16,5373016,1446,1466,3469,1,1,10000,1435,1483,3430,1,1,10000,1433,0,0,0,1,35372,1432,0,0,0,3,23500,1431,0,0,0
12:28:49,سیمانو,صندوق س صنایع مفید3- بخشی,IRT1SIMF0001,62069100905581368,صندوق سرمایه‌گذاری قابل معامله,68,2000000000,1,61100000000000,,,28772,30550,30550,30550,29661,30550,30550,889,3.0,30550,889,3.0,135,3825268,116861937400,7,0,98,2,3825268,0,325268,3500000,1154,78015904,30550,30550,295923,1,2,1202,30540,0,0,0,1,200,30500,0,0,0,1,400,30400,0,0,0,1,2568,30100,0,0,0
12:29:23,گکوثر,هتل پارسیان کوثر اصفهان,IRO3PKHZ0001,66599109405217136,هتل و رستوران,55,3829326575,1,14199142940100,385.0,9.6,3574,3794,3594,3766,3684,3594,3691,7,0.19,3708,24,0.65,135,4294061,15924129863,38,2,41,2,4094273,199788,2492051,1802010,1,100000,3672,3716,50000,1,1,48098,3660,3717,20000,1,2,103000,3657,3733,48098,1,2,102000,3649,3740,398000,1,1,8000,3630,3750,30000,1
12:28:16,همتا,صندوق س قلک همتا-سهام,IRT1HAMT0001,33923981945674722,صندوق سرمایه‌گذاری قابل معامله,68,400000000,1,5016400000000,,,11846,12578,12399,12578,12212,12400,12578,366,3.0,12541,329,2.69,134,25290900,317171386871,10,8,17,5,1036156,24254744,2526964,22763936,2,1002025,12578,0,0,0,1,800,12363,0,0,0,2,81036,12340,0,0,0,1,100000,12231,0,0,0,0,0,0,0,0,0
12:29:31,سهگمت,سیمان‌هگمتان,IRO1SHGN0001,41284516796232939,سیمان، آهک و گچ,53,728789000,1,110076290560000,25712.0,5.9,142260,151040,151040,151040,146650,151040,151040,4390,2.99,151040,4390,2.99,134,1914366,289145840640,32,7,34,3,1564366,350000,118856,1795510,186,4288019,151040,0,0,0,4,1107,146650,0,0,0,1,230,142380,0,0,0,1,70,142260,0,0,0,1,373,134220,0,0,0
12:29:56,دریا,صندوق س دریای آبی فیروزه-سهام,IRT1DYAF0001,11285885633824855,صندوق سرمایه‌گذاری قابل معامله,68,1000000000,1,31060000000000,,,30060,31918,30936,31490,30989,31027,31280,291,0.94,31060,71,0.23,133,2273923,70627446862,8,1,33,2,97345,2176578,739702,1534221,1,163422,31280,31491,3,1,1,53254,31250,31492,220,2,1,2618,31000,31494,1160,2,1,2692,30621,31749,100000,1,1,1200,30603,31756,234000,1
12:20:09,زگلدشت,کشت و دام گلدشت نمونه اصفهان,IRO3GDSZ0001,10024128313803797,زراعت و خدمات وابسته,1,5600000000,1,42784000000000,938.0,8.1,7200,7640,7640,7640,7420,7640,7640,220,2.96,7640,220,2.96,132,10023236,76577523040,43,11,16,4,7873236,2150000,136879,9886357,257,35755539,7640,0,0,0,1,1500,7560,0,0,0,2,110568,7420,0,0,0,2,70192,7200,0,0,0,1,761,6610,0,0,0
12:29:37,ثهام,صندوق س ثروت هامرز-سهام,IRT1SEHM0001,38713440086361985,صندوق سرمایه‌گذاری قابل معامله,68,400000000,1,23071200000000,,,55847,59301,56777,58899,57574,56777,58376,802,1.39,57678,104,0.18,132,442334,25512966633,37,1,55,1,267502,174832,425534,16800,1,22157,58426,58696,13302,1,1,42699,58425,58750,36000,1,1,50366,58424,58900,19658,1,1,32699,58423,58910,20366,1,1,1050,58375,58990,3000,1
12:29:25,آپ,آسان پرداخت پرشین,IRO1APPE0001,55254206302462116,رایانه و فعالیت‌های وابسته به آن,72,10000000000,1,101900000000000,106.0,96.1,10080,10700,10080,10670,10390,10670,10180,-210,-2.02,10190,-200,-1.92,132,899325,9159910340,58,1,43,0,450971,448354,899325,0,1,27561,10100,10250,59197,1,1,33561,10090,10270,81387,1,10,146452,10080,10280,132531,2,0,0,0,10290,10498,2,0,0,0,10320,2883,1
12:25:56,کگاز,شیشه‌ و گاز,IRO1SGAZ0001,62346804681275278,سایر محصولات کانی غیرفلزی,54,850000000,1,29452500000000,4499.0,7.7,32650,34650,33410,34650,33650,34650,34650,1000,2.97,34650,1000,2.97,132,792442,27455981080,16,1,48,3,791272,1170,402258,390184,16,371111,34650,0,0,0,1,5000,34280,0,0,0,1,225,34240,0,0,0,1,50000,33790,0,0,0,1,153,33530,0,0,0
12:28:52,وطوبی,سرمایه گذاری اقتصاد شهر طوبی,IRO3TOIZ0001,3955332316338258,سرمایه‌گذاری‌ها,56,4500000000,1,14017500000000,360.0,8.7,2939,3119,3055,3119,3029,3100,3119,90,2.97,3115,86,2.84,131,5417708,16876779676,35,1,40,3,5383943,33765,1717545,3700163,15,967851,3119,0,0,0,2,35000,3118,0,0,0,1,50000,3115,0,0,0,3,103060,3100,0,0,0,2,20000,3097,0,0,0
12:59:58,خبهمن3,گروه‌بهمن,IRO1BHMN0003,68115844277345930,خودرو و ساخت قطعات,34,134637967000,1,230500199504000,197.0,8.7,1712,1712,1712,1712,1706,1712,1712,6,0.35,1712,6,0.35,131,17001613,29106761456,32,1,5,1,11801613,5200000,125200,16876413,0,0,0,1712,4123587,11,0,0,0,0,0,0,0,0,0,0,0,0,0,0,0,0,0,0,0,0,0,0,0,0
13:17:57,هامرز,صندوق س اعتماد هامرز-ثابت,IRT1ETHM0001,50503654866742146,صندوق سرمایه‌گذاری قابل معامله,68,2500000000,1,25027500000000,,,9942,10556,10011,10012,10249,10011,10012,-237,-2.31,10011,-238,-2.32,130,24545954,245729888580,52,1,23,3,856360,23689594,2921739,21624215,89,100130419,10011,10012,14884798,15,1,1000000,10010,10013,200000,1,1,1000000,10009,10014,200000,1,1,1000000,10008,10015,200000,1,1,1000000,10007,10016,200000,1
12:24:15,وثنو,سرمایه گذاری ساختمانی نوین,IRO3SNOP0001,22501232035732859,سرمایه‌گذاری‌ها,56,3300000000,1,8332500000000,451.0,5.6,2385,2531,2401,2531,2458,2401,2531,73,2.97,2525,67,2.73,129,10580028,26709565175,33,1,38,1,8014948,2565080,5638308,4941720,8,641455,2531,2595,1,1,1,4000,2490,0,0,0,1,20000,2432,0,0,0,1,30000,2408,0,0,0,1,2500,2390,0,0,0
12:25:05,رانفور,خدمات‌انفورماتیک,IRO1INFO0001,40505767672724777,رایانه و فعالیت‌های وابسته به آن,72,60000000000,1,242880000000000,270.0,15.0,3814,4048,4048,4048,3931,4048,4048,117,2.98,4048,117,2.98,129,15720745,63637575760,48,0,38,3,15720745,0,1238893,14481852,82,23411094,4048,0,0,0,1,50000,3932,0,0,0,1,10000,3931,0,0,0,2,1321,3814,0,0,0,0,0,0,0,0,0
13:18:37,خاتم,صندوق س خاتم ایساتیس پویا-ثابت,IRT1KATM0001,18865325633315847,صندوق سرمایه‌گذاری قابل معامله,68,1000000000,1,38016000000000,,,36826,39102,38016,38017,37964,38016,38017,53,0.14,38016,52,0.14,128,3626813,137878343792,31,1,81,4,1921093,1705720,1602764,2024049,3,49412242,38016,38017,23949150,2,1,1000000,38015,38018,1000000,1,1,1000000,38014,38019,1000000,1,1,1000000,38013,38020,1000000,1,1,1000000,38012,38021,1004400,2
12:29:59,تخت گاز,صندوق س.بخشی صنایع معیار-ب,IRT3THGF0001,30507739597192201,صندوق سرمایه‌گذاری قابل معامله,68,500000000,1,5031500000000,,,9653,10249,9700,10190,9951,9712,10134,183,1.84,10063,112,1.13,128,1568924,15788614764,42,0,49,1,1568924,0,749430,819494,1,5000,9961,10134,46198,1,1,3000,9951,10135,30615,1,1,1000,9948,10136,218745,1,1,10000,9905,10150,140267,1,1,5000,9802,10175,5555,1
12:28:14,قتربت,قند تربت حیدریه,IRO3TSUP0001,13140135188919199,قند و شکر,38,2840901000,1,24516975630000,924.0,9.3,8170,8670,8180,8670,8420,8180,8640,220,2.61,8630,210,2.49,127,2939876,25366514570,40,0,49,1,2939876,0,2336085,603791,2,3600,8570,8640,64928,1,2,4823,8560,8650,196209,1,1,45900,8550,8660,374139,5,2,5605,8510,8670,128099,7,1,10000,8480,0,0,0
12:24:54,شاملا,معدنی‌ املاح‌  ایران,IRO1AMLH0001,16959429956899455,محصولات شیمیایی,44,5000000000,1,132800000000000,3009.0,8.8,25020,26560,26560,26560,25790,26560,26560,770,2.99,26560,770,2.99,127,3309259,87893919040,38,4,32,4,2028436,1280823,223259,3086000,377,19871671,26560,0,0,0,1,1000,26020,0,0,0,1,15000,26000,0,0,0,1,10000,25830,0,0,0,11,183785,25820,0,0,0
12:29:57,واعتبار,سرمایه گذاری اعتبار ایران,IRO1IDOC0001,47841327496247362,سرمایه‌گذاری‌ها,56,3500000000,1,7129500000000,846.0,2.4,1986,2108,2009,2067,2047,2047,2055,8,0.39,2037,-10,-0.49,126,4301855,8761440931,53,1,44,0,4243833,58022,4301855,0,1,16331,2055,2067,2083,1,1,109664,2050,2100,4055000,12,1,10000,2033,2104,132901,1,1,10000,2032,2106,25000,1,2,13000,2031,2107,116823,2
12:28:33,شلرد,کود شیمیایی اوره لردگان,IRO7SHLP0001,56429431740318486,محصولات شیمیایی,44,41348735000,1,85219742835000,82.0,25.1,1941,2061,2061,2061,2001,2061,2061,60,3.0,2061,60,3.0,126,19993295,41206180995,31,2,53,1,18393295,1600000,4832588,15160707,298,140715510,2061,2071,2484,1,2,52500,2010,2073,28158,1,1,30000,2003,2201,275000,3,1,50000,2002,2217,9100,1,7,539258,2001,2240,5000,1
12:27:38,بشهاب,لامپ‌  پارس‌ شهاب,IRO1LAPS0001,69454539056549106,ماشین‌آلات و دستگاه‌های برقی,31,2700000000,1,21195000000000,1011.0,7.8,7420,7860,7660,7860,7640,7790,7860,220,2.88,7850,210,2.75,126,1681945,13199623510,35,0,62,0,1681945,0,1681945,0,5,53043,7860,0,0,0,2,33000,7780,0,0,0,1,10000,7770,0,0,0,1,1000,7740,0,0,0,1,50000,7710,0,0,0
12:25:06,چکارن,کارتن‌ ایران,IRO1KRTI0001,53113471126689455,محصولات کاغذی,21,2957295000,1,11447688945000,313.0,12.4,3720,3950,3816,3941,3835,3887,3859,24,0.63,3871,36,0.94,125,1518699,5879434983,47,0,48,0,1518699,0,1518699,0,1,1500,3815,3816,88750,1,1,4000,3813,3851,72478,1,2,55000,3801,3852,1310,1,1,10000,3800,3862,12500,1,1,3330,3797,3864,10000,1
12:26:08,ثباغ,شهر سازی و خانه سازی باغمیشه,IRO3BGHZ0001,68909035712962732,انبوه‌سازی، املاک و مستغلات,70,4620000000,1,22799700000000,878.0,5.6,4649,4935,4910,4935,4792,4935,4935,143,2.98,4935,143,2.98,125,6276283,30972969619,34,0,54,1,6276283,0,5376283,900000,28,4083723,4935,0,0,0,2,3100,4921,0,0,0,1,400000,4920,0,0,0,1,400000,4911,0,0,0,10,13900,4910,0,0,0
12:29:15,پتروآبان,صندوق س. بخشی پتروآبان-ب,IRT3PTBF0001,18757639286384873,صندوق سرمایه‌گذاری قابل معامله,68,1000000000,1,17808000000000,,,17131,18189,17666,18148,17660,17666,17860,200,1.13,17808,148,0.84,124,4088343,72804996155,45,5,25,3,1782693,2305650,185475,3902868,1,250,17859,17860,597250,1,1,3000,17790,17870,1000000,1,1,10000,17777,18118,70,1,1,5000,17760,18129,2000,1,1,10000,17700,18130,100000,1
12:59:24,کپشیر3,پشم‌شیشه‌ایران,IRO1PSIR0003,51539428563965515,سایر محصولات کانی غیرفلزی,54,6000000000,1,78240000000000,1215.0,10.7,13040,13040,13040,13040,12720,13040,13040,320,2.52,13040,320,2.52,124,4769344,62192245760,25,0,0,1,4769344,0,0,4769344,2,10384,13040,0,0,0,0,0,0,0,0,0,0,0,0,0,0,0,0,0,0,0,0,0,0,0,0,0,0,0
10:32:28,غالبر,لبنیات‌ کالبر,IRO1KLBR0001,24303422207378456,محصولات غذایی و آشامیدنی به جز قند و شکر,42,462000000,1,15403080000000,-911.0,-36.6,33340,35400,33340,33340,34370,33340,33340,-1030,-3.0,33340,-1030,-3.0,123,334393,11148662620,105,1,10,0,334193,200,334393,0,0,0,0,33340,14678152,568,0,0,0,33360,29601,3,0,0,0,34100,11670,3,0,0,0,34300,2651,1,0,0,0,34340,13260,4
12:25:49,شساخت,مهندسی و ساختمان صنایع نفت,IRO7OECP0001,15282093177363578,استخراج نفت گاز و خدمات جنبی جز اکتشاف,11,7519041764,1,96093353743920,2981.0,4.3,12040,12780,12770,12780,12410,12780,12780,370,2.98,12780,370,2.98,122,3216634,41108382520,34,1,24,1,3166634,50000,2816634,400000,9,195951,12780,0,0,0,2,15000,12770,0,0,0,2,104065,12500,0,0,0,1,100000,12450,0,0,0,2,200000,12430,0,0,0
12:29:31,شوینده,مدیریت صنعت شوینده ت.ص.بهشهر,IRO1SHOY0001,3493306453706327,محصولات شیمیایی,44,1000000000,1,24290000000000,2426.0,10.0,23590,25030,23900,24660,24310,24000,24490,180,0.74,24290,-20,-0.08,121,460999,11197460590,48,0,54,0,460999,0,460999,0,1,4200,24320,24660,3000,1,2,18900,24300,24680,5000,1,1,413,24250,24740,28895,2,2,6539,24220,25000,64300,5,1,23895,24150,25020,500,1
12:24:49,قنقش,قند نقش جهان,IRO7NJSP0001,3050342257199174,قند و شکر,38,7832288000,1,10980867776000,-42.0,-33.4,1368,1452,1370,1450,1410,1370,1425,15,1.06,1402,-8,-0.57,120,9875397,13849373149,38,2,37,1,8874482,1000915,5825747,4049650,2,238000,1399,1434,10000,1,1,26000,1398,1436,45600,2,1,80000,1397,1437,400000,1,1,50000,1388,1438,90000,1,1,190012,1385,1441,5000,1
12:59:59,وسپه3,سرمایه‌گذاری‌ سپه,IRO1SPAH0003,15395217608228230,سرمایه‌گذاری‌ها,56,51700000000,1,264704000000000,1210.0,4.2,5120,5120,5120,5120,5260,5120,5120,-140,-2.66,5120,-140,-2.66,120,7008373,35882869760,42,0,9,1,7008373,0,1181339,5827034,0,0,0,5120,372966,2,0,0,0,0,0,0,0,0,0,0,0,0,0,0,0,0,0,0,0,0,0,0,0,0
12:29:44,سیدکو,سرمایه گذاری توسعه صنایع سیمان,IRO1CIDC0001,37281199178613855,سیمان، آهک و گچ,53,6000000000,1,239820000000000,5616.0,7.1,37650,39970,39970,39970,38810,39970,39970,1160,2.99,39970,1160,2.99,120,3666326,146543050220,22,6,29,3,1214481,2451845,67646,3598680,105,5612265,39970,40500,4250,1,3,2130,38810,0,0,0,1,1287,38700,0,0,0,1,30000,37800,0,0,0,1,6350,37650,0,0,0
12:29:55,ولغدر,لیزینگ‌خودروغدیر,IRO1LKGH0001,23086515493897579,سایر واسطه‌گری‌های مالی,58,2400000000,1,4656000000000,94.0,20.6,1917,2035,1922,2018,1976,2018,1937,-39,-1.97,1940,-36,-1.82,119,4137848,8027722750,46,0,29,0,4137848,0,4137848,0,1,40101,1937,1995,80000,1,4,14200,1935,1996,392552,2,2,30773,1933,1997,300000,2,1,10000,1925,2000,246108,3,3,9113,1924,2015,5000,1
12:28:49,زفجر,کشاورزی و دامپروری فجر اصفهان,IRO3FAHZ0001,36844527173896115,زراعت و خدمات وابسته,1,900000000,1,26865000000000,6801.0,4.4,28150,29850,29850,29850,29000,29850,29850,850,2.93,29850,850,2.93,119,776236,23170644600,18,0,83,1,776236,0,25685,750551,694,23971131,29850,0,0,0,2,10200,29800,0,0,0,1,2352,29650,0,0,0,1,5135,29100,0,0,0,10,80687,29000,0,0,0
12:21:41,ثجنوب,سرمایه گذاری مسکن جنوب,IRO3MSJZ0001,60887982279284651,انبوه‌سازی، املاک و مستغلات,70,1400000000,1,17542000000000,3595.0,3.5,11810,12530,12480,12530,12170,12530,12530,360,2.96,12530,360,2.96,119,1770551,22184069900,42,0,48,2,1770551,0,970551,800000,22,546755,12530,0,0,0,1,500,12490,0,0,0,2,1400,11940,0,0,0,3,110500,11810,0,0,0,1,1000,11170,0,0,0
12:27:06,سفانو,سیمان فارس نو,IRO1SFNO0001,4528607775462304,سیمان، آهک و گچ,53,1600000000,1,71520000000000,7536.0,5.9,42100,44700,44700,44700,43400,44700,44700,1300,3.0,44700,1300,3.0,118,3558625,159070537500,39,7,19,3,2818667,739958,184301,3374324,201,5275511,44700,0,0,0,1,1131,44010,0,0,0,2,10726,44000,0,0,0,1,100000,43500,0,0,0,5,21017,43400,0,0,0
12:29:38,چافست,افست,IRO1OFST0001,23936607891892333,انتشار، چاپ و تکثیر,22,1930000000,1,24491700000000,2700.0,4.7,12130,12870,12180,12870,12500,12760,12870,370,2.96,12690,190,1.52,118,2878663,36521853260,16,2,45,4,1120767,1757896,2259318,619345,10,656224,12870,13240,762,1,1,400,12600,0,0,0,2,37280,12530,0,0,0,1,100000,12520,0,0,0,1,402,12510,0,0,0
12:29:54,تاتمس,کارخانجات صنعتی وتولیدی اتمسفر,IRO7ATMP0001,35543935713999309,ماشین‌آلات و تجهیزات,29,2400000000,1,30000000000000,231.0,54.1,12500,13260,12500,13040,12880,13040,12500,-380,-2.95,12500,-380,-2.95,118,4060463,50759339970,12,2,20,1,455463,3605000,4050463,10000,1,500,12050,12500,1498187,25,0,0,0,12680,100000,1,0,0,0,12770,90000,1,0,0,0,12780,100000,1,0,0,0,12790,100000,1
12:29:30,بساما,بیمه سامان,IRO3BSMZ0001,41625340598198551,بیمه و صندوق بازنشستگی به جز تامین اجتماعی,66,12000000000,1,127200000000000,-535.0,-19.8,10340,10960,10500,10880,10650,10600,10650,0,0.0,10600,-50,-0.47,118,1213604,12860561870,27,1,24,2,1088201,125403,961225,252379,1,4000,10520,10650,93777,2,3,25671,10510,10690,10032,2,5,21500,10500,10790,44213,1,1,10000,10460,10820,5000,1,2,10000,10420,10830,10000,1
12:29:43,مدارانح,ح . داده‌پردازی‌ایران,IRR1DADE0101,12639781184165880,رایانه و فعالیت‌های وابسته به آن,72,0,1,0,0.0,0.0,1768,1876,1768,1769,1822,1768,1768,-54,-2.96,1768,-54,-2.96,117,6195796,10954367328,25,0,36,0,6195796,0,6195796,0,0,0,0,1768,906150,6,0,0,0,1821,10000,1,0,0,0,1822,16203,2,0,0,0,1867,80000,1,0,0,0,1870,600446,3
12:25:02,افرا,افرانت,IRO3AFRZ0001,52792903131341205,رایانه و فعالیت‌های وابسته به آن,72,2040000000,1,21256800000000,424.0,24.6,9820,10420,10420,10420,10120,10420,10420,300,2.96,10420,300,2.96,116,2880407,30013840940,14,1,73,0,2811910,68497,2880407,0,118,15169721,10420,0,0,0,1,990,6270,0,0,0,1,1500,4750,0,0,0,0,0,0,0,0,0,0,0,0,0,0,0
12:02:26,دفارا,داروسازی‌ فارابی,IRO1DFRB0001,56550776668133562,مواد و محصولات دارویی,43,9206000000,1,80644560000000,1217.0,7.2,8260,8760,8760,8760,8510,8760,8760,250,2.94,8760,250,2.94,116,7751115,67899767400,35,8,35,2,6201115,1550000,540779,7210336,419,58334435,8760,0,0,0,6,477171,8510,0,0,0,1,1000,8300,0,0,0,1,1000,8260,0,0,0,1,5000,7590,0,0,0
12:28:42,سپید,سپید ماکیان,IRO1SPID0001,45519261544951819,زراعت و خدمات وابسته,1,9000000000,1,178020000000000,1776.0,11.1,18640,19780,19780,19780,19210,19780,19780,570,2.97,19780,570,2.97,114,1065805,21081622900,8,3,93,1,775000,290805,157805,908000,928,82371032,19780,0,0,0,1,300,19600,0,0,0,7,59419,19210,0,0,0,1,800,18660,0,0,0,2,1290,18640,0,0,0
12:24:08,وهنر,گروه توسعه هنر ایران,IRO7IADP0001,60783654574662426,فعالیت‌های هنری، سرگرمی و خلاقانه,90,993748000,1,3451286804000,-191.0,-18.2,3409,3619,3409,3540,3514,3450,3440,-74,-2.11,3473,-41,-1.17,114,4282405,14873805736,45,0,34,3,4282405,0,3474646,807759,1,51603,3491,3510,900,1,1,50703,3490,3515,500000,3,1,50703,3451,3520,25000,1,1,50703,3440,3528,22500,2,1,50703,3439,3530,450000,2
12:26:15,غشصفا,شیرپاستوریزه‌پگاه‌اصفهان,IRO1SPPE0001,61506294208022391,محصولات غذایی و آشامیدنی به جز قند و شکر,42,2145560000,1,31754288000000,2316.0,6.4,13950,14810,14700,14810,14380,14810,14810,430,2.99,14800,420,2.92,114,2580281,38190911450,19,1,57,2,388031,2192250,1284281,1296000,102,7438525,14810,15200,101257,5,2,1500,14700,0,0,0,3,11000,13950,0,0,0,0,0,0,0,0,0,0,0,0,0,0,0
12:23:05,دتوزیع,توزیع دارو پخش,IRO3DPDZ0001,66726992874614788,مواد و محصولات دارویی,43,30000000000,1,90960000000000,522.0,5.8,2856,3032,3032,3032,2944,3032,3032,88,2.99,3032,88,2.99,114,12567851,38105724232,34,2,39,2,11767851,800000,838501,11729350,1041,296046855,3032,0,0,0,2,14700,3031,0,0,0,3,453399,3022,0,0,0,3,14490,3000,0,0,0,1,50000,2945,0,0,0
12:29:12,وبیمه,سرمایه‌ گذاری‌ صنعت‌ بیمه,IRO1BIME0001,11773403764702778,سرمایه‌گذاری‌ها,56,16000000000,1,22256000000000,210.0,6.6,1386,1470,1386,1424,1428,1386,1400,-28,-1.96,1391,-37,-2.59,113,4421701,6151298253,34,1,47,0,1974756,2446945,4421701,0,1,14082,1398,1400,121395,1,1,10000,1393,1405,26365,5,1,10000,1387,1408,43235,1,4,88338,1386,1409,2401,1,1,3763,1351,1411,8473,2
10:44:46,ثجوان,تامین مسکن جوانان,IRO7SJVP0001,30507152381699953,انبوه‌سازی، املاک و مستغلات,70,10803015000,1,15685977780000,169.0,8.6,1398,1484,1400,1484,1441,1400,1484,43,2.98,1452,11,0.76,113,22381504,32497088403,44,1,29,0,22331504,50000,22381504,0,43,18974728,1484,1570,256876,1,2,184373,1483,1571,100000,1,1,35000,1433,0,0,0,1,40000,1430,0,0,0,1,800000,1410,0,0,0
12:25:33,بیوتیکح,ح .آنتی بیوتیک سازی ایران,IRR3IAMZ0101,51737107023437908,مواد و محصولات دارویی,43,379500000,1,4276965000000,0.0,0.0,11270,11950,11270,11270,11610,11270,11270,-340,-2.93,11270,-340,-2.93,113,499255,5626603850,66,0,23,1,499255,0,450522,48733,0,0,0,11270,1306229,613,0,0,0,11280,300247,7,0,0,0,11290,200000,2,0,0,0,11300,200023,3,0,0,0,11310,133383,6
12:29:55,تفارس,تامین سرمایه خلیج فارس,IRO3PGOP0001,31400839654504249,فعالیت‌های کمکی به نهادهای مالی واسط,67,15000000000,1,19710000000000,393.0,3.3,1251,1327,1265,1327,1289,1327,1317,28,2.17,1314,25,1.94,110,10607609,13934526802,48,0,26,4,10607609,0,3047609,7560000,1,4641,1305,1317,152334,1,1,500000,1300,1319,1500000,4,1,150000,1291,1325,50000,1,1,5000,1289,1327,373123,10,1,3950,1285,1360,100000,1
12:23:34,غپونه,نوش پونه مشهد,IRO3NPMP0001,61978776664766359,محصولات غذایی و آشامیدنی به جز قند و شکر,42,3151000000,1,18685430000000,737.0,8.0,5590,5930,5930,5930,5761,5930,5930,169,2.93,5930,169,2.93,110,8149199,48324750070,34,6,28,1,6949199,1200000,1203702,6945497,318,42996068,5930,0,0,0,1,1000,5900,0,0,0,1,6943,5740,0,0,0,2,3895,5590,0,0,0,0,0,0,0,0,0
13:07:32,آسا,صندوق س آرمان کارآفرین-ثابت,IRT1ASAS0001,26393127587277568,صندوق سرمایه‌گذاری قابل معامله,68,4000000000,1,40532000000000,,,9818,10424,10133,10134,10121,10134,10134,13,0.13,10133,12,0.12,108,22639387,229411520140,26,2,34,4,7093917,15545470,4730118,17909269,3,284771740,10133,10134,27155150,29,1,1000000,10132,10135,1000000,1,1,1000000,10131,10136,1000000,1,1,1000000,10130,10137,1000000,1,1,1000000,10129,10138,1000000,1
12:25:07,اتکام,بیمه اتکایی امین,IRO1ETKA0001,27405735172634593,بیمه و صندوق بازنشستگی به جز تامین اجتماعی,66,20000000000,1,40960000000000,787.0,2.6,1979,2101,2000,2073,2040,2030,2050,10,0.49,2048,8,0.39,108,1619179,3315680526,13,2,21,1,1184144,435035,1344044,275135,1,2500,2042,2059,31932,2,2,44327,2040,2062,1178138,4,1,7035,2039,2063,11766,1,1,2500,2038,2064,400000,1,2,229915,2000,2065,381744,1
12:28:36,آسام,صندوق س.آرمان سپهر آتی-م,IRT3CASF0001,36592972482259020,صندوق سرمایه‌گذاری قابل معامله,68,450000000,1,21928500000000,,,46893,49793,48500,49399,48343,49399,49390,1047,2.17,48730,387,0.8,107,12674041,617601982434,21,1,38,2,164532,12509509,217719,12456322,1,4943827,49150,49390,28607,1,1,423659,49149,49394,2554,2,1,625841,49148,49396,4304,2,1,395648,49147,49398,250,1,1,489732,49146,49399,12472,3
12:24:35,وپسا,گ.س.پتروشیمی ساختمان خلیج فارس,IRO7PGIP0001,11560002870991149,پیمانکاری صنعتی,45,2500000000,1,4497500000000,-6.0,-299.8,1716,1822,1721,1818,1769,1721,1815,46,2.6,1799,30,1.7,106,8815840,15857481808,25,0,40,0,8815840,0,8815840,0,1,18303,1789,1816,800000,1,1,50000,1752,1818,31200,1,2,109354,1742,1819,10000,1,1,70999,1741,1820,100000,1,1,65765,1740,1821,10000,1
12:28:22,فلزفارابی,صندوق س.بخشی فلز فارابی-ب,IRT3FMTF0001,43664630566988630,صندوق سرمایه‌گذاری قابل معامله,68,500000000,1,11449500000000,,,21761,23107,21813,23107,22434,23107,23107,673,3.0,22899,465,2.07,106,1674199,38337479044,32,1,62,2,915860,758339,573199,1101000,5,498687,23107,0,0,0,1,327,22880,0,0,0,1,18277,22845,0,0,0,2,10000,22838,0,0,0,1,3100,22826,0,0,0
12:59:46,خساپا3,سایپا,IRO1SIPA0003,18092687666565282,خودرو و ساخت قطعات,34,1621144826000,1,831647295738000,-83.0,-6.2,513,513,513,513,522,513,513,-9,-1.72,513,-9,-1.72,105,16016783,8216609679,23,0,0,1,16016783,0,0,16016783,0,0,0,513,8941694,37,0,0,0,0,0,0,0,0,0,0,0,0,0,0,0,0,0,0,0,0,0,0,0,0
12:28:24,امگا,صندوق س.بخشی صنایع سورنا3-ب,IRT3OMGF0001,62945240926992257,صندوق سرمایه‌گذاری قابل معامله,68,500000000,1,5273500000000,,,10182,10810,10430,10598,10496,10431,10520,24,0.23,10547,51,0.49,104,6048060,63787884650,20,1,31,5,268024,5780036,447700,5600360,1,1000,10455,10520,99640,1,1,2000,10451,10550,100000,1,2,3000,10448,10570,100000,1,1,145767,10447,10580,5928,1,1,1000,10444,10590,20000,1
12:25:07,هرمز,فولاد هرمزگان جنوب,IRO3FOHZ0001,70498485598181604,فلزات اساسی,27,139600000000,1,283527600000000,163.0,12.5,1913,2031,2031,2031,1972,2031,2031,59,2.99,2031,59,2.99,104,29781689,60486610359,40,1,37,2,28981689,800000,1381689,28400000,850,595781938,2031,0,0,0,1,2561,2030,0,0,0,1,3000,2029,0,0,0,3,1800000,1972,0,0,0,1,25910,1930,0,0,0
12:26:42,آذرین,صندوق س.بخشی فلزات کیمیا-ب,IRT3KAMF0001,43358402418932595,صندوق سرمایه‌گذاری قابل معامله,68,2000000000,1,47398000000000,,,22728,24132,22728,23793,23430,23420,23689,259,1.11,23699,269,1.15,102,42879705,1016198683488,23,1,13,2,2498178,40381527,199759,42679946,1,500,23683,23810,49000,1,1,1000,23673,23999,999,1,1,50,23660,24100,1500,1,1,10000,23620,0,0,0,1,50,22809,0,0,0
12:04:49,کسرام,پارس‌ سرام,IRO1PSER0001,20560887114747719,سایر محصولات کانی غیرفلزی,54,981249156,1,8929367319600,99.0,91.9,9100,9660,9100,9120,9380,9120,9100,-280,-2.99,9100,-280,-2.99,101,4120023,37502635820,49,1,14,0,3120023,1000000,4120023,0,0,0,0,9100,6768933,92,0,0,0,9140,1635,1,0,0,0,9160,200000,1,0,0,0,9300,19403,2,0,0,0,9390,180018,1
12:21:17,پرداخت,به پرداخت ملت,IRO1PRKT0001,59607545337891226,رایانه و فعالیت‌های وابسته به آن,72,10000000000,1,51700000000000,553.0,9.3,5150,5450,5150,5300,5300,5220,5190,-110,-2.08,5170,-130,-2.45,101,2853100,14756882330,41,2,25,0,2396999,456101,2853100,0,2,1932,5200,5380,100000,1,2,35317,5190,5400,100000,1,2,66533,5160,5430,10960,2,3,219672,5150,5440,4500,1,0,0,0,5450,44927,8
12:27:10,آلکان,صندوق راهبرصنایع مهرگان1-بخشی,IRT1ALKN0001,10535841469368706,صندوق سرمایه‌گذاری قابل معامله,68,1000000000,1,11402000000000,,,10844,11514,11300,11514,11179,11514,11300,121,1.08,11402,223,1.99,100,1413358,16114477130,28,1,17,3,904825,508533,696073,717285,1,450,11300,11300,745143,4,1,100,11211,11448,43093,1,2,1000553,10844,11501,28000,1,0,0,0,11510,599,1,0,0,0,11514,6965,2
12:29:35,سمایه,بانک سرمایه,IRO7IBKZ0001,43913530989262989,بانک‌ها و موسسات اعتباری,57,4000000000,1,19008000000000,-24408.0,-0.2,4536,4816,4570,4816,4676,4816,4649,-27,-0.58,4752,76,1.63,100,2189326,10403584383,35,0,44,1,2189326,0,2139796,49530,1,25000,4649,4669,214710,6,1,21013,4609,4670,37573,4,1,100000,4597,4679,41749,2,1,20000,4541,4680,300,1,1,11990,4539,4690,30000,1
12:24:46,غمایه,شرکت خمیرمایه رضوی,IRO3RAVZ0001,59461185672081215,محصولات غذایی و آشامیدنی به جز قند و شکر,42,2574000000,1,42007680000000,2020.0,8.1,15380,16320,16320,16320,15850,16320,16320,470,2.97,16320,470,2.97,100,4000656,65290705920,9,5,10,3,846105,3154551,96396,3904260,137,10136945,16320,0,0,0,1,15000,15880,0,0,0,1,400,15850,0,0,0,1,350,15390,0,0,0,1,404,12920,0,0,0
12:04:45,فوکا,فولاد کاویان,IRO3FVAP0001,21003176534704369,فلزات اساسی,27,23750000000,1,70490000000000,0.0,0.0,2796,2968,2968,2968,2882,2968,2968,86,2.98,2968,86,2.98,99,14645195,43466938760,20,5,24,3,10962033,3683162,2047715,12597480,113,36558487,2968,0,0,0,3,1200000,2868,0,0,0,1,7120,2799,0,0,0,2,5000,2345,0,0,0,0,0,0,0,0,0
12:25:57,حشکوهح,ح.دلیجان طلایی شکوه پارس,IRR7DLIP0101,20726382113311334,حمل و نقل، انبارداری و ارتباطات,60,7260273973,1,9010000000493,0.0,0.0,1241,1241,1241,1241,1241,1241,1241,0,0.0,1241,0,0.0,98,1166698,1447872218,95,0,0,1,1166698,0,0,1166698,11,111476,1241,0,0,0,0,0,0,0,0,0,0,0,0,0,0,0,0,0,0,0,0,0,0,0,0,0,0,0
12:28:54,کیا,کیا الکترود شرق,IRO5KLSS0001,3542690854557886,ساخت محصولات فلزی,28,600000000,1,4938000000000,212.0,38.8,7760,8240,7830,8240,8000,8220,8120,120,1.5,8230,230,2.88,97,3030542,24941822440,15,4,46,0,916757,2113785,3030542,0,1,2000,8100,9960,530,1,1,1007,8090,0,0,0,1,100000,8080,0,0,0,1,6000,7800,0,0,0,2,11000,7760,0,0,0
12:22:19,سدشت,صنایع سیمان دشتستان,IRO1SDST0001,27000326841257664,سیمان، آهک و گچ,53,3400000000,1,131784000000000,2515.0,15.4,36530,38770,38000,38770,37650,38770,38770,1120,2.97,38760,1110,2.95,97,154984,6006802950,36,0,46,1,154984,0,132223,22761,28,542369,38770,0,0,0,1,1200,38760,0,0,0,1,500,38100,0,0,0,1,4427,38070,0,0,0,1,10000,38060,0,0,0
13:17:18,آسان,صندوق س.درآمدثابت گنجینه مهر-د,IRT3ASNF0001,65640021232361587,صندوق سرمایه‌گذاری قابل معامله,68,5000000000,1,67935000000000,,,13163,13977,13586,13587,13570,13586,13587,17,0.13,13587,17,0.13,97,53930385,732751859895,17,2,23,1,494904,53435481,293571,53636814,3,299835164,13586,13587,50000000,1,1,10000000,13585,13759,2909,1,1,10000000,13584,15163,10,1,1,10000000,13583,0,0,0,1,10000000,13582,0,0,0
12:29:35,دتولید,داروسازی تولید دارو,IRO3DTDZ0001,18093681647131179,مواد و محصولات دارویی,43,3000000000,1,8298000000000,135.0,20.5,2606,2766,2766,2766,2686,2766,2766,80,2.98,2766,80,2.98,96,6221255,17207991330,20,0,43,1,6221255,0,5775470,445785,94,6968736,2766,2820,3000,1,2,208286,2686,2835,1787,1,1,200000,2620,2870,1765,1,1,10000,2606,2883,1757,1,1,24781,2533,2900,10000,1
12:28:59,ضمان,صندوق تضمین ا.سرمایه کاریزما-م,IRT3TAZF0001,38356837895042988,صندوق سرمایه‌گذاری قابل معامله,68,500000000,1,14285000000000,,,27096,28770,28100,28770,27933,28677,28770,837,3.0,28570,637,2.28,96,1088245,31090888822,39,1,53,0,357855,730390,1088245,0,5,131137,28770,32177,25,1,2,1800,28515,0,0,0,2,3327,28510,0,0,0,1,3504,28505,0,0,0,1,3504,28502,0,0,0
12:22:44,توسن,توسعه سامانه ی نرم افزاری نگین,IRO3TOSZ0001,66315581735594751,رایانه و فعالیت‌های وابسته به آن,72,7500000000,1,29385000000000,1991.0,2.0,3690,3918,3918,3918,3804,3918,3918,114,3.0,3918,114,3.0,94,5820889,22806243102,13,2,62,1,5020889,800000,220889,5600000,1080,338195466,3918,0,0,0,2,51500,3915,0,0,0,1,2000,3910,0,0,0,2,5500,3900,0,0,0,1,128333,3882,0,0,0
12:26:55,قپیرا,فرآورده‌های‌غدایی‌وقندپیرانشهر,IRO1GPSH0001,67030488744129337,قند و شکر,38,2529129000,1,35407806000000,1836.0,7.6,13210,14010,13700,14010,13610,13700,14010,400,2.94,14000,390,2.87,93,2164539,30312800690,19,1,34,4,805454,1359085,1585255,579284,8,641915,14010,14280,11000,1,2,1500,13850,14450,5000,1,1,10000,13800,0,0,0,1,500,13750,0,0,0,1,2105,13730,0,0,0
12:29:07,کوانتوم,صندوق س. کوانتوم بهاوند-س,IRT3QTMF0001,18377845653697190,صندوق سرمایه‌گذاری قابل معامله,68,200000000,1,2688000000000,,,12846,13640,12980,13590,13243,13110,13303,60,0.45,13440,197,1.49,92,8548258,114885273495,16,2,27,3,685006,7863252,4133316,4414942,1,29994,13302,13303,2911,1,1,30756,13301,13580,301526,3,1,7523,13292,13590,1283750,2,1,7523,13291,13630,200000,1,1,10000,13281,0,0,0
12:28:36,بالاس,مهندسی ساختمان تاسیسات راه آهن,IRO3BLSZ0001,8646067353086740,پیمانکاری صنعتی,45,150000000,1,10575000000000,2250.0,31.3,70500,74800,70500,70500,72650,70500,70500,-2150,-2.96,70500,-2150,-2.96,91,174662,12313671000,76,0,9,0,174662,0,174662,0,1,1000,66050,70500,6239043,523,0,0,0,70600,71,1,0,0,0,71300,10380,2,0,0,0,71400,78115,6,0,0,0,72000,10000,2
12:27:06,فسازان,غلتک سازان سپاهان,IRO1FSAZ0001,12874072841236826,فلزات اساسی,27,7000000000,1,46270000000000,1337.0,4.9,6230,6610,6610,6610,6420,6610,6610,190,2.96,6610,190,2.96,91,3546592,23442973120,8,9,47,1,1850000,1696592,1846592,1700000,348,50029973,6610,7760,20000,1,1,1238,6540,0,0,0,2,2427,6420,0,0,0,1,3004,6240,0,0,0,1,10000,6230,0,0,0
12:25:47,دی سهام,صندوق س.دی سهام-سهام,IRT1DAYS0001,49782064767608295,صندوق سرمایه‌گذاری قابل معامله,68,500000000,1,7535500000000,,,14242,15122,14810,15122,14682,14810,15122,440,3.0,15071,389,2.65,91,779273,11744363221,3,3,8,1,478054,301219,339987,439286,1,3500,15050,15122,900000,3,2,5500,14990,0,0,0,1,300000,14960,0,0,0,1,300000,14950,0,0,0,1,300000,14940,0,0,0
12:29:07,وهور,گروه س.انرژی امید  تابان هور,IRO3HORZ0001,25215182208950217,عرضه برق، گاز، بخار و آب گرم,40,80176283000,1,167327902621000,244.0,8.6,1994,2116,2045,2115,2055,2055,2090,35,1.7,2087,32,1.56,90,2665049,5563091789,36,2,44,0,2111511,553538,2665049,0,1,24782,2070,2091,90000,2,1,75000,2061,2092,159788,1,1,800000,2060,2100,109680,2,1,50000,2056,2110,179539,2,2,185464,2055,2111,8201,1
12:29:56,تپمپی,پمپ‌ سازی‌ ایران,IRO1PIRN0001,43062880954780884,ماشین‌آلات و تجهیزات,29,9900000000,1,45876600000000,454.0,10.2,4372,4642,4530,4642,4507,4598,4622,115,2.55,4634,127,2.82,90,4668268,21631724941,18,3,42,1,1998726,2669542,1902705,2765563,1,1302,4622,4771,6068,4,1,53593,4620,0,0,0,1,100000,4618,0,0,0,1,100000,4615,0,0,0,1,10000,4600,0,0,0
13:27:31,خورشید,صندوق س. طلوع تدبیر پایا-د,IRT3ZMRF0001,4523009251964699,صندوق سرمایه‌گذاری قابل معامله,68,1750000000,1,38792250000000,,,21476,22804,22167,22168,22140,22167,22167,27,0.12,22167,27,0.12,89,9911482,219708766970,34,1,28,1,7264150,2647332,3034649,6876833,3,102364590,22167,22168,29066448,1,1,1000000,22166,22169,500000,1,1,1000000,22165,22170,270000,1,1,1000000,22164,22171,100000,1,1,1000000,22163,22172,2000,2
13:10:16,کارما,صندوق س.درآمد ثابت کیهان-د,IRT3KRMF0001,33015297618582406,صندوق سرمایه‌گذاری قابل معامله,68,1000000000,1,19172000000000,,,18573,19721,19172,19173,19147,19173,19173,26,0.14,19172,25,0.13,88,27495914,527152915361,14,2,17,4,1112616,26383298,2242712,25253202,64,63841466,19172,19173,8778186,9,1,1000000,19171,19174,200000,1,1,1000000,19170,19175,200000,1,1,1000000,19169,19176,201000,2,1,1000000,19168,19177,201000,2
12:20:27,خلیبل,مالیبل سایپا,IRO7LIBP0001,50117925085549635,خودرو و ساخت قطعات,34,19952007929,1,32541724932199,-100.0,-16.3,1550,1644,1550,1644,1597,1550,1639,42,2.63,1631,34,2.13,88,5498813,8966883613,9,0,28,0,5498813,0,5498813,0,1,50000,1578,1643,338151,3,1,40000,1574,1644,496941,3,1,100000,1561,0,0,0,2,900000,1550,0,0,0,0,0,0,0,0,0
12:27:10,زرین,صندوق س. سهام زرین کوروش-س,IRT3ZAKF0001,50139638026536387,صندوق سرمایه‌گذاری قابل معامله,68,200000000,1,8637600000000,,,42485,45111,42922,45111,43798,43798,42922,-876,-2.0,43188,-610,-1.39,88,2383296,102929069147,26,2,30,2,159011,2224285,31762,2351534,0,0,0,44799,4777,2,0,0,0,44990,140,1,0,0,0,45000,2360,3,0,0,0,45050,1000,1,0,0,0,45100,1999,2
12:23:12,فایرا,آلومینیوم‌ایران,IRO1ALIR0001,65004959184388996,فلزات اساسی,27,62000000000,1,487940000000000,879.0,9.0,7430,7870,7870,7870,7650,7870,7870,220,2.88,7870,220,2.88,88,3399156,26751357720,19,4,43,5,2785735,613421,454661,2944495,628,73653787,7870,0,0,0,6,112703,7860,0,0,0,2,3748,7820,0,0,0,1,30000,7800,0,0,0,1,2000,7790,0,0,0
12:26:33,سکرد,سیمان کردستان,IRO1SKOR0001,65321970913593427,سیمان، آهک و گچ,53,2900000000,1,32654000000000,1826.0,6.2,10620,11260,11260,11260,10940,11260,11260,320,2.93,11260,320,2.93,88,2421760,27269017600,25,2,32,2,2001760,420000,477539,1944221,132,3460918,11260,0,0,0,6,90378,10940,0,0,0,1,3600,10630,0,0,0,1,1580,10620,0,0,0,1,1218,10330,0,0,0
12:15:09,کفرآور,فرآورده های سیمان شرق,IRO7KFRP0001,49627523909849331,سایر محصولات کانی غیرفلزی,54,180000000,1,4752000000000,2984.0,8.8,24900,26400,26400,26400,25650,26400,26400,750,2.92,26400,750,2.92,87,985069,26005821600,27,0,6,7,985069,0,63272,921797,13,147922,26400,0,0,0,1,5000,25750,0,0,0,1,30000,24900,0,0,0,0,0,0,0,0,0,0,0,0,0,0,0
12:18:54,فروس,فروسیلیس‌ ایران,IRO1FRIS0001,54419429862704331,فلزات اساسی,27,8000000000,1,22544000000000,283.0,10.0,2654,2818,2818,2818,2736,2818,2818,82,3.0,2818,82,3.0,86,8462989,23848703002,14,1,24,3,7401006,1061983,1594341,6868648,29,3652171,2818,0,0,0,1,2000,2810,0,0,0,0,0,0,0,0,0,0,0,0,0,0,0,0,0,0,0,0,0
12:15:31,وجامی,سرمایه گذاری جامی,IRO7JMIP0001,57600064931636077,سرمایه‌گذاری‌ها,56,5000000000,1,12885000000000,530.0,4.9,2438,2588,2475,2588,2513,2588,2588,75,2.98,2577,64,2.55,85,5737518,14785100818,9,7,22,1,2116259,3621259,3353890,2383628,5,1067333,2588,0,0,0,1,100000,2587,0,0,0,1,50000,2586,0,0,0,1,60313,2520,0,0,0,1,50000,2514,0,0,0
12:29:54,تشتاد,صنایع تولیدی اشتاد ایران,IRO7ESHP0001,66127247173352975,خودرو و ساخت قطعات,34,902719077,1,4425128915454,-133.0,-36.9,4724,5016,4725,5016,4870,4741,5016,146,3.0,4902,32,0.66,85,1677921,8224634653,12,0,26,0,1677921,0,1677921,0,1,1726,4922,6220,2500,1,1,1,4888,6300,500,1,1,100000,4726,6370,3733,2,2,24000,4724,0,0,0,1,11500,4374,0,0,0
12:28:59,دارونو,صندوق س صنایع مفید5-بخشی,IRT1DARN0001,34074071043606558,صندوق سرمایه‌گذاری قابل معامله,68,3000000000,1,56184000000000,,,17638,18728,18728,18728,18183,18728,18728,545,3.0,18728,545,3.0,83,4317608,80860162624,7,0,72,2,4317608,0,617608,3700000,909,113409720,18728,18728,3389997,4,1,79981,18726,20000,140,2,2,900,18725,0,0,0,1,10000,18702,0,0,0,2,3000,18700,0,0,0
12:29:46,نیرو,نیرو سرمایه,IRO7NIRP0001,39481233087768672,ماشین‌آلات و دستگاه‌های برقی,31,300000000,1,2106000000000,162.0,43.3,6780,7180,6850,7180,6980,7180,6850,-130,-1.86,7020,40,0.57,83,2419743,16983813500,33,4,15,2,1885743,534000,522685,1897058,1,19544,6830,6830,200000,1,1,10000,6820,7000,400000,2,1,10000,6810,7130,20000,1,3,28000,6780,7160,15000,1,1,10,5500,7170,1000,1
12:12:39,خفولا,خدمات فنی فولاد یزد,IRO7KHEP0001,23049019886587905,خدمات فنی و مهندسی,74,290000000,1,3317600000000,399.0,28.7,11420,12120,11420,11840,11770,11840,11420,-350,-2.97,11440,-330,-2.8,82,1182411,13525598930,42,0,17,0,1182411,0,1182411,0,1,4596,10880,11420,1122924,36,0,0,0,11760,36215,2,0,0,0,11770,42610,1,0,0,0,11800,10284,1,0,0,0,11900,80000,1
12:26:03,ما,بیمه  ما,IRO1BVMA0001,29860265627578401,بیمه و صندوق بازنشستگی به جز تامین اجتماعی,66,15000000000,1,42735000000000,623.0,4.6,2726,2894,2781,2894,2810,2894,2782,-28,-1.0,2849,39,1.39,82,2714889,7735732404,31,2,23,1,2637524,77365,1605081,1109808,1,4868,2783,2810,4327,1,1,31550,2781,2854,30000,1,1,20000,2780,2855,123000,1,1,3596,2770,2856,4000,1,1,1813,2763,2857,5000,1
12:29:30,نمرینو,ایران‌ مرینوس,IRO1MRIN0001,30231789123900526,منسوجات,17,1500000000,1,11235000000000,815.0,9.2,7430,7870,7430,7650,7650,7430,7440,-210,-2.75,7490,-160,-2.09,82,539564,4042271640,33,0,33,0,539564,0,539564,0,3,23621,7440,7580,7001,1,6,144144,7430,7600,27206,3,1,697,7290,7650,15000,2,1,710,7050,7860,1000,1,0,0,0,7870,26680,6
12:28:04,حشکوه,دلیجان طلایی شکوه پارس,IRO7DLIP0001,50587892784913370,حمل و نقل، انبارداری و ارتباطات,60,11010000000,1,14059770000000,38.0,33.6,1239,1315,1252,1314,1277,1314,1275,-2,-0.16,1277,0,0.0,82,9312008,11894842030,40,0,29,1,9312008,0,8961278,350730,1,194048,1258,1288,28697,1,3,1214070,1252,1289,576078,1,1,52462,1244,1290,477223,2,1,40240,1243,1297,800000,1,1,80224,1242,1305,804000,2
12:17:22,واحصا,احیاء صنایع خراسان,IRO7VHSP0001,53647874954005806,سرمایه‌گذاری‌ها,56,1182720000,1,16972032000000,238.0,60.3,13560,14380,13650,14380,13970,13650,14380,410,2.93,14350,380,2.72,82,1175275,16860581640,22,1,44,0,1155275,20000,1175275,0,19,1021633,14380,0,0,0,2,10695,14360,0,0,0,1,89500,13810,0,0,0,1,4014,13650,0,0,0,1,15230,13640,0,0,0
12:14:46,دبالک,مواد اولیه دارویی البرز بالک,IRO3BLKZ0001,71510396252618330,مواد و محصولات دارویی,43,1820000000,1,8717800000000,824.0,5.8,4512,4790,4790,4790,4651,4790,4790,139,2.99,4790,139,2.99,82,9162362,43887713980,28,0,13,3,9162362,0,129198,9033164,83,16248033,4790,0,0,0,3,24500,4700,0,0,0,1,50000,4653,0,0,0,2,95691,4651,0,0,0,1,5000,4650,0,0,0
12:25:47,خپویش,سازه‌ پویش,IRO1SZPO0001,4758266259250794,خودرو و ساخت قطعات,34,5567544680,1,15104748716840,138.0,19.7,2661,2825,2670,2750,2743,2734,2730,-13,-0.47,2713,-30,-1.09,81,1385286,3757980511,38,0,24,1,1385286,0,1198209,187077,1,5000,2710,2730,17370,1,2,42185,2700,2750,69025,2,1,181000,2690,2762,60000,1,1,1900,2678,2763,181000,1,1,1900,2668,2773,20000,1
12:02:20,کاریز,بیمه زندگی کاریزما,IRO7CMIZ0001,15962072736526551,بیمه و صندوق بازنشستگی به جز تامین اجتماعی,66,2400000000,1,26976000000000,1097.0,10.2,10600,11240,11220,11240,10920,11240,11240,320,2.93,11240,320,2.93,81,2272040,25535685600,30,5,14,3,1630385,641655,1508121,763919,9,306327,11240,0,0,0,2,19503,11070,0,0,0,1,5000,11060,0,0,0,3,110000,10930,0,0,0,0,0,0,0,0,0
12:21:57,شملی,ملی شیمی کشاورز,IRO3MECZ0001,55862580907068610,محصولات شیمیایی,44,2717990000,1,11839564440000,1019.0,4.3,4104,4356,4356,4356,4230,4356,4356,126,2.98,4356,126,2.98,81,10082588,43919753328,8,2,13,2,6882588,3200000,452588,9630000,64,18657276,4356,0,0,0,2,31219,4104,0,0,0,1,2500,3439,0,0,0,1,3000,3216,0,0,0,0,0,0,0,0,0
12:27:02,وشمال,س. چشم انداز توسعه شمال,IRO7SHOP0001,9761381741308262,سرمایه‌گذاری‌ها,56,121900000,1,1712695000000,-423.0,-33.2,13950,14810,13950,14440,14380,13950,14100,-280,-1.95,14050,-330,-2.29,80,719976,10114176550,31,0,29,0,719976,0,719976,0,2,12339,14090,14410,200,1,1,10000,14020,14420,16600,1,1,10000,14010,14430,19865,2,4,33700,14000,14450,22080,1,2,14500,13980,14700,3800,1
12:22:00,لبوتان,گروه‌صنعتی‌بوتان,IRO1BOTA0001,30650426998863332,ماشین‌آلات و تجهیزات,29,14267348000,1,42459627648000,424.0,7.0,2829,3003,2889,3003,2916,2963,3003,87,2.98,2976,60,2.06,80,3903418,11617973783,13,1,42,4,3757418,146000,1956418,1947000,10,214797,3003,0,0,0,1,1716,2915,0,0,0,1,50000,2910,0,0,0,1,10000,2870,0,0,0,1,10000,2867,0,0,0
11:58:21,شراز,پالایش نفت شیراز,IRO1PRZZ0001,14031158866706953,فراورده‌های نفتی، کک و سوخت هسته‌ای,23,11000000000,1,467610000000000,6925.0,6.1,40050,42510,42510,42510,41280,42510,42510,1230,2.98,42510,1230,2.98,79,1156840,49177268400,9,2,54,1,956840,200000,156840,1000000,351,21688366,42510,0,0,0,2,646,42500,0,0,0,1,20000,41810,0,0,0,5,3638,41280,0,0,0,2,630,40080,0,0,0
12:29:46,آوا,صندوق س.سهام آوای معیار-س,IRT3AVAF0001,18007109712724189,صندوق سرمایه‌گذاری قابل معامله,68,500000000,1,11286500000000,,,22278,23654,22278,23448,22966,22278,23100,134,0.58,22573,-393,-1.71,79,499664,11278791692,26,1,24,0,212443,287221,499664,0,2,34490,23100,23380,5000,1,3,118416,23070,23445,507,1,1,114650,23050,23463,100000,1,2,229300,23021,23470,4296,2,1,12110,23020,23550,2301,1
12:25:02,تکشا,گسترش‌صنایع‌وخدمات‌کشاورزی,IRO1GSKE0001,62258804563636993,ماشین‌آلات و تجهیزات,29,800000000,1,11040000000000,161.0,85.7,13000,13800,13800,13800,13400,13800,13800,400,2.99,13800,400,2.99,79,1537724,21220591200,30,0,29,1,1537724,0,537724,1000000,374,13842468,13800,0,0,0,1,2288,13700,0,0,0,1,515,13600,0,0,0,24,256727,13400,0,0,0,1,378,13300,0,0,0
12:26:15,ددانا,داروسازی دانا,IRO3DPHZ0001,69540585676934415,مواد و محصولات دارویی,43,14400000000,1,93312000000000,1383.0,4.7,6120,6480,6480,6480,6300,6480,6480,180,2.86,6480,180,2.86,79,2731531,17700320880,14,2,50,2,2331531,400000,11531,2720000,794,131539013,6480,0,0,0,1,10000,6450,0,0,0,2,25568,6400,0,0,0,5,284233,6300,0,0,0,1,6336,6290,0,0,0
12:28:34,ثنظام,س. ساختمانی نظام مهندسی ایران,IRO7NZMP0001,45066064863062755,انبوه‌سازی، املاک و مستغلات,70,74530360,1,4222144894000,-569.0,-99.6,56550,59950,56550,59450,58250,56550,56550,-1700,-2.92,56650,-1600,-2.75,77,251010,14214227300,21,1,13,0,91590,159420,251010,0,0,0,0,57500,2000,1,0,0,0,57550,8000,2,0,0,0,59350,1000,1,0,0,0,59500,9068,2,0,0,0,59750,7000,2
12:14:29,کدما,معدنی‌ دماوند,IRO1DMVN0001,3623921205367364,استخراج کانه‌های فلزی,13,250000000,1,15122500000000,5671.0,10.7,56970,60490,60490,60490,58730,60490,60490,1760,3.0,60490,1760,3.0,76,109926,6649423740,3,0,71,0,109926,0,109926,0,134,1735817,60490,0,0,0,1,2532,59010,0,0,0,1,96,59000,0,0,0,1,2000,58800,0,0,0,1,100,58740,0,0,0
12:25:21,سشمال,سیمان‌ شمال,IRO1SIMS0001,6757220448540984,سیمان، آهک و گچ,53,5000000000,1,74550000000000,2064.0,7.2,14050,14910,14910,14910,14480,14910,14910,430,2.97,14910,430,2.97,76,2098415,31287367650,19,3,28,2,1798415,300000,123743,1974672,154,7614359,14910,0,0,0,3,300000,14810,0,0,0,1,600,14480,0,0,0,2,1447,14440,0,0,0,2,4393,14060,0,0,0
12:21:12,سشرق,سیمان‌ شرق,IRO1SSHR0001,26997316501080743,سیمان، آهک و گچ,53,6200000000,1,96224000000000,2904.0,5.3,14620,15520,15520,15520,15070,15520,15520,450,2.99,15520,450,2.99,76,499354,7749974080,11,0,55,2,499354,0,367134,132220,1079,58536077,15520,0,0,0,3,106500,15500,0,0,0,1,1000,15400,0,0,0,2,110000,15170,0,0,0,2,23968,15100,0,0,0
12:29:51,افق,فروشگاههای زنجیره ای افق کوروش,IRO1OFOG0001,49502666250908008,خرده‌فروشی، به‌استثنای وسایل نقلیه موتوری,47,30000000000,1,1398600000000000,2642.0,17.6,43920,46620,46620,46620,45270,46620,46620,1350,2.98,46620,1350,2.98,76,1018173,47467225260,10,1,54,2,918173,100000,179173,839000,445,23277953,46620,0,0,0,1,6708,46550,0,0,0,1,2000,46500,0,0,0,1,113,46400,0,0,0,2,1324,46000,0,0,0
11:53:39,تیام,صندوق س.سهامی تیام-س,IRT3TIMF0001,16578517055478811,صندوق سرمایه‌گذاری قابل معامله,68,1000000000,1,19605000000000,,,18545,19691,19118,19691,19118,19310,19650,532,2.78,19605,487,2.55,75,11725961,229887076429,17,5,10,3,293474,11432487,130498,11595463,2,58444,19400,19600,1000,1,1,100000,19311,19650,350,1,1,100000,19120,19679,10000,1,1,1000000,19118,19691,50000,1,1,23562,18965,0,0,0
12:22:33,حیات,بیمه زندگی مفید,IRO7MLFZ0001,19135771253028747,بیمه و صندوق بازنشستگی به جز تامین اجتماعی,66,2400000000,1,14712000000000,471.0,13.0,5820,6160,5860,6160,5990,5870,6160,170,2.84,6130,140,2.34,75,1713895,10502753700,15,0,53,1,1713895,0,1513895,200000,8,403387,6160,6230,5000,1,2,277282,6150,0,0,0,1,160000,6120,0,0,0,1,10000,6000,0,0,0,1,47150,5990,0,0,0
12:09:55,دارو,کارخانجات‌داروپخش,IRO1DPAK0001,67988012428906654,مواد و محصولات دارویی,43,51800000000,1,177415000000000,518.0,6.6,3227,3425,3425,3425,3326,3425,3425,99,2.98,3425,99,2.98,75,7681407,26308818975,19,3,29,1,6481407,1200000,767034,6914373,1077,285642618,3425,0,0,0,2,3258,3400,0,0,0,3,8500,3350,0,0,0,15,991418,3326,0,0,0,1,23428,3317,0,0,0
12:25:31,وتوس,توسعه‌شهری‌توس‌گستر,IRO1TGOS0001,68117765376081366,انبوه‌سازی، املاک و مستغلات,70,3200000000,1,22016000000000,395.0,17.4,6480,6880,6880,6880,6680,6880,6880,200,2.99,6880,200,2.99,75,2075693,14280767840,12,1,41,3,675693,1400000,973523,1102170,35,842164,6880,0,0,0,2,112266,6800,0,0,0,1,100000,6500,0,0,0,1,200000,6480,0,0,0,1,1000,5630,0,0,0
13:28:49,نشان,صندوق س. نشان هامرز-د,IRT3NEHF0001,1241998328504490,صندوق سرمایه‌گذاری قابل معامله,68,1600000000,1,46364800000000,,,28074,29810,28978,28979,28942,28978,28979,37,0.13,28978,36,0.12,74,15171991,439655361770,11,2,28,5,773723,14398268,1330919,13841072,94,99715993,28978,28979,19267285,19,1,1000000,28977,28980,100000,1,1,1000000,28976,28981,100000,1,1,1000000,28975,28982,100000,1,1,1000000,28974,28983,100000,1
12:27:57,فغدیر,آهن و فولاد غدیر ایرانیان,IRO3GIRZ0001,28147934478934110,فلزات اساسی,27,42000000000,1,184590000000000,600.0,7.3,4395,4665,4395,4450,4530,4395,4395,-135,-2.98,4395,-135,-2.98,74,1682271,7394220195,57,0,3,2,1682271,0,211870,1470401,1,2500,3816,4395,6533438,36,0,0,0,4417,63442,1,0,0,0,4440,14630,2,0,0,0,4450,2000,1,0,0,0,4500,20000,1
12:23:41,معیار,سرمایه گذاری معیار صنعت پارس,IRO7PSMP0001,50580753680043015,سرمایه‌گذاری‌ها,56,1500000000,1,2742000000000,90.0,20.3,1723,1829,1820,1829,1776,1827,1829,53,2.98,1828,52,2.93,74,4561341,8339305768,21,0,19,1,4561341,0,2761341,1800000,3,166970,1829,1911,2640,1,1,102153,1828,0,0,0,1,30000,1821,0,0,0,1,35000,1779,0,0,0,1,29000,1750,0,0,0
12:29:43,تماوند,تامین سرمایه دماوند,IRO3DIBZ0001,60162288821230099,فعالیت‌های کمکی به نهادهای مالی واسط,67,21000000000,1,49077000000000,412.0,5.7,2327,2469,2327,2384,2398,2355,2327,-71,-2.96,2337,-61,-2.54,74,2361729,5519786881,20,1,26,0,901729,1460000,2361729,0,2,10000,2327,2327,401748,2,1,30000,1886,2370,260771,1,0,0,0,2382,42208,1,0,0,0,2383,4661,1,0,0,0,2429,7300,1
12:24:05,مزه,صندوق س صنایع دایا3-بخشی,IRT1MAZE0001,20789606562681728,صندوق سرمایه‌گذاری قابل معامله,68,1000000000,1,18387000000000,,,17317,18387,18387,18387,17852,18387,18387,535,3.0,18387,535,3.0,73,20120788,369960928956,34,5,12,1,15563020,4557768,120788,20000000,205,75585860,18387,18387,999999,1,1,13160,18378,0,0,0,4,14741,17852,0,0,0,2,210000,17400,0,0,0,1,68,17333,0,0,0
12:29:53,وآفر,سرمایه گذاری ارزش آفرینان,IRO7AFRP0001,45991797190214892,سرمایه‌گذاری‌ها,56,300000000,1,3099000000000,369.0,28.0,10280,10680,10280,10480,10480,10280,10480,0,0.0,10330,-150,-1.43,73,1124663,11614237390,16,1,30,0,694763,429900,1124663,0,1,5987,10480,10660,1000,1,8,120000,10360,10670,20000,2,1,5000,10350,10680,91906,5,1,5000,10330,0,0,0,4,229692,10280,0,0,0
12:24:22,هامون,صندوق س. سهام ثروت هامون-س,IRT3HASF0001,63514093298304639,صندوق سرمایه‌گذاری قابل معامله,68,200000000,1,3484000000000,,,16441,17457,16950,17457,16949,17000,17457,508,3.0,17420,471,2.78,73,6837309,119108032315,11,5,9,5,1811848,5025461,300740,6536569,3,14150,17456,0,0,0,4,69250,17350,0,0,0,5,13786,17300,0,0,0,1,52000,17273,0,0,0,4,17600,17252,0,0,0
12:29:55,باران,بیمه زندگی باران,IRO7BLIP0001,26882843763780650,بیمه و صندوق بازنشستگی به جز تامین اجتماعی,66,2400000000,1,4202400000000,264.0,6.6,1656,1758,1725,1758,1707,1725,1750,43,2.52,1751,44,2.58,72,12950524,22678526694,9,1,21,2,4033398,8917126,775888,12174636,0,0,0,1754,50000,1,0,0,0,1758,300000,2,0,0,0,1765,2000,1,0,0,0,0,0,0,0,0,0,0,0,0
12:23:40,زکوثر,سرمایه گذاری کشاورزی کوثر,IRO1KOSR0001,42599305106713939,زراعت و خدمات وابسته,1,2750000000,1,104335000000000,5967.0,6.4,35740,37940,37940,37940,36840,37940,37940,1100,2.99,37940,1100,2.99,71,306928,11644848320,3,1,47,1,230630,76298,62928,244000,237,18189282,37940,0,0,0,2,2629,36930,0,0,0,1,200,36850,0,0,0,1,100000,35760,0,0,0,1,200,35750,0,0,0
13:26:47,اوصتا,صندوق اندیشه ورزان صباتامین -د,IRT3AVSF0001,57761388729898548,صندوق سرمایه‌گذاری قابل معامله,68,3000000000,1,191160000000000,,,61731,65549,63719,63720,63640,63719,63720,80,0.13,63720,80,0.13,71,9572355,609947234209,26,5,23,2,588774,8983581,663875,8908480,2,42093661,63719,63720,23659736,1,1,100000,63718,63721,100000,1,1,100000,63717,63722,100000,1,1,100000,63716,63723,100000,1,1,100000,63715,63724,100000,1
12:02:58,سجام,مجتمع سیمان غرب آسیا,IRO3SASP0001,28328083629154916,سیمان، آهک و گچ,53,10000000000,1,60200000000000,1272.0,4.7,5680,6020,6020,6020,5850,6020,6020,170,2.91,6020,170,2.91,70,1888058,11366109160,11,0,34,2,1888058,0,553649,1334409,385,46095036,6020,0,0,0,1,3000,6000,0,0,0,1,4998,5980,0,0,0,1,2000,5970,0,0,0,2,3000,5960,0,0,0
12:29:55,کصدف,کاشی صدف سرام استقلال آباده,IRO7KSDP0001,42696242981550091,کاشی و سرامیک,49,2304000000,1,12372480000000,514.0,10.4,5180,5500,5180,5480,5340,5180,5450,110,2.06,5370,30,0.56,70,1195571,6416642410,21,1,30,2,1158282,37289,1108644,86927,1,9300,5400,5460,72343,2,1,12200,5380,5470,140262,1,1,10000,5370,5480,18000,1,1,10000,5350,5500,480989,5,2,20000,5340,0,0,0
12:02:10,نبابک,نساجی بابکان,IRO5BAKS0001,65378630011538741,منسوجات,17,1500000000,1,10275000000000,310.0,22.1,6850,7270,6850,6860,7060,6850,6850,-210,-2.97,6850,-210,-2.97,70,507524,3476719400,39,0,17,0,507524,0,507524,0,1,1000,6770,6850,1744037,216,0,0,0,6860,534,4,0,0,0,6960,133,1,0,0,0,7000,20133,2,0,0,0,7010,7539,3
12:29:49,شستان,پتروشیمی شهید رئیسی گلستان,IRO7STNP0001,3173544097113770,محصولات شیمیایی,44,5000000000,1,7060000000000,18.0,78.4,1337,1419,1389,1419,1378,1389,1419,41,2.98,1412,34,2.47,69,4319929,6101014229,22,0,22,1,4319929,0,2565589,1754340,1,35990,1392,1488,10000,1,2,200000,1375,1493,10000,1,1,50000,1370,0,0,0,1,397098,1350,0,0,0,5,477398,1337,0,0,0
12:29:56,خفنر,فنرسازی‌خاور,IRO1KFAN0001,28033133021443774,خودرو و ساخت قطعات,34,8934599000,1,13401898500000,103.0,14.6,1414,1500,1500,1500,1457,1500,1500,43,2.95,1500,43,2.95,69,8959429,13439143500,11,0,24,2,8959429,0,1059429,7900000,55,17775336,1500,0,0,0,0,0,0,0,0,0,0,0,0,0,0,0,0,0,0,0,0,0,0,0,0,0,0,0
12:22:33,ساربیل,سیمان آرتا اردبیل,IRO1SADB0001,34890845654517313,سیمان، آهک و گچ,53,1440000000,1,116481600000000,9818.0,8.2,76190,80890,80890,80890,78540,80890,80890,2350,2.99,80890,2350,2.99,69,1254334,101463077260,18,0,35,2,1254334,0,34368,1219966,120,720737,80890,0,0,0,1,50000,80800,0,0,0,2,850,78540,0,0,0,3,5200,76190,0,0,0,1,211,74040,0,0,0
11:51:31,ولنوینح,ح.لیزینگ اقتصاد نوین,IRR1VALE0101,57632534063673638,سایر واسطه‌گری‌های مالی,58,2000000000,1,2402000000000,0.0,0.0,1201,1275,1201,1201,1238,1201,1201,-37,-2.99,1201,-37,-2.99,69,385583,463085183,23,0,42,0,385583,0,385583,0,0,0,0,1201,5543967,1255,0,0,0,1202,8334,3,0,0,0,1208,234,2,0,0,0,1210,234,2,0,0,0,1211,7494,3
10:29:22,بانکدار,صندوق س صنایع اعتبار1-بخشی,IRT1BANC0001,63507121552152989,صندوق سرمایه‌گذاری قابل معامله,68,500000000,1,7763500000000,,,14633,15537,15498,15537,15085,15534,15537,452,3.0,15527,442,2.93,69,7438620,115497135610,28,2,22,1,2951592,4487028,4576592,2862028,29,13325504,15537,0,0,0,1,32000,15529,0,0,0,1,2000,15110,0,0,0,1,1000,14633,0,0,0,1,50000,14342,0,0,0
12:29:58,فکمند,گسترش قطعه سازی کمند,IRO7KPMP0001,70309338813767186,ساخت محصولات فلزی,28,383000000,1,4167040000000,-426.0,-25.5,10460,11100,10620,11080,10780,11080,11030,250,2.32,10880,100,0.93,69,662935,7215074680,27,0,20,0,662935,0,662935,0,1,14983,10640,11030,22022,2,1,4977,10630,11040,50530,2,1,4716,10610,11060,50000,1,1,40000,10580,11080,104762,2,1,76496,10550,11100,801670,12
12:27:03,دزهراوی,داروسازی‌زهراوی,IRO1DZAH0001,8915450910866216,مواد و محصولات دارویی,43,10633815000,1,21086855145000,301.0,6.6,1869,1983,1983,1983,1926,1983,1983,57,2.96,1983,57,2.96,68,3072282,6092335206,10,0,38,1,3072282,0,1456282,1616000,235,61154927,1983,0,0,0,1,30000,1960,0,0,0,3,503000,1926,0,0,0,3,85327,1870,0,0,0,2,5395,1869,0,0,0
12:23:08,وبازار,صندوق س شاخصی بازارآشنا,IRT1VBAZ0001,41286608288791633,صندوق سرمایه‌گذاری قابل معامله,68,150000000,1,5535600000000,,,35190,37366,36300,37300,36278,37150,37300,1022,2.82,36904,626,1.73,68,223749,8257296528,23,3,13,1,141434,82315,83745,140004,1,100,37051,37300,3224,1,1,15000,37050,37364,9718,1,2,17445,37000,37365,8175,1,1,5000,36900,37366,10000,1,1,1000,36860,0,0,0
12:27:01,وآفری,بیمه کارآفرین,IRO1KARP0001,589599697502308,بیمه و صندوق بازنشستگی به جز تامین اجتماعی,66,28000000000,1,122556000000000,1488.0,2.9,4339,4607,4339,4480,4473,4410,4480,7,0.16,4377,-96,-2.15,67,1115555,4882508168,18,3,30,0,276287,839268,1115555,0,2,25000,4355,4480,88961,2,2,7738,4350,4490,1452,1,1,5000,4341,4500,6000,2,2,17500,4340,4600,230000,2,1,10000,4339,4606,400000,1
12:25:44,دسانکو,داروسازی سبحان انکولوژی,IRO3DSNZ0001,47348197320716810,مواد و محصولات دارویی,43,6000000000,1,10482000000000,28.0,62.4,1647,1747,1747,1747,1697,1747,1747,50,2.95,1747,50,2.95,67,6197825,10827600275,9,0,28,2,6197825,0,1382565,4815260,53,15330985,1747,0,0,0,1,105084,1710,0,0,0,3,223999,1697,0,0,0,2,203050,1650,0,0,0,1,20000,1648,0,0,0
12:59:46,خزامیا3,زامیاد,IRO1ZMYD0003,22427720900616335,خودرو و ساخت قطعات,34,91851439850,1,101679543913950,279.0,4.0,1107,1107,1107,1107,1128,1107,1107,-21,-1.86,1107,-21,-1.86,66,5338655,5909891085,23,0,9,1,5338655,0,2040636,3298019,0,0,0,1107,301981,1,0,0,0,0,0,0,0,0,0,0,0,0,0,0,0,0,0,0,0,0,0,0,0,0
12:26:33,اعتلا,شرکت سرمایه گذاری اعتلاء البرز,IRO3ETLZ0001,36773155987365094,سرمایه‌گذاری‌ها,56,7600000000,1,12661600000000,423.0,3.9,1595,1693,1640,1690,1644,1690,1652,8,0.49,1666,22,1.34,66,4918253,8192190564,18,0,25,0,4918253,0,4918253,0,1,44235,1652,1670,800000,1,1,3947,1651,1673,300500,3,2,15300,1650,1676,85535,1,1,3100,1648,1679,249648,3,1,800000,1644,1680,120000,2
12:28:42,دلقما,دارویی‌ لقمان,IRO1DLGM0001,29247915161590165,مواد و محصولات دارویی,43,10235150000,1,29067826000000,623.0,4.6,2676,2840,2840,2840,2758,2840,2840,82,2.97,2840,82,2.97,65,6456719,18337081960,15,3,36,2,5256719,1200000,1086719,5370000,504,151568205,2840,0,0,0,1,10000,2820,0,0,0,6,320773,2758,0,0,0,1,3622,2750,0,0,0,2,31868,2678,0,0,0
12:28:08,اکسیژن,صندوق س. سهامی اکسیژن-س,IRT3OXYF0001,50094941173290382,صندوق سرمایه‌گذاری قابل معامله,68,500000000,1,12725500000000,,,25156,26712,25156,26700,25934,26000,25200,-734,-2.83,25451,-483,-1.86,65,4293048,109262498106,21,1,11,3,611768,3681280,1443568,2849480,2,7000,25156,26696,2000,1,0,0,0,26712,2258,2,0,0,0,0,0,0,0,0,0,0,0,0,0,0,0,0,0,0
11:32:40,ثروت ساز,صندوق س ثروت ساز دیبا-سهام,IRT1SRVF0001,23609214278467198,صندوق سرمایه‌گذاری قابل معامله,68,200000000,1,3125200000000,,,15154,16090,15400,15960,15622,15785,15602,-20,-0.13,15626,4,0.03,64,502837,7857267225,19,1,8,2,469837,33000,116534,386303,1,1000,15627,15840,49580,1,1,307,15610,15900,631,1,2,795,15605,15985,10000,1,2,2980,15602,16436,5000,1,2,2500,15550,16458,4022,1
12:03:03,شلیا,شرکت مواد ویژه لیا,IRO7LIAZ0001,26025177574491991,سایر محصولات کانی غیرفلزی,54,500000000,1,5025000000000,627.0,16.0,9480,10060,9700,10060,9770,10040,10060,290,2.97,10050,280,2.87,64,1205569,12119488910,15,0,27,0,1205569,0,1205569,0,3,81272,10060,10350,4900,1,1,50000,9830,0,0,0,2,15464,9810,0,0,0,2,10700,9760,0,0,0,1,17255,9730,0,0,0
12:12:11,قشرین,قند شیرین خراسان,IRO7SSUP0001,36671655475498480,قند و شکر,38,10338868550,1,26084965351650,-32.0,-78.8,2377,2523,2523,2523,2450,2523,2523,73,2.98,2523,73,2.98,64,8774296,22137548808,11,1,22,0,7574296,1200000,8774296,0,46,10271196,2523,0,0,0,1,20500,2471,0,0,0,0,0,0,0,0,0,0,0,0,0,0,0,0,0,0,0,0,0
13:30:55,اطمینان,ص.س.درآمد ثابت اطمینان هیوا-د,IRT3ETHF0001,50243708970398750,صندوق سرمایه‌گذاری قابل معامله,68,500000000,1,8313500000000,,,16104,17100,16627,16628,16602,16628,16628,26,0.16,16627,25,0.15,64,2170602,36091175926,20,1,25,1,888584,1278372,1358186,808770,2,1000085,16627,16628,856354,1,1,100000,16626,16629,100000,1,1,100000,16625,16630,100000,1,1,100000,16624,16631,100000,1,1,100000,16623,16632,100000,1
12:29:15,ولبهمن,شرکت بهمن لیزینگ,IRO3BHLZ0001,48287670503317419,سایر واسطه‌گری‌های مالی,58,10300000000,1,23957800000000,671.0,3.5,2312,2454,2312,2454,2383,2454,2329,-54,-2.27,2326,-57,-2.39,63,3026226,7038385812,23,0,24,0,3026226,0,3026226,0,2,53144,2319,2400,50000,1,2,350826,2312,2410,47424,2,0,0,0,2415,1391,1,0,0,0,2416,35000,7,0,0,0,2419,383285,1
12:29:47,اتوداریوش,صندوق س. بخشی داریوش2-ب,IRT3ADUF0001,71779402170497603,صندوق سرمایه‌گذاری قابل معامله,68,1000000000,1,11128000000000,,,10925,11599,10945,11310,11262,11001,11076,-186,-1.65,11128,-134,-1.19,63,445172,4953854229,23,1,20,1,372755,72417,425172,20000,2,39385,11076,11200,55181,1,1,900,11074,11300,27684,1,2,5515,11050,11350,200000,1,2,55000,11000,11407,98856,1,1,5000,10950,11495,36316,3
12:24:55,هجرت,پخش هجرت,IRO3HEDZ0001,5317427172344706,مواد و محصولات دارویی,43,20650000000,1,79440550000000,588.0,6.5,3623,3847,3847,3847,3735,3847,3847,112,3.0,3847,112,3.0,62,8217710,31613530370,19,4,18,1,6617710,1600000,587580,7630130,625,189835937,3847,0,0,0,2,16500,3846,0,0,0,1,270000,3845,0,0,0,1,1352,3842,0,0,0,1,10000,3835,0,0,0
11:59:57,وپخش,داروپخش‌ (هلدینگ,IRO1DARO0001,7183333492448248,مواد و محصولات دارویی,43,8400000000,1,252672000000000,1812.0,16.6,28340,30080,30080,30080,29210,30080,30080,870,2.98,30080,870,2.98,62,1692048,50896803840,14,4,15,2,1312759,379289,47812,1644236,308,24053321,30080,0,0,0,1,5000,30000,0,0,0,1,10000,29220,0,0,0,3,25300,29210,0,0,0,1,1000,28360,0,0,0
12:25:28,فروسیل,فروسیلیسیم خمین,IRO3FERZ0001,44846320603450383,فلزات اساسی,27,1600000000,1,13616000000000,1434.0,5.9,8220,8720,8400,8700,8470,8700,8640,170,2.01,8510,40,0.47,62,518339,4410050730,27,0,22,0,518339,0,518339,0,1,9412,8460,8640,45265,2,1,5990,8450,8650,13330,2,2,100610,8430,8660,6966,2,2,108166,8290,8670,394785,5,1,25000,8250,8680,16173,2
12:20:55,آپح,ح.آسان پرداخت پرشین,IRR1APPE0101,58969000349474998,رایانه و فعالیت‌های وابسته به آن,72,1120000000,1,9139200000000,0.0,0.0,8160,8660,8160,8200,8410,8160,8160,-250,-2.97,8160,-250,-2.97,62,90377,737589960,5,0,52,0,90377,0,90377,0,0,0,0,8160,12613,4,0,0,0,8200,75833,6,0,0,0,8400,7000,1,0,0,0,8500,422,1,0,0,0,8600,322,1
11:58:51,هوشمند,صندوق س شاخصی شفق رابین,IRT1AF850001,37920364612147195,صندوق سرمایه‌گذاری قابل معامله,68,250000000,1,3079750000000,,,11738,12464,11964,12450,12101,11964,12449,348,2.88,12319,218,1.8,61,1081510,13323564557,5,4,5,2,265079,816431,101286,980224,1,19000,12118,0,0,0,1,20786,12000,0,0,0,1,97,10340,0,0,0,2,214,9370,0,0,0,0,0,0,0,0,0
12:05:14,فزرین,زرین معدن آسیا,IRO3KZIZ0001,43716452378323683,فلزات اساسی,27,4300000000,1,15471400000000,408.0,8.8,3390,3598,3598,3598,3494,3598,3598,104,2.98,3598,104,2.98,60,3010218,10830764364,5,1,38,1,2610218,400000,1010218,2000000,43,6942250,3598,3721,50000,1,4,1205000,3390,3769,1339,1,0,0,0,3782,1337,1,0,0,0,3869,5482,3,0,0,0,0,0,0
13:13:22,شمیم,صندوق س.درآمدثابت شمیم تابان-د,IRT3SHMF0001,64659064562132185,صندوق سرمایه‌گذاری قابل معامله,68,6000000000,1,103800000000000,,,16760,17796,17300,17301,17278,17301,17300,22,0.13,17300,22,0.13,60,27610916,477674801214,2,5,13,6,40083,27570833,1428972,26181944,1,150000001,17300,17301,50000000,1,1,1000000,17299,17302,1000000,1,1,1000000,17298,17303,1000000,1,1,1000000,17297,17304,1000000,1,1,1000000,17296,17305,1000000,1
12:29:41,غنیلی,مجتمع تولیدی نیلی صنعت کرمان,IRO5NSKS0001,21426277483799140,محصولات غذایی و آشامیدنی به جز قند و شکر,42,400000000,1,2416000000000,20.0,302.0,5700,6040,6040,6040,5870,6040,6040,170,2.9,6040,170,2.9,59,2822035,17045091400,7,0,19,0,2822035,0,2822035,0,9,798418,6040,0,0,0,2,14000,5700,0,0,0,1,3950,4850,0,0,0,0,0,0,0,0,0,0,0,0,0,0,0
12:09:48,ددام,داروسازی زاگرس فارمد پارس,IRO1DAML0001,66450490505950110,مواد و محصولات دارویی,43,2820590000,1,18587688100000,987.0,6.7,6210,6590,6590,6590,6400,6590,6590,190,2.97,6590,190,2.97,59,3687617,24301396030,21,0,18,2,3687617,0,129617,3558000,92,8640110,6590,0,0,0,2,2000,6580,0,0,0,1,200000,6530,0,0,0,1,800,6260,0,0,0,1,5000,6250,0,0,0
12:27:35,غدانه,پنبه و دانه های روغنی خراسان,IRO3KCOZ0001,8234855558996646,محصولات غذایی و آشامیدنی به جز قند و شکر,42,2000000000,1,15040000000000,1532.0,4.9,7100,7520,7520,7520,7310,7520,7520,210,2.87,7520,210,2.87,58,1703424,12809748480,14,0,23,1,1703424,0,317328,1386096,604,65312666,7520,0,0,0,2,12940,7510,0,0,0,1,30000,7500,0,0,0,1,10000,7340,0,0,0,13,126152,7310,0,0,0
12:27:04,جام سهند,صندوق س. جام سبز سهند-س,IRT3JSSF0001,56189844193337321,صندوق سرمایه‌گذاری قابل معامله,68,200000000,1,2129400000000,,,10029,10649,10500,10649,10339,10649,10648,309,2.99,10647,308,2.98,58,1011657,10771581172,10,0,2,3,1011657,0,34842,976815,1,4812,10508,10649,499430,1,1,5000,10506,0,0,0,1,20000,10031,0,0,0,1,50000,10029,0,0,0,0,0,0,0,0,0
12:29:10,ولراز,لیزینگ رازی,IRO7RAZP0001,12901875871456398,سایر واسطه‌گری‌های مالی,58,1500000000,1,2773500000000,277.0,6.7,1744,1850,1830,1850,1797,1830,1850,53,2.95,1849,52,2.89,57,4838826,8948528100,21,0,19,0,4838826,0,4838826,0,6,3567199,1850,2839,575000,2,1,27742,1813,3000,10000,1,1,32000,1810,3137,5745,1,1,30000,1789,3240,5000,1,1,50000,1761,0,0,0
13:01:46,رایبد,صندوق س رایبد-ثابت,IRT1RAIB0001,25728853053886443,صندوق سرمایه‌گذاری قابل معامله,68,1000000000,1,11514000000000,,,11155,11845,11514,11515,11500,11515,11515,15,0.13,11514,14,0.12,57,3278735,37752271011,15,2,24,1,832082,2446653,2447860,830875,1,70000000,11514,11515,10000000,1,1,1000000,11513,11516,200000,1,1,1000000,11512,11517,200000,1,1,1000000,11511,11518,200000,1,1,1000000,11510,11519,200000,1
13:28:31,گنجین,صندوق س. گنجینه یکم آوید-د,IRT3GJAF0001,57728534324022361,صندوق سرمایه‌گذاری قابل معامله,68,2000000000,1,77738000000000,,,37656,39984,38869,38870,38820,38869,38870,50,0.13,38869,49,0.13,57,1142721,44416620570,11,1,36,1,267628,875093,905515,237206,1,59124907,38869,38870,19832221,1,1,1000000,38868,38871,1000000,1,1,1000000,38867,38872,1000000,1,1,1000000,38866,38873,1000000,1,1,1000000,38865,38874,1000000,1
12:29:05,فلات,گروه صنایع معادن فلات ایرانیان,IRO7FLTP0001,60633055620418060,سرمایه‌گذاری‌ها,56,389465000,1,3906333950000,-161.0,-62.3,9880,10480,9880,10190,10180,9900,9940,-240,-2.36,10030,-150,-1.47,57,866046,8687756860,20,0,22,1,866046,0,366678,499368,1,2601,9940,9980,1532,1,2,43364,9930,9990,82132,1,1,26000,9920,10000,88000,1,2,72143,9880,10100,30500,1,0,0,0,10190,6578,1
11:57:09,دهدشت,صنایع پتروشیمی دهدشت,IRO7PDHP0001,15374483986949695,محصولات شیمیایی,44,1549430000,1,12937740500000,-101.0,-82.7,7870,8350,8350,8350,8110,8350,8350,240,2.96,8350,240,2.96,55,2456438,20511257300,13,0,11,1,2456438,0,1956438,500000,1,3643,8350,9480,10000,1,0,0,0,10100,20932,1,0,0,0,0,0,0,0,0,0,0,0,0,0,0,0,0,0,0
12:25:00,وتوسکاح,ح.سرمایه گذاری توسعه توکا,IRR7TDIP0101,18873298877346976,سرمایه‌گذاری‌ها,56,0,1,0,0.0,0.0,1363,1363,1363,1363,1363,1363,1363,0,0.0,1363,0,0.0,55,2051598,2796328074,46,0,0,1,2051598,0,0,2051598,5,20045,1363,1363,7948402,1,0,0,0,0,0,0,0,0,0,0,0,0,0,0,0,0,0,0,0,0,0,0,0,0
12:29:58,مانا,صندوق س.مانا الگوریتم-سهام,IRT1MANA0001,32941062994509455,صندوق سرمایه‌گذاری قابل معامله,68,1000000000,1,16447000000000,,,15686,16656,16330,16656,16171,16330,16656,485,3.0,16447,276,1.71,55,12803329,210575203277,16,1,9,3,682880,12120449,342468,12460861,1,12000,16537,16656,355791,1,1,80,16536,0,0,0,1,384939,16535,0,0,0,1,500000,16500,0,0,0,1,61083,16335,0,0,0
11:52:45,آفرین,صندوق س رشدآفرین سرمایه-مختلط,IRT1AFRF0001,37028614515926436,صندوق سرمایه‌گذاری قابل معامله,68,100000000,1,1481300000000,,,14493,15389,14493,15200,14941,14493,15050,109,0.73,14813,-128,-0.86,55,707282,10476981266,12,1,16,0,200271,507011,707282,0,1,341,14650,15080,3320,1,1,635,14550,15090,3318,1,1,8000,14515,15200,5645,1,1,5000,14493,15864,1000,1,0,0,0,0,0,0
12:29:57,وسین,بیمه سینا,IRO7VSNP0001,56591881518499520,بیمه و صندوق بازنشستگی به جز تامین اجتماعی,66,5877993023,1,7071225606669,-1749.0,-0.7,1143,1213,1180,1210,1178,1210,1190,12,1.02,1203,25,2.12,55,6066831,7296137835,12,0,28,0,6066831,0,6066831,0,1,72804,1190,1210,3527731,5,1,42574,1176,1211,138700,1,1,172058,1172,1213,1238497,6,1,200000,1171,0,0,0,1,138700,1165,0,0,0
12:14:10,آینده,بازرگانی آینده سازان بهشت پارس,IRO7BHEP0001,17933573078185644,زراعت و خدمات وابسته,1,417831000,1,1641240168000,-766.0,-5.1,3702,3930,3900,3930,3816,3930,3930,114,2.99,3928,112,2.94,54,1231547,4837150208,16,0,25,0,1231547,0,1231547,0,2,42624,3930,0,0,0,2,113100,3817,0,0,0,1,13600,3704,0,0,0,1,13524,3702,0,0,0,0,0,0,0,0,0
12:29:51,آتیمس,صندوق س.آرمان آتیه درخشان مس-س,IRT3SMIF0001,22839330962768817,صندوق سرمایه‌گذاری قابل معامله,68,50000000,1,29756300000000,,,564246,599146,580001,599146,581696,596500,599146,17450,3.0,595126,13430,2.31,54,20785,12369688723,19,1,38,2,9061,11724,20355,430,12,12267,599146,606561,5,1,1,17,596403,643811,1,1,2,27,596400,0,0,0,1,22276,596000,0,0,0,1,16,590009,0,0,0
12:25:26,غاذر,کشت‌وصنعت‌پیاذر,IRO1PIAZ0001,35158826900216508,محصولات غذایی و آشامیدنی به جز قند و شکر,42,863507000,1,16441173280000,2470.0,7.7,17940,19040,19040,19040,18490,19040,19040,550,2.97,19040,550,2.97,54,703265,13390165600,11,0,30,1,703265,0,442412,260853,56,1770700,19040,0,0,0,2,6000,18500,0,0,0,2,10200,18490,0,0,0,1,273,18420,0,0,0,1,5000,18000,0,0,0
12:23:33,شفا,سرمایه گذاری شفادارو,IRO1SHFA0001,36899214178084525,مواد و محصولات دارویی,43,2712000000,1,52992480000000,2100.0,9.3,18420,19540,19540,19540,18980,19540,19540,560,2.95,19540,560,2.95,54,655478,12808040120,7,0,38,2,655478,0,55478,600000,66,4477305,19540,0,0,0,1,100000,19270,0,0,0,1,5216,19100,0,0,0,2,20264,18980,0,0,0,1,5385,18500,0,0,0
13:31:18,تصمیم,صندوق س با درآمد ثابت تصمیم,IRT1SDVI0001,53419976284977130,صندوق سرمایه‌گذاری قابل معامله,68,1000000000,1,55032000000000,,,53313,56609,55031,55823,54961,55823,55032,71,0.13,55032,71,0.13,54,2232618,122865508868,22,1,24,2,72657,2159861,172100,2060418,1,499400,55032,55033,2949451,3,1,198250,55031,55034,200000,1,1,200000,55030,55035,200000,1,1,200000,55029,55036,200000,1,1,200000,55028,55037,200000,1
12:27:16,پیروز,صندوق س.سهامی امین نهایت نگر-س,IRT3NHYF0001,41746336706469006,صندوق سرمایه‌گذاری قابل معامله,68,1000000000,1,17562000000000,,,17000,18050,17012,17800,17525,17012,17789,264,1.51,17562,37,0.21,53,3108585,54594016120,28,3,22,1,3000969,107616,469540,2639045,1,1886,17406,17570,3094,1,1,128781,17400,17789,2997980,3,2,4148,17370,17790,10000,1,3,2550,17101,17799,4200,2,1,450,17001,17800,101746,2
12:28:31,نیروانا,صندوق سرمایه گذاری قلک2-بخشی,IRT1SRWT0001,54362614710319812,صندوق سرمایه‌گذاری قابل معامله,68,400000000,1,3836800000000,,,9457,10041,9457,10040,9749,10040,9457,-292,-3.0,9592,-157,-1.61,53,380090,3645840406,12,1,12,2,217061,163029,249025,131065,1,200,9458,9800,339,1,0,0,0,9896,1000,1,0,0,0,9897,5000,1,0,0,0,9898,2000,2,0,0,0,9899,199000,1
12:11:59,آکام,صندوق س. نوع دوم آکام-د,IRT3AKMF0001,490987973229371,صندوق سرمایه‌گذاری قابل معامله,68,500000000,1,5106000000000,,,9894,10504,10211,10212,10199,10212,10211,12,0.12,10212,13,0.13,52,23214656,237062770213,11,1,9,1,23013274,201382,236912,22977744,3,100001700,10211,10212,1901000,2,1,10000000,10210,10213,100000,1,1,5000000,10209,10214,100000,1,1,5000000,10208,10215,100000,1,1,5000000,10207,10216,100000,1
12:29:54,وحافظ,بیمه حافظ,IRO7HFZP0001,5128151910501174,بیمه و صندوق بازنشستگی به جز تامین اجتماعی,66,8500000000,1,20281000000000,324.0,7.4,2384,2530,2384,2438,2457,2384,2384,-73,-2.97,2386,-71,-2.89,52,2115045,5046820608,23,0,19,0,2115045,0,2115045,0,0,0,0,2384,34134,1,0,0,0,2438,213790,1,0,0,0,2440,30000,2,0,0,0,2530,134900,3,0,0,0,2688,400000,1
12:26:54,وکادو,تکادو,IRO7TKDP0001,56717416662584054,سرمایه‌گذاری‌ها,56,7000000000,1,17038000000000,437.0,5.6,2294,2434,2434,2434,2364,2434,2434,70,2.96,2434,70,2.96,51,5687067,13842321078,8,5,14,2,1719005,3968062,1960712,3726355,73,25445614,2434,0,0,0,1,5000,1969,0,0,0,0,0,0,0,0,0,0,0,0,0,0,0,0,0,0,0,0,0
13:26:29,خزانه ملت,صندوق س.مختص اوراق دولتی ملت-د,IRT3KHMF0001,65190029034514887,صندوق سرمایه‌گذاری قابل معامله,68,1000000000,1,16509000000000,,,15993,16981,16508,16509,16487,16509,16509,22,0.13,16509,22,0.13,51,1876386,30976374562,24,1,21,2,1020090,856296,609638,1266748,4,19150822,16508,16509,9066547,1,2,1000088,16507,16981,5000,1,1,1000000,16506,0,0,0,1,1000000,16505,0,0,0,1,1000000,16504,0,0,0
12:29:34,ودانا,سرمایه گذاری دانایان,IRO7DANP0001,66424163876658304,سرمایه‌گذاری‌ها,56,1350000000,1,5205600000000,509.0,7.6,3790,3944,3790,3944,3867,3790,3943,76,1.97,3856,-11,-0.28,51,1291239,4979576436,14,0,30,0,1291239,0,1291239,0,1,175000,3792,3943,12000,1,1,14689,3791,3944,13000,1,1,13500,3790,4023,1254,1,0,0,0,4120,30000,1,0,0,0,0,0,0
12:28:07,فپنتا,سپنتا,IRO1SPTA0001,68488673556087148,فلزات اساسی,27,1029283200,1,33142919040000,2926.0,11.0,30340,32200,32200,32200,31270,32200,32200,930,2.97,32200,930,2.97,51,658412,21200866400,8,1,36,1,558412,100000,358412,300000,72,679908,32200,0,0,0,1,7169,31270,0,0,0,1,5000,30400,0,0,0,1,20000,30350,0,0,0,7,4078,30340,0,0,0
11:27:03,پولاد,صندوق س.بخشی صنایع آبان2-ب,IRT3POLF0001,71051000490303906,صندوق سرمایه‌گذاری قابل معامله,68,200000000,1,2926800000000,,,14628,15532,14628,14844,15080,14654,14628,-452,-3.0,14634,-446,-2.96,51,373226,5461736036,17,1,15,2,14354,358872,144173,229053,0,0,0,14628,24967,18,0,0,0,14819,5,1,0,0,0,14849,566,1,0,0,0,15060,32542,1,0,0,0,15061,12563,1
12:19:29,فراز,صندوق س.سهام فراز داریک-س,IRT3FDKF0001,13666407494621646,صندوق سرمایه‌گذاری قابل معامله,68,200000000,1,6803800000000,,,32245,34239,33243,34239,33242,33243,34239,997,3.0,34019,777,2.34,50,214803,7307345382,19,0,24,1,214803,0,199221,15582,1,30087,33265,34239,34418,1,1,300,33263,0,0,0,1,500,33243,0,0,0,1,11327,33242,0,0,0,1,200000,32246,0,0,0
11:13:49,ثعمرا,عمران و توسعه شاهد,IRO3OSHZ0001,15726796686853780,انبوه‌سازی، املاک و مستغلات,70,1300000000,1,13442000000000,1171.0,8.8,9740,10340,10340,10340,10040,10340,10340,300,2.99,10340,300,2.99,50,1244219,12865224460,19,0,26,1,1244219,0,944219,300000,36,3731350,10340,11760,1850,1,1,2478,10050,11830,5595,1,1,3450,10040,0,0,0,0,0,0,0,0,0,0,0,0,0,0,0
12:23:03,لخانه,لوازم‌ خانگی‌ پارس,IRO7LKPP0001,56006915451245411,ماشین‌آلات و تجهیزات,29,900000000,1,8703000000000,-579.0,-16.7,9630,10210,9630,9920,9920,9640,9920,0,0.0,9670,-250,-2.52,50,558707,5405086340,18,0,15,0,558707,0,558707,0,0,0,0,9910,6000,1,0,0,0,9920,77589,3,0,0,0,10190,500,1,0,0,0,10210,27911,3,0,0,0,10490,2300,1
12:10:48,ثمین,صندوق س. ثروت افزون ثمین-س,IRT3SAEF0001,66721204145017523,صندوق سرمایه‌گذاری قابل معامله,68,500000000,1,23674500000000,,,44602,47360,46050,47360,45981,46050,47360,1379,3.0,47349,1368,2.98,50,4181284,197980585435,16,2,13,2,288175,3893109,473511,3707773,5,221754,47360,0,0,0,1,20000,47010,0,0,0,1,1887,47002,0,0,0,1,19000,47001,0,0,0,1,20000,47000,0,0,0
12:16:02,کارام,صنایع سرام آرا,IRO7CEIP0001,69904617508102874,کاشی و سرامیک,49,1534389154,1,2563964276334,8.0,208.9,1578,1674,1630,1674,1626,1630,1674,48,2.95,1671,45,2.77,50,1498897,2505266169,11,0,22,0,1498897,0,1498897,0,2,353667,1674,0,0,0,1,32000,1600,0,0,0,0,0,0,0,0,0,0,0,0,0,0,0,0,0,0,0,0,0
12:13:01,تمحرکه,ماشین سازی نیرو محرکه,IRO7NMTP0001,22427604495160869,ماشین‌آلات و تجهیزات,29,355171000,1,2010267860000,37.0,153.0,5660,5880,5660,5660,5770,5660,5660,-110,-1.91,5660,-110,-1.91,49,1556686,8810842760,19,0,15,0,1556686,0,1556686,0,0,0,0,5660,479372,4,0,0,0,5800,9000,1,0,0,0,5850,20000,1,0,0,0,5870,1000,1,0,0,0,5880,134500,4
12:27:16,لازما,کارخانه های صنعتی آزمایش,IRO7AZMP0001,50368344235826302,ماشین‌آلات و تجهیزات,29,217500000,1,15812250000000,50376.0,1.4,68500,72700,72700,72700,70600,72700,72700,2100,2.97,72700,2100,2.97,49,229324,16671854800,15,0,20,0,229324,0,229324,0,21,206343,72700,0,0,0,0,0,0,0,0,0,0,0,0,0,0,0,0,0,0,0,0,0,0,0,0,0,0,0
13:29:44,سیناد,صندوق س.سپهرسودمند سینا-د,IRT3SSSF0001,31913287805282551,صندوق سرمایه‌گذاری قابل معامله,68,2650000000,1,65619300000000,,,23970,25452,24762,24763,24711,24762,24763,52,0.21,24762,51,0.21,48,13463766,333390156560,20,1,3,4,386534,13077232,55672,13408094,8,26924492,24762,24763,29619632,3,1,1000000,24761,24764,1000000,1,1,1000000,24760,24765,1000000,1,1,1000000,24759,24766,1000000,1,1,1000000,24758,24767,1000000,1
12:25:02,دشیمی,شیمی‌ داروئی‌ داروپخش,IRO1DDPK0001,33603212156438463,مواد و محصولات دارویی,43,900000000,1,17586000000000,2073.0,9.4,18420,19540,19540,19540,18980,19540,19540,560,2.95,19540,560,2.95,48,889938,17389388520,2,1,17,2,30000,859938,63938,826000,49,3285933,19540,0,0,0,1,1115,18980,0,0,0,1,5000,18430,0,0,0,0,0,0,0,0,0,0,0,0,0,0,0
12:20:46,فبیرا,بسته‌ بندی‌ ایران,IRO7BIRP0001,49399017998386087,ساخت محصولات فلزی,28,5000000000,1,5385000000000,98.0,11.0,1015,1077,1074,1077,1046,1077,1077,31,2.96,1077,31,2.96,48,4573649,4924365437,5,0,26,0,4573649,0,4573649,0,6,1850796,1077,0,0,0,1,53382,1018,0,0,0,2,163534,1017,0,0,0,3,356802,1015,0,0,0,0,0,0,0,0,0
12:27:38,نطرین,عطرین نخ قم,IRO3ANQZ0001,64699417405634265,منسوجات,17,2600000000,1,8928400000000,399.0,8.6,3234,3434,3434,3434,3334,3434,3434,100,3.0,3434,100,3.0,48,1736585,5963432890,5,0,39,0,1736585,0,1736585,0,99,31110777,3434,0,0,0,1,1501,3338,0,0,0,1,1700,3234,0,0,0,1,1664,3052,0,0,0,1,1770,2870,0,0,0
12:21:53,ثعتما,س. ساختمانی اعتماد گستر,IRO7ETMP0001,64707090254488560,انبوه‌سازی، املاک و مستغلات,70,141466960,1,3338620256000,-398.0,-59.3,22450,23750,23150,23750,23100,23600,23200,100,0.43,23600,500,2.16,48,278023,6559437750,16,0,21,0,278023,0,278023,0,3,11852,23100,23650,5223,1,1,3000,22850,23700,3683,2,1,5000,22800,23750,12000,2,1,3500,22750,0,0,0,1,3350,22700,0,0,0
11:50:17,عرش,صندوق س.عرش میلاد شهر-س,IRT3ARSF0001,13327012090180555,صندوق سرمایه‌گذاری قابل معامله,68,200000000,1,3761200000000,,,17955,19065,18001,19065,18510,19064,18943,433,2.34,18806,296,1.6,47,171338,3222135993,9,1,10,2,87814,83524,74146,97192,1,21874,18500,19065,7360,1,1,300,18101,0,0,0,1,1000,18052,0,0,0,1,5530,18040,0,0,0,1,277,18010,0,0,0
12:29:00,فارما کیان,صندوق س. بخشی کیان1-ب,IRT3FMKF0001,40422084765096890,صندوق سرمایه‌گذاری قابل معامله,68,2000000000,1,34974000000000,,,16469,17487,17487,17487,16978,17487,17487,509,3.0,17487,509,3.0,47,11483936,200819588832,14,5,16,1,7023936,4460000,483936,11000000,281,91618400,17487,0,0,0,3,1002299,17478,0,0,0,1,1000,17400,0,0,0,1,2000,17011,0,0,0,1,1000,17000,0,0,0
12:19:58,فنورد,نوردوقطعات‌ فولادی,IRO1NGFO0001,56324206651661881,فلزات اساسی,27,6336000000,1,38776320000000,1174.0,5.2,5780,6120,6120,6120,5950,6120,6120,170,2.86,6120,170,2.86,47,1452930,8891931600,8,1,23,2,1252930,200000,451641,1001289,141,19134845,6120,0,0,0,3,4171,5950,0,0,0,3,2866,5780,0,0,0,0,0,0,0,0,0,0,0,0,0,0,0
11:03:41,نارین,صندوق س ارزش آفرین فولاد-سهام,IRT1AAET0001,30430907997908005,صندوق سرمایه‌گذاری قابل معامله,68,500000000,1,8806500000000,,,16888,17932,17021,17663,17410,17415,17663,253,1.45,17613,203,1.17,46,10609172,186854350595,4,2,7,5,129271,10479901,2660879,7948293,1,6973,17500,17880,2001,1,1,365,17460,17900,45000,1,1,1210,17430,17930,5928,1,1,45000,17380,17932,607,2,0,0,0,0,0,0
12:21:49,برلیان,صندوق سرمایه گذاری برلیان-سهام,IRT1BERL0001,4216536645718658,صندوق سرمایه‌گذاری قابل معامله,68,100000000,1,2779600000000,,,26193,27813,27500,27813,27003,27799,27813,810,3.0,27796,793,2.94,45,7820321,217370908843,7,2,4,4,282142,7538179,71357,7748964,1,10000,27813,0,0,0,1,17395,27500,0,0,0,2,114765,27403,0,0,0,3,121000,27400,0,0,0,1,35000,27390,0,0,0
12:05:33,خبازرس,بازرسی مهندسی و صنعتی ایران,IRO7IEIP0001,19310456400689867,فعالیت مهندسی، تجزیه، تحلیل و آزمایش فنی,71,300000000,1,4293000000000,2345.0,6.1,14130,14990,14130,14980,14560,14140,14560,0,0.0,14310,-250,-1.72,45,395486,5659491740,13,0,26,0,395486,0,395486,0,1,6500,14700,14970,17419,2,3,19132,14560,14980,70694,4,6,202200,14130,14990,125500,4,0,0,0,15230,5000,1,0,0,0,15990,5000,1
12:22:43,زمگسا,کشاورزی‌ ودامپروی‌ مگسال,IRO1MAGS0001,5054819322815158,زراعت و خدمات وابسته,1,300000000,1,21279000000000,11522.0,6.2,66810,70930,70930,70930,68870,70930,70930,2060,2.99,70930,2060,2.99,44,231765,16439091450,3,0,24,1,231765,0,58765,173000,171,7200154,70930,0,0,0,6,71006,68870,0,0,0,1,30000,66830,0,0,0,1,100,66810,0,0,0,1,90,64930,0,0,0
10:51:48,آس,صندوق س. گنجینه ارمغان الماس-س,IRT3ASAF0001,10063040211859748,صندوق سرمایه‌گذاری قابل معامله,68,100000000,1,1305300000000,,,12413,13179,12413,13142,12796,13142,13100,304,2.38,13053,257,2.01,44,336715,4395191465,5,2,7,1,5426,331289,81715,255000,1,410,12413,13000,471077,1,0,0,0,13409,3000,1,0,0,0,0,0,0,0,0,0,0,0,0,0,0,0,0,0,0
12:21:42,دفرا,فرآورده‌های‌ تزریقی‌ ایران,IRO1FTIR0001,18303237082155264,مواد و محصولات دارویی,43,7000000000,1,190190000000000,2707.0,10.0,25590,27170,27170,27170,26380,27170,27170,790,2.99,27170,790,2.99,44,912545,24793847650,10,1,22,2,812545,100000,223545,689000,90,1993897,27170,0,0,0,1,1156,26800,0,0,0,7,141555,26380,0,0,0,1,20000,26300,0,0,0,2,7490,25590,0,0,0
12:29:52,اتکاسا,بیمه اتکایی سامان,IRO3SREP0001,66305369579423152,بیمه و صندوق بازنشستگی به جز تامین اجتماعی,66,5000000000,1,15750000000000,628.0,5.0,3033,3219,3126,3160,3126,3160,3126,0,0.0,3150,24,0.77,44,328950,1036178438,12,2,27,1,254166,74784,136890,192060,2,23350,3126,3159,46038,1,1,5000,3100,3160,292972,2,2,12542,3081,3190,3000,1,0,0,0,3200,15529,4,0,0,0,3210,2036,1
12:09:16,پارتا,مجتمع صنعتی آرتاویل تایر,IRO3ARTZ0001,72044846109864381,لاستیک و پلاستیک,25,6200000000,1,80228000000000,1010.0,12.8,12220,12960,12500,12960,12590,12960,12800,210,1.67,12940,350,2.78,42,761065,9846601370,12,0,18,0,761065,0,761065,0,1,554,12290,12800,20489,1,1,500,12270,12880,63200,3,1,2440,12250,12890,5116,1,2,1814,12240,12960,293605,7,1,448,12220,13530,3405,3
12:28:04,رونق,صندوق س.رونق کسرا-سهام,IRT1RNGH0001,24744049494761785,صندوق سرمایه‌گذاری قابل معامله,68,100000000,1,1209300000000,,,11823,12553,11823,12400,12188,11823,12002,-186,-1.53,12093,-95,-0.78,41,337490,4081380128,14,0,14,0,337490,0,337490,0,1,84,12001,12150,2526,1,1,88,11892,12250,10000,1,2,11000,11823,12345,41951,1,0,0,0,12387,10000,1,0,0,0,12388,15533,2
12:14:18,بسویچ,پارس‌سویچ,IRO1SWIC0001,47377315952751604,ماشین‌آلات و دستگاه‌های برقی,31,24000000000,1,84576000000000,508.0,6.9,3524,3740,3524,3524,3632,3524,3524,-108,-2.97,3524,-108,-2.97,41,1232570,4343576680,25,1,7,1,479570,753000,1230098,2472,0,0,0,3524,1845400,17,0,0,0,3610,5000,1,0,0,0,3632,17000,1,0,0,0,3635,11171,1,0,0,0,3666,4500,1
13:02:34,فاخر,صندوق س.ثروت افزون فاخر-د,IRT3FARF0001,56344907495802692,صندوق سرمایه‌گذاری قابل معامله,68,4000000000,1,91640000000000,,,22194,23566,22910,22911,22880,22911,22910,30,0.13,22910,30,0.13,41,5250283,120284970099,15,1,17,4,1472273,3778010,313248,4937035,2,399745203,22910,22911,81394597,45,1,4000000,22909,22912,437,1,1,4000000,22908,0,0,0,1,4000000,22907,0,0,0,1,4000000,22906,0,0,0
12:19:21,کهرام,تولیدی گرانیت بهسرام,IRO7BEGP0001,25631699615003698,کاشی و سرامیک,49,75000000,1,1657500000000,-8479.0,-2.6,21400,22200,21800,22200,21800,22200,22200,400,1.83,22100,300,1.38,40,91368,2018463050,14,0,20,0,91368,0,91368,0,3,9788,22200,0,0,0,3,9534,21950,0,0,0,2,51459,21900,0,0,0,2,49091,21550,0,0,0,2,8000,21500,0,0,0
12:21:56,سهرمز,سیمان‌هرمزگان,IRO1SHZG0001,29747059672582491,سیمان، آهک و گچ,53,7296000000,1,161825280000000,1237.0,17.9,20900,22180,22180,22180,21540,22180,22180,640,2.97,22180,640,2.97,40,532745,11816284100,5,2,28,1,332745,200000,241745,291000,91,3858964,22180,0,0,0,1,4000,21540,0,0,0,3,24352,21480,0,0,0,0,0,0,0,0,0,0,0,0,0,0,0
13:06:27,بازده,صندوق س. بازده ثابت-د,IRT3BAZF0001,34856765062083074,صندوق سرمایه‌گذاری قابل معامله,68,300000000,1,7145400000000,,,23065,24491,23818,23819,23778,23818,23819,41,0.17,23818,40,0.17,40,4670633,111245396656,9,1,21,1,299463,4371170,4426271,244362,6,4828830,23818,23819,1005638,4,1,100000,23817,23820,10000,1,1,100000,23816,23821,10000,1,2,129800,23815,23822,10470,2,1,100000,23814,23823,10000,1
12:26:17,پتروفارس,صندوق س.بخشی خبره خلیج فارس-ب,IRT3PTFF0001,41549354947422432,صندوق سرمایه‌گذاری قابل معامله,68,1000000000,1,20213000000000,,,19493,20697,19669,20598,20095,19669,20584,489,2.43,20213,118,0.59,40,231208,4673393023,19,1,19,0,98958,132250,231208,0,1,1734,20417,20585,3159,1,1,500,20416,20590,1070,1,1,80,20291,20599,1000,1,1,950,20252,20678,16000,1,1,34700,20250,20680,100,1
10:28:58,دقاضی,داروسازی شهید قاضی,IRO3GPHP0001,46801030346547943,مواد و محصولات دارویی,43,10390000000,1,112523700000000,1524.0,7.1,10210,10830,10830,10830,10520,10830,10830,310,2.95,10830,310,2.95,40,2130643,23074863690,12,1,9,1,1930643,200000,28280,2102363,526,63466641,10830,0,0,0,14,303920,10520,0,0,0,1,3000,10380,0,0,0,2,10284,10210,0,0,0,1,600,9930,0,0,0
12:55:57,خگستر3,گسترش‌سرمایه‌گذاری‌ایران‌خودرو,IRO1GOST0003,48670335799816465,خودرو و ساخت قطعات,34,58808747000,1,159724556852000,106.0,25.6,2716,2716,2716,2716,2747,2716,2716,-31,-1.13,2716,-31,-1.13,40,911326,2475161416,17,0,2,0,911326,0,911326,0,27,1658600,2716,0,0,0,0,0,0,0,0,0,0,0,0,0,0,0,0,0,0,0,0,0,0,0,0,0,0,0
09:00:11,کیان2,صندوق س. با درآمد ثابت کیان,IRT1FKNF0002,53254637903825194,صندوق سرمایه‌گذاری قابل معامله,68,4000000000,1,4000000000,,,1,1,1,1,101314,1,1,-101313,-100.0,1,-101313,-100.0,40,40000000,40000000,0,1,0,1,0,40000000,0,40000000,0,0,0,0,0,0,0,0,0,0,0,0,0,0,0,0,0,0,0,0,0,0,0,0,0,0,0,0,0,0
12:59:50,چاپ3,ص.چاپ وبسته بندی آسان قزوین,IRO1CHAP0003,45602077511325616,محصولات کاغذی,21,5600000000,1,57064000000000,946.0,10.8,10190,10190,10190,10190,10350,10190,10190,-160,-1.55,10190,-160,-1.55,39,16864,171844160,3,0,37,0,16864,0,16864,0,3,35422,10190,0,0,0,0,0,0,0,0,0,0,0,0,0,0,0,0,0,0,0,0,0,0,0,0,0,0,0
12:25:02,الماس,صندوق س.امین تدبیرگران فردا-س,IRT3SALF0001,28788598290160782,صندوق سرمایه‌گذاری قابل معامله,68,200000000,1,6474800000000,,,32101,34085,32103,34085,33093,34085,32120,-973,-2.94,32374,-719,-2.17,38,70867,2294258608,21,1,18,1,43447,27420,66874,3993,2,136,32121,33000,6497,3,1,200,32110,33062,1210,1,1,2580,32103,34082,1950,1,8,108457,32101,34083,1000,1,0,0,0,34084,10,1
12:59:46,خمهر3,مهرکام‌پارس,IRO1MHKM0003,71732243867931129,خودرو و ساخت قطعات,34,6627718566,1,13686238838790,-13.0,-158.8,2065,2065,2065,2065,2052,2065,2065,13,0.63,2065,13,0.63,38,2498483,5159367395,12,0,2,1,2498483,0,102365,2396118,0,0,0,2065,203882,1,0,0,0,0,0,0,0,0,0,0,0,0,0,0,0,0,0,0,0,0,0,0,0,0
12:06:45,تکنو,تکنوتار,IRO1TKNO0001,3654864906585643,ماشین‌آلات و تجهیزات,29,2554450000,1,18621940500000,125.0,58.3,6870,7290,7290,7290,7080,7290,7290,210,2.97,7290,210,2.97,37,2481576,18090689040,13,0,19,1,2481576,0,978576,1503000,155,22221685,7290,0,0,0,8,923467,7080,0,0,0,5,547926,6880,0,0,0,1,7500,6490,0,0,0,0,0,0,0,0,0
12:21:51,بزندگی,بیمه زندگی آگاه,IRO7AGLZ0001,4341085373810698,بیمه و صندوق بازنشستگی به جز تامین اجتماعی,66,4200000000,1,9807000000000,240.0,9.7,2214,2350,2282,2350,2282,2282,2310,28,1.23,2335,53,2.32,37,793444,1852827731,5,2,32,0,145155,648289,793444,0,2,46180,2310,2350,31077,6,1,300000,2288,0,0,0,1,351711,2282,0,0,0,1,400000,2281,0,0,0,1,400000,2280,0,0,0
12:29:24,بزرگ,صندوق س.سرزمین بزرگ بازار-س,IRT3BZRG0001,13286519531933238,صندوق سرمایه‌گذاری قابل معامله,68,200000000,1,2092400000000,,,9928,10542,10301,10540,10235,10500,10460,225,2.2,10462,227,2.22,37,502760,5259956406,6,1,10,2,279650,223110,184039,318721,1,100000,10360,10460,4707,1,1,1690,10011,10500,216288,2,1,101,9928,10530,48499,2,0,0,0,10540,97779,1,0,0,0,10542,1210005,4
13:27:09,آسود,ص.س.درآمد ثابت آرمان اقتصاد-د,IRT3SUDF0001,16582961426722208,صندوق سرمایه‌گذاری قابل معامله,68,200000000,1,3039800000000,,,14726,15636,15199,15200,15181,15199,15199,18,0.12,15199,18,0.12,37,1212521,18429108446,9,1,27,1,100246,1112275,1211442,1079,1,9999670,15199,15200,2018678,8,1,50000,15198,15201,50000,1,1,50000,15197,15202,50000,1,1,50000,15196,15203,50000,1,1,50000,15195,15204,50000,1
12:13:07,سهامدار,صندوق س. بازده سهام-س,IRT3SAHF0001,71266020070603888,صندوق سرمایه‌گذاری قابل معامله,68,200000000,1,2667200000000,,,12888,13684,13100,13684,13286,13471,13500,214,1.61,13336,50,0.38,37,3252990,43381718760,7,2,10,2,227629,3025361,3014641,238349,1,15000,13451,13500,212497,1,2,115000,13401,13680,251602,1,1,100000,13301,13684,8700,2,1,245609,13300,0,0,0,1,20000,13250,0,0,0
13:30:11,سپیدما,صندوق س. سپید دماوند-د,IRT3SEDF0001,2161110547458064,صندوق سرمایه‌گذاری قابل معامله,68,15000000000,1,489660000000000,,,31627,33583,32644,32645,32605,32644,32644,39,0.12,32644,39,0.12,36,10513196,343192788663,7,1,9,4,223439,10289757,79456,10433740,1,99452784,32644,32645,3983123,1,1,1000000,32643,32646,250000,1,1,1000000,32642,32647,250000,1,1,1000000,32641,32648,250000,1,2,1001500,32640,32649,250500,2
09:02:51,ساوه,سیمان ساوه,IRO3SACZ0001,32347247706508046,سیمان، آهک و گچ,53,17181088378,1,185555754482400,1315.0,8.2,10180,10800,10800,10800,10490,10800,10800,310,2.96,10800,310,2.96,36,913195,9862506000,4,2,27,1,513195,400000,681245,231950,184,18607146,10800,11200,451,1,1,10000,10700,0,0,0,1,666,10550,0,0,0,11,307249,10490,0,0,0,1,10000,10310,0,0,0
12:25:06,وامیر,گروه صنعتی و معدنی امیر,IRO7AIMP0001,67213778593531096,استخراج کانه‌های فلزی,13,6300000000,1,29799000000000,286.0,16.5,4456,4730,4730,4730,4593,4730,4730,137,2.98,4730,137,2.98,36,621334,2938909820,3,0,28,1,621334,0,571334,50000,32,5577739,4730,0,0,0,1,10753,4650,0,0,0,1,10870,4600,0,0,0,1,100000,4593,0,0,0,1,40000,4472,0,0,0
11:22:10,دتماد,تولیدمواداولیه‌داروپخش,IRO1TMVD0001,34641719089573667,مواد و محصولات دارویی,43,2800000000,1,73164000000000,4448.0,5.9,24610,26130,26130,26130,25370,26130,26130,760,3.0,26130,760,3.0,35,438919,11468953470,4,1,18,2,338919,100000,31529,407390,403,31383867,26130,0,0,0,2,966,26000,0,0,0,3,3700,25370,0,0,0,0,0,0,0,0,0,0,0,0,0,0,0
12:18:18,جهرم,پتروشیمی جهرم,IRO7PJHP0001,49674915481184052,محصولات شیمیایی,44,3313000000,1,2150137000000,-104.0,-6.2,649,675,649,649,662,649,649,-13,-1.96,649,-13,-1.96,35,6117085,3969988165,16,0,12,0,6117085,0,6117085,0,1,381224,621,664,524726,1,0,0,0,666,10000,2,0,0,0,669,10000,1,0,0,0,670,19000,2,0,0,0,671,10000,1
12:19:01,صنوین,صندوق سرمایه‌گذاری صنوین-مختلط,IRT1CSNF0001,68203878405672734,صندوق سرمایه‌گذاری قابل معامله,68,100000000,1,41942200000000,,,401994,426858,414000,425576,414426,414284,424500,10074,2.43,419422,4996,1.21,35,9519,3992477049,17,1,17,1,5539,3980,9448,71,1,100,421670,424500,3766,1,1,710,421669,424896,15300,1,1,100,417500,424897,24300,1,1,24,417120,424898,21400,1,1,4000,417000,424899,20000,1
12:29:49,رویش همراه,صندوق س رویش همراه سرمایه-سهام,IRT1RYSH0001,20119181940051841,صندوق سرمایه‌گذاری قابل معامله,68,100000000,1,1690400000000,,,15928,16912,16600,16912,16420,16912,16912,492,3.0,16904,484,2.95,34,3799165,64219589796,10,1,9,2,1806566,1992599,1126704,2672461,1,200000,16911,0,0,0,3,300000,16600,0,0,0,3,1200000,16400,0,0,0,2,600000,16000,0,0,0,1,100000,15990,0,0,0
12:14:44,فسدید,لوله‌وتجهیزات‌ سدید,IRO7LSDP0001,20966291817819448,فلزات اساسی,27,97800000,1,8748210000000,-5066.0,-17.7,89450,93050,89450,89450,91250,89450,89450,-1800,-1.97,89450,-1800,-1.97,34,61409,5493035050,21,0,4,0,61409,0,61409,0,0,0,0,89450,175489,23,0,0,0,93050,13000,2,0,0,0,96300,2000,1,0,0,0,0,0,0,0,0,0,0,0,0
12:13:53,ورازی,بیمه رازی,IRO7RZIP0001,60079434631497942,بیمه و صندوق بازنشستگی به جز تامین اجتماعی,66,19039453000,1,18677703393000,54.0,18.2,925,981,981,981,953,981,981,28,2.94,981,28,2.94,34,4992607,4897747467,3,0,16,1,4992607,0,1692607,3300000,25,10323477,981,0,0,0,1,99999,956,0,0,0,1,54100,925,0,0,0,1,66599,763,0,0,0,0,0,0,0,0,0
12:27:57,ثنور,سرمایه گذاری کوه نور,IRO7NORP0001,63315013743060811,انبوه‌سازی، املاک و مستغلات,70,1200486000,1578718,4776733794000,78.0,51.0,3851,4007,4007,4007,3929,4007,4007,78,1.99,3979,50,1.27,34,1013541,4061258787,3,0,23,0,1013541,0,1013541,0,21,5303464,4007,0,0,0,0,0,0,0,0,0,0,0,0,0,0,0,0,0,0,0,0,0,0,0,0,0,0,0
12:27:57,سپ,پرداخت الکترونیک سامان کیش,IRO1SEPK0001,71856634742001725,رایانه و فعالیت‌های وابسته به آن,72,13000000000,1,142610000000000,523.0,21.0,10940,11600,10940,11400,11270,10940,10940,-330,-2.93,10970,-300,-2.66,34,264386,2900290340,22,0,10,1,264386,0,247636,16750,1,5000,10460,10940,250360,6,1,5000,10310,11390,16750,1,1,5000,10150,11570,4223,2,1,522,9580,11600,53000,4,0,0,0,11950,25828,2
12:29:48,ولملت,واسپاری ملت,IRO1VLMT0001,11403770140000603,سایر واسطه‌گری‌های مالی,58,1500000000,1,15300000000000,644.0,15.8,9620,10200,10200,10200,9910,10200,10200,290,2.93,10200,290,2.93,32,625768,6382833600,4,0,22,1,625768,0,128768,497000,143,25182863,10200,0,0,0,1,600,9910,0,0,0,0,0,0,0,0,0,0,0,0,0,0,0,0,0,0,0,0,0
11:44:46,نتوس,پشم‌ بافی‌ توس,IRO7PTOP0001,22950683624908253,منسوجات,17,512087969,1,3794571850290,1332.0,5.6,7330,7770,7330,7750,7550,7750,7540,-10,-0.13,7410,-140,-1.85,32,432757,3206686650,12,0,10,0,432757,0,432757,0,1,7500,7340,7500,10497,2,2,20000,7330,7520,29964,1,1,7100,7290,7540,10710,2,0,0,0,7560,10000,1,0,0,0,7590,25000,1
12:29:30,خچرخش,چرخشگر,IRO1CHAR0001,33783140337377394,خودرو و ساخت قطعات,34,952094749,1,13614954910700,2074.0,6.9,13640,14480,14000,14450,14060,14450,14370,310,2.2,14300,240,1.71,32,94080,1344883650,15,0,21,0,94080,0,94080,0,1,10000,14330,14390,68950,2,2,13876,14130,14400,21343,1,1,1423,14110,14430,12000,2,6,323260,14000,14450,2200,2,1,800,13880,14470,4500,2
12:59:52,فزر3,پویا زرکان آق دره,IRO3PZAZ0003,34733536560702211,استخراج کانه‌های فلزی,13,5400000000,1,670410000000000,9302.0,13.3,124150,124150,124150,124150,125250,124150,124150,-1100,-0.88,124150,-1100,-0.88,31,38482,4777540300,19,0,11,0,38482,0,38482,0,0,0,0,124150,20811,8,0,0,0,0,0,0,0,0,0,0,0,0,0,0,0,0,0,0,0,0,0,0,0,0
12:26:00,قشهد,شهد,IRO1GHND0001,37631109616997982,قند و شکر,38,2200000000,1,29304000000000,2112.0,6.3,12560,13320,13320,13320,12940,13320,13320,380,2.94,13320,380,2.94,31,419067,5581972440,13,0,14,2,419067,0,175410,243657,21,702036,13320,0,0,0,1,5000,12950,0,0,0,1,3000,11860,0,0,0,1,4324,11520,0,0,0,0,0,0,0,0,0
12:59:49,کگل3,معدنی و صنعتی گل گهر,IRO1GOLG0003,55635906930449929,استخراج کانه‌های فلزی,13,655000000000,1,1357160000000000,234.0,8.9,2072,2072,2072,2072,2127,2072,2072,-55,-2.59,2072,-55,-2.59,31,1278230,2648492560,13,0,7,1,1278230,0,278000,1000230,0,0,0,2072,2737210,29,0,0,0,0,0,0,0,0,0,0,0,0,0,0,0,0,0,0,0,0,0,0,0,0
12:04:31,خعمرا,توسعه و عمران شهرستان نائین,IRO7TONP0001,6433335428452486,خودرو و ساخت قطعات,34,1400546000,1,7268833740000,365.0,14.2,4940,5240,5100,5240,5088,5240,5210,122,2.4,5190,102,2.0,30,571866,2966166680,10,0,14,0,571866,0,571866,0,1,30000,5120,5220,34162,2,1,200000,5110,5230,10000,1,2,60000,5090,5240,694037,11,1,10500,4940,5430,1000,1,0,0,0,0,0,0
12:59:46,ذوب3,ذوب آهن اصفهان,IRO1ZOBI0003,49144093215291545,فلزات اساسی,27,667084565831,1,264165488069076,26.0,15.2,396,396,396,396,404,396,396,-8,-1.98,396,-8,-1.98,30,2081805,824394780,13,0,14,0,2081805,0,2081805,0,42,6065597,396,0,0,0,0,0,0,0,0,0,0,0,0,0,0,0,0,0,0,0,0,0,0,0,0,0,0,0
12:24:54,رتکو,کنترل ‌خوردگی ‌تکین ‌کوی,IRO7TKIN0001,49854144784855542,خدمات فنی و مهندسی,74,200000000,1,2312000000000,605.0,19.1,11560,12260,11560,11590,11910,11580,11590,-320,-2.69,11560,-350,-2.94,30,364010,4208914600,12,0,16,0,364010,0,364010,0,1,7000,11590,12190,55000,2,1,4482,11580,12200,59592,2,5,203596,11560,12240,46000,1,0,0,0,12260,39345,4,0,0,0,0,0,0
12:07:22,بنکوداریوش,صندوق س.بخشی داریوش3-ب,IRT3DARF0001,8456220681927384,صندوق سرمایه‌گذاری قابل معامله,68,1000000000,1,15687000000000,,,14864,15782,15550,15782,15323,15781,15782,459,3.0,15687,364,2.38,29,483467,7584216272,16,1,12,2,416376,67091,183467,300000,3,212894,15782,0,0,0,1,333,15632,0,0,0,1,91915,15631,0,0,0,1,20000,15600,0,0,0,1,13107,15550,0,0,0
13:14:29,آلا,صندوق س.اعتماد ارغوان-د,IRT3ALAF0001,19828734979381742,صندوق سرمایه‌گذاری قابل معامله,68,1000000000,1,22681000000000,,,21971,23329,22681,22682,22650,22681,22681,31,0.14,22681,31,0.14,29,287078,6511233718,6,1,17,1,70706,216372,234991,52087,2,100783628,22681,22682,10000000,1,1,1000000,22680,23329,307988,1,1,1000000,22679,0,0,0,1,1000000,22678,0,0,0,1,454,21971,0,0,0
11:35:23,آرمان,بیمه آرمان,IRO7ARMP0001,38738476064699383,بیمه و صندوق بازنشستگی به جز تامین اجتماعی,66,8500000000,1,15614500000000,90.0,20.4,1828,1940,1828,1935,1884,1935,1828,-56,-2.97,1837,-47,-2.49,29,2239876,4114480256,11,0,7,1,2239876,0,1439876,800000,0,0,0,1828,4488342,7,0,0,0,1851,30000,1,0,0,0,1927,85000,3,0,0,0,1929,162100,1,0,0,0,1930,90000,1
12:10:31,غدام,خوراک‌  دام‌ پارس,IRO1KDPS0001,2254054929817435,محصولات غذایی و آشامیدنی به جز قند و شکر,42,160000000,1,7337600000000,63.0,727.9,43200,45860,45860,45860,44530,45860,45860,1330,2.99,45860,1330,2.99,28,104150,4776319000,3,0,23,0,104150,0,104150,0,45,572765,45860,0,0,0,1,112,44530,0,0,0,1,120,43210,0,0,0,1,120,43200,0,0,0,0,0,0,0,0,0
11:55:02,زنجان,صنایع کشاورزی وکود زنجان,IRO7ZNJP0001,12303918642491681,محصولات شیمیایی,44,8750000000,1,11838750000000,2.0,676.5,1301,1353,1353,1353,1327,1353,1353,26,1.96,1353,26,1.96,28,3375735,4567369455,5,0,17,1,3375735,0,975735,2400000,6,490072,1353,0,0,0,1,50000,1302,0,0,0,0,0,0,0,0,0,0,0,0,0,0,0,0,0,0,0,0,0
12:26:58,آگاس2,صندوق س.هستی بخش آگاه-س,IRT3SAGF0002,48702596863145683,صندوق سرمایه‌گذاری قابل معامله,68,800000000,1,800000000,,,1,1,1,1,300254,1,1,-300253,-100.0,1,-300253,-100.0,28,3300000,3300000,0,1,0,1,0,3300000,0,3300000,0,0,0,0,0,0,0,0,0,0,0,0,0,0,0,0,0,0,0,0,0,0,0,0,0,0,0,0,0,0
12:37:53,بمان,صندوق س.بازده مانا-د,IRT3BMNF0001,52551569846042389,صندوق سرمایه‌گذاری قابل معامله,68,800000000,1,16067200000000,,,19459,20661,20084,20085,20060,20084,20084,24,0.12,20084,24,0.12,28,1995326,40074230464,5,1,8,4,103080,1892246,352246,1643080,102,99574122,20084,20085,25926030,30,1,1000000,20083,20086,1000000,1,1,1000000,20082,20087,1000000,1,1,1000000,20081,20088,100000,1,1,1000000,20080,20089,100000,1
11:25:36,ومشان,سرمایه گذاری مشانیر,IRO7IFMP0001,35369183060321179,سرمایه‌گذاری‌ها,56,1040000000,1,19780800000000,51.0,372.9,17940,19040,19000,19040,18490,19030,19040,550,2.97,19020,530,2.87,27,245247,4664249060,4,0,24,0,245247,0,245247,0,26,1682531,19040,0,0,0,2,125401,19000,0,0,0,2,200000,18900,0,0,0,2,110000,18800,0,0,0,1,10000,18500,0,0,0
12:21:24,اتکای,بیمه اتکایی ایرانیان,IRO3ETKZ0001,39751275523025334,بیمه و صندوق بازنشستگی به جز تامین اجتماعی,66,20000000000,1,46160000000000,661.0,3.5,2287,2427,2287,2380,2357,2310,2300,-57,-2.42,2308,-49,-2.08,27,672087,1550932533,12,1,16,0,275922,396165,672087,0,1,11595,2300,2370,284048,2,1,20000,2289,2371,400000,1,1,300000,2288,2373,216938,1,4,415048,2287,2374,282624,3,1,2651,2129,2375,37490,1
12:26:47,غمهرا,تولیدی‌مهرام,IRO1MRAM0001,6131290133202745,محصولات غذایی و آشامیدنی به جز قند و شکر,42,5000000000,1,57850000000000,1805.0,6.4,10910,11570,11570,11570,11240,11570,11570,330,2.94,11570,330,2.94,26,527941,6108277370,7,1,13,2,427941,100000,46024,481917,383,25725191,11570,0,0,0,1,4332,11500,0,0,0,1,445,11310,0,0,0,9,251517,11240,0,0,0,1,453,11210,0,0,0
12:29:42,درسا,صندوق سرمایه گذاری درسا - سهام,IRT1DORF0001,34581754264880199,صندوق سرمایه‌گذاری قابل معامله,68,500000000,1,16038000000000,,,31350,33288,31351,32640,32319,31351,32635,316,0.98,32076,-243,-0.75,26,56828,1822827565,6,1,11,0,42217,14611,56828,0,1,157,31855,32634,5912,1,1,1000,31850,32639,11000,1,2,3033,31756,32640,500,1,1,33,31755,32999,900,1,1,5000,31752,33000,2000,1
11:41:27,سورنافود,صندوق س.بخشی صنایع سورنا2-ب,IRT3SORF0001,40126421241992147,صندوق سرمایه‌گذاری قابل معامله,68,500000000,1,10013000000000,,,18860,20026,20026,20026,19443,20026,20026,583,3.0,20026,583,3.0,26,6349151,127148097926,7,0,11,2,6349151,0,1349151,5000000,44,6917595,20026,0,0,0,1,10000,19443,0,0,0,8,724,18860,0,0,0,1,5000,13629,0,0,0,0,0,0,0,0,0
11:44:04,آمیتیس,صندوق س.سهامی درخشان آمیتیس-س,IRT3AMTF0001,41350070322027412,صندوق سرمایه‌گذاری قابل معامله,68,500000000,1,9048000000000,,,17211,18275,17744,18268,17743,17747,18265,522,2.94,18096,353,1.99,26,147196,2663662172,3,2,14,1,5706,141490,121937,25259,1,5623,17743,18195,773,1,1,100000,17628,18200,60000,3,1,100,17211,18275,813,2,0,0,0,18680,1498,1,0,0,0,0,0,0
12:26:18,کورز,ورزیران,IRO7VARP0001,42049553761321495,سایر محصولات کانی غیرفلزی,54,2000000000,1,10420000000000,131.0,39.8,4920,5210,4920,5210,5063,4920,5210,147,2.9,5210,147,2.9,26,228296,1188334170,11,0,12,0,228296,0,228296,0,1,12000,4930,0,0,0,2,48126,4920,0,0,0,0,0,0,0,0,0,0,0,0,0,0,0,0,0,0,0,0,0
12:29:47,اوج,صندوق س.اوج دماوند-س,IRT3OJDF0001,62575434414985179,صندوق سرمایه‌گذاری قابل معامله,68,200000000,1,5757400000000,,,27827,29547,28695,28917,28687,28695,28701,14,0.05,28787,100,0.35,26,39303,1131426142,7,1,9,0,5155,34148,39303,0,2,13360,28699,28915,1986,1,2,9252,28698,28917,7867,1,3,20040,28696,29248,1000,1,4,20165,28695,29254,20000,2,2,20000,28604,29544,10000,1
12:25:16,ثروتم,صندوق س. ثروت آفرین پارسیان-س,IRT3CSAF0001,71672399601682259,صندوق سرمایه‌گذاری قابل معامله,68,200000000,1,71631600000000,,,337297,358159,347918,358159,347728,347918,358159,10431,3.0,358158,10430,3.0,26,443739,158928603355,14,2,6,2,16975,426764,372,443367,9,3353,358159,0,0,0,1,2,358050,0,0,0,1,100,358010,0,0,0,1,100,358000,0,0,0,1,100,357000,0,0,0
12:02:06,تکیمیا,تامین سرمایه کیمیا,IRO3KYIZ0001,14825677919842501,فعالیت‌های کمکی به نهادهای مالی واسط,67,20000000000,1,29700000000000,526.0,2.8,1399,1485,1485,1485,1442,1485,1485,43,2.98,1485,43,2.98,25,2595086,3853702710,4,0,18,1,2595086,0,619879,1975207,73,41822958,1485,0,0,0,1,4000,1405,0,0,0,2,7180,1400,0,0,0,1,3574,1399,0,0,0,0,0,0,0,0,0
11:52:27,پشاهن,تولیدی پلاستیک‌ شاهین,IRO7SHIP0001,44052047028305231,لاستیک و پلاستیک,25,60292960,1,5471586120000,6998.0,13.0,85550,90750,90750,90750,88150,90750,90750,2600,2.95,90750,2600,2.95,25,17903,1624697250,9,0,10,1,17903,0,16703,1200,2,1595,85550,0,0,0,0,0,0,0,0,0,0,0,0,0,0,0,0,0,0,0,0,0,0,0,0,0,0,0
12:16:22,سخواف,سیمان مجد خواف,IRO7SEKP0001,55959112038778737,سیمان، آهک و گچ,53,2864800906,1,10195826424454,-69.0,-51.6,3353,3559,3559,3559,3456,3559,3559,103,2.98,3559,103,2.98,25,598636,2130545524,3,0,21,0,598636,0,598636,0,62,10868987,3559,0,0,0,1,15314,3456,0,0,0,1,20000,3028,0,0,0,0,0,0,0,0,0,0,0,0,0,0,0
12:58:44,کچاد3,معدنی‌وصنعتی‌چادرملو,IRO1CHML0003,62527258390241937,استخراج کانه‌های فلزی,13,571500000000,1,1396174500000000,348.0,7.0,2443,2443,2443,2443,2510,2443,2443,-67,-2.67,2443,-67,-2.67,25,470350,1149065050,13,0,3,0,470350,0,470350,0,0,0,0,2443,3166328,15,0,0,0,0,0,0,0,0,0,0,0,0,0,0,0,0,0,0,0,0,0,0,0,0
12:05:16,ولقمان,گروه سرمایه گذاری لقمان,IRO7LOIP0001,31959715133485440,سرمایه‌گذاری‌ها,56,5430600000,1,13913197200000,247.0,10.4,2535,2691,2535,2613,2613,2613,2535,-78,-2.99,2562,-51,-1.95,24,2429700,6224634000,0,2,9,0,0,2429700,2429700,0,0,0,0,2535,25000,1,0,0,0,2670,50000,1,0,0,0,2680,50000,1,0,0,0,2690,57500,2,0,0,0,2691,698000,3
09:01:28,سبهان,سیمان‌ بهبهان,IRO1SBHN0001,32525655729432562,سیمان، آهک و گچ,53,7400000000,1,38480000000000,861.0,6.0,4900,5200,5200,5200,5049,5200,5200,151,2.99,5200,151,2.99,24,1608230,8362796000,14,1,9,1,1408230,200000,1506480,101750,152,16980843,5200,0,0,0,1,1200,5100,0,0,0,1,4000,5070,0,0,0,3,220000,5060,0,0,0,2,12300,5050,0,0,0
12:56:00,وپترو3,سرمایه‌گذاری صنایع پتروشیمی,IRO1PETR0003,6048786772338341,محصولات شیمیایی,44,1820000000,1,72363200000000,6913.0,5.8,39760,39760,39760,39760,37590,39760,39760,2170,5.77,39760,2170,5.77,23,341989,13597482640,8,0,6,0,341989,0,341989,0,4,6822,39760,0,0,0,0,0,0,0,0,0,0,0,0,0,0,0,0,0,0,0,0,0,0,0,0,0,0,0
12:25:42,سمتاز,سیمان ممتازان کرمان,IRO3CMKP0001,14258394084745667,سیمان، آهک و گچ,53,2000000000,1,88800000000000,7453.0,6.0,41900,44400,44400,44400,43150,44400,44400,1250,2.9,44400,1250,2.9,23,252883,11228005200,10,1,4,2,231232,21651,12938,239945,69,656368,44400,0,0,0,1,1000,44000,0,0,0,1,120,43150,0,0,0,1,4000,42200,0,0,0,2,281,40700,0,0,0
12:16:27,آواپارس,بیمه اتکایی آوای پارس,IRO7AVPP0001,17232252152159494,بیمه و صندوق بازنشستگی به جز تامین اجتماعی,66,5000000000,1,10075000000000,1080.0,1.9,1899,2015,2015,2015,1957,2015,2015,58,2.96,2015,58,2.96,23,432934,872362010,2,0,22,0,432934,0,432934,0,16,4828324,2015,0,0,0,0,0,0,0,0,0,0,0,0,0,0,0,0,0,0,0,0,0,0,0,0,0,0,0
11:22:58,حرهشا,رهشاد سپاهان (سهامی عام,IRO7RAHP0001,30443839313522574,حمل و نقل، انبارداری و ارتباطات,60,200000000,1,3344000000000,383.0,43.7,16720,17740,16720,16730,17230,16720,16720,-510,-2.96,16720,-510,-2.96,23,209594,3504503740,12,0,10,0,209594,0,209594,0,0,0,0,16720,228177,9,0,0,0,16900,13000,2,0,0,0,17060,9000,1,0,0,0,17100,3000,1,0,0,0,17340,555,1
12:22:17,غبشهر,صنعتی‌ بهشهر,IRO1SBEH0001,42387718866026650,محصولات غذایی و آشامیدنی به جز قند و شکر,42,35000000000,1,172690000000000,457.0,10.8,4648,4934,4934,4934,4791,4934,4934,143,2.98,4934,143,2.98,23,1002281,4945254454,3,0,21,0,1002281,0,1002281,0,804,260721752,4934,0,0,0,1,400000,4932,0,0,0,1,30000,4930,0,0,0,9,310644,4791,0,0,0,1,20851,4778,0,0,0
12:27:31,شرنگی,شیمیایی رنگین,IRO3SHEP0001,57157873359416943,محصولات شیمیایی,44,1000000000,1,11280000000000,94.0,120.0,10640,11280,11270,11280,10960,11270,11280,320,2.92,11280,320,2.92,23,50114,565245920,5,0,17,0,50114,0,50114,0,15,389747,11280,0,0,0,1,16,11270,0,0,0,3,64216,11050,0,0,0,1,460,10970,0,0,0,1,900,10640,0,0,0
12:29:44,خفناور,مهندسی صنعتی روان فن آور,IRO7RFNZ0001,58180284328186631,خودرو و ساخت قطعات,34,100000000,1,1779000000000,186.0,95.6,16770,17790,17790,17790,17280,17790,17790,510,2.95,17790,510,2.95,23,20887,371579730,1,0,18,0,20887,0,20887,0,15,745103,17790,0,0,0,1,6666,17280,0,0,0,1,5000,16850,0,0,0,2,14883,16770,0,0,0,0,0,0,0,0,0
12:28:48,ویستا,صندوق س. ویستا -س,IRT3VISF0001,58852293795036597,صندوق سرمایه‌گذاری قابل معامله,68,100000000,1,3010400000000,,,28352,30104,30104,30104,29228,30104,30104,876,3.0,30104,876,3.0,23,1984002,59726396208,10,1,4,1,514002,1470000,12659,1971343,1,100,29224,0,0,0,1,35,29207,0,0,0,1,10000,29201,0,0,0,1,20000,29200,0,0,0,1,20000,29170,0,0,0
12:25:03,فبستم,صنایع ‌بسته‌بندی‌ مشهد,IRO7FBSP0001,4159532151694984,ساخت محصولات فلزی,28,282711334,1,4025809396160,307.0,46.4,14240,15120,14240,14240,14680,14240,14240,-440,-3.0,14240,-440,-3.0,22,232378,3309062720,12,0,6,1,232378,0,108278,124100,0,0,0,14730,30000,1,0,0,0,15070,3661,1,0,0,0,15120,700,1,0,0,0,0,0,0,0,0,0,0,0,0
12:16:30,شصفها,پتروشیمی‌ اصفهان,IRO7PESP0001,18346219759153870,محصولات شیمیایی,44,300000000,1,27495000000000,11730.0,7.8,89850,91650,91650,91650,90750,91650,91650,900,0.99,91650,900,0.99,22,33696,3088238400,4,0,8,1,33696,0,3696,30000,61,507116,91650,0,0,0,3,2750,89900,0,0,0,0,0,0,0,0,0,0,0,0,0,0,0,0,0,0,0,0,0
12:26:31,سنوین,سرمایه گذاری اقتصاد نوین,IRO7IENP0001,36995197800118822,سرمایه‌گذاری‌ها,56,2000000000,1,4370000000000,511.0,4.3,2059,2185,2185,2185,2122,2185,2185,63,2.97,2185,63,2.97,22,2789242,6094493770,8,0,9,0,2789242,0,2789242,0,26,6991205,2185,0,0,0,0,0,0,0,0,0,0,0,0,0,0,0,0,0,0,0,0,0,0,0,0,0,0,0
12:58:23,فجر3,فولاد امیرکبیرکاشان,IRO1FAJR0003,42307610357850282,فلزات اساسی,27,20000000000,1,57940000000000,679.0,4.3,2897,2897,2897,2897,2975,2897,2897,-78,-2.62,2897,-78,-2.62,22,1278726,3704469222,4,1,11,0,78726,1200000,1278726,0,11,953523,2897,0,0,0,0,0,0,0,0,0,0,0,0,0,0,0,0,0,0,0,0,0,0,0,0,0,0,0
11:37:31,یکم,صندوق س. درسهام اطلس-س,IRT3YKMF0001,46719827689106480,صندوق سرمایه‌گذاری قابل معامله,68,400000000,1,4075200000000,,,9853,10461,10141,10460,10157,10460,10158,1,0.01,10188,31,0.31,22,321380,3274190800,7,1,4,2,21380,300000,18500,302880,1,10000,10158,10300,196580,2,2,100800,10105,10440,7900,1,1,100000,10055,10450,20000,1,2,1600,10053,10459,6000,1,1,100000,10005,10460,10000,1
12:58:25,پکویر3,کویر تایر,IRO1KVRZ0003,51951824749541360,لاستیک و پلاستیک,25,13668828000,1,74085047760000,1267.0,4.3,5420,5420,5420,5420,5560,5420,5420,-140,-2.52,5420,-140,-2.52,22,621125,3366497500,13,0,4,0,621125,0,621125,0,4,78974,5420,0,0,0,0,0,0,0,0,0,0,0,0,0,0,0,0,0,0,0,0,0,0,0,0,0,0,0
12:23:54,ثنام,س ساختمانی ب نام آوران مهندسی,IRO7CNAP0001,831325835570803,انبوه‌سازی، املاک و مستغلات,70,3311362648,1,4165694211184,-15.0,-83.9,1187,1259,1256,1259,1223,1258,1259,36,2.94,1258,35,2.86,21,2385134,3000557199,7,0,15,1,2385134,0,1885134,500000,14,3614105,1259,1324,9800,1,1,200000,1198,0,0,0,1,50000,1188,0,0,0,0,0,0,0,0,0,0,0,0,0,0,0
10:29:03,جوین,کشت و صنعت جوین,IRO7JAIP0001,23269285154135003,زراعت و خدمات وابسته,1,14910480000,1,55198596960000,765.0,4.8,3488,3702,3702,3702,3595,3702,3702,107,2.98,3702,107,2.98,21,1068887,3957019674,4,0,13,1,1068887,0,633107,435780,265,75342539,3702,0,0,0,1,14000,3600,0,0,0,1,138578,3595,0,0,0,1,15273,3588,0,0,0,1,40000,3510,0,0,0
12:20:03,فرا الگوریتم,صندوق س.بخشی فرا الگوریتم1-ب,IRT3ALGF0001,31389079379596565,صندوق سرمایه‌گذاری قابل معامله,68,1000000000,1,21739000000000,,,20473,21739,21739,21739,21106,21739,21739,633,3.0,21739,633,3.0,21,1753280,38114553920,6,1,11,3,1264407,488873,260887,1492393,47,16110496,21739,0,0,0,0,0,0,0,0,0,0,0,0,0,0,0,0,0,0,0,0,0,0,0,0,0,0,0
12:28:01,رفاه,فروشگاه های زنجیره ای رفاه,IRO7REFP0001,33410001534682920,خرده‌فروشی، به‌استثنای وسایل نقلیه موتوری,47,450411110,1,23016007721000,1103.0,46.3,49100,51100,51100,51100,50100,51100,51100,1000,2.0,51100,1000,2.0,21,22392,1144231200,3,0,15,0,22392,0,22392,0,10,40253,51100,0,0,0,2,2758,50400,0,0,0,1,5967,50350,0,0,0,1,1288,50300,0,0,0,1,2000,50250,0,0,0
12:30:00,رویین,صندوق س.بخشی صنایع سورنا1-ب,IRT3RUNF0001,53059909885484371,صندوق سرمایه‌گذاری قابل معامله,68,600000000,1,10798200000000,,,16994,18044,17787,18030,17519,17989,18030,511,2.92,17997,478,2.73,21,1212551,21822125486,7,1,4,3,35374,1177177,42674,1169877,0,0,0,18030,75000,1,0,0,0,0,0,0,0,0,0,0,0,0,0,0,0,0,0,0,0,0,0,0,0,0
12:25:47,فجوش,جوش‌ و اکسیژن‌ ایران,IRO7JSHP0001,64485827086284311,ساخت محصولات فلزی,28,2109627000,2794768,6271921071000,-10.0,-297.3,2845,3019,3019,3019,2932,3019,3019,87,2.97,2973,41,1.4,21,1321253,3988862807,1,0,16,0,1321253,0,1321253,0,22,4464180,3019,0,0,0,1,33279,2994,0,0,0,1,280000,2980,0,0,0,1,26450,1894,0,0,0,0,0,0,0,0,0
12:27:29,پرتوسا,صندوق س.سهامی پرتو آمال-س,IRT3PAMF0001,71108387303091880,صندوق سرمایه‌گذاری قابل معامله,68,200000000,1,3491000000000,,,16601,17627,17114,17627,17114,17114,17627,513,3.0,17455,341,1.99,21,75051,1310008347,6,2,5,2,55170,19881,41330,33721,1,188,17127,17627,93612,1,1,65,17126,0,0,0,2,7644,17115,0,0,0,3,88229,17114,0,0,0,1,25522,17100,0,0,0
12:28:21,حپارسا,توسعه حمل و نقل ریلی پارسیان,IRO3HPRZ0001,917857106093847,حمل و نقل، انبارداری و ارتباطات,60,1900000000,1,20843000000000,1903.0,5.8,10350,10970,10970,10970,10660,10970,10970,310,2.91,10970,310,2.91,20,302410,3317437700,2,2,15,2,200000,102410,110378,192032,238,19663918,10970,0,0,0,2,10600,10660,0,0,0,1,490,10360,0,0,0,2,6055,10350,0,0,0,0,0,0,0,0,0
12:59:35,نیک گستر,صندوق س توسعه سرمایه نیکی-ثابت,IRT1NIKF0001,30977409629493496,صندوق سرمایه‌گذاری قابل معامله,68,600000000,1,6794400000000,,,10981,11659,11324,11325,11320,11324,11325,5,0.04,11324,4,0.04,20,7903592,89500967686,4,2,8,2,163205,7740387,1311714,6591878,5,42788286,11324,11325,19308122,2,1,1000000,11323,11326,1000000,1,1,1000000,11322,11327,1000000,1,1,1000000,11321,11328,1000000,1,1,1000000,11320,11329,1000000,1
09:02:22,سخوز,سیمان خوزستان,IRO1KHOC0001,41974758296041288,سیمان، آهک و گچ,53,1400000000,1,143220000000000,16048.0,6.4,96360,102300,102300,102300,99330,102300,102300,2970,2.99,102300,2970,2.99,20,297777,30462587100,3,0,13,1,297777,0,291727,6050,107,5467061,102300,103530,1,1,1,1130,99330,0,0,0,1,5100,96440,0,0,0,1,500,96360,0,0,0,2,508,93640,0,0,0
11:12:49,کایتا,ایتالران,IRO7ITLP0001,45608932669358493,سایر محصولات کانی غیرفلزی,54,492999000,1,6887196030000,-83.0,-168.3,13280,14100,13730,14100,13690,14100,14090,400,2.92,13970,280,2.05,20,144269,2015605920,12,0,10,0,144269,0,144269,0,1,3800,13820,14070,367,1,1,10000,13810,14080,55967,1,1,16010,13700,14100,385702,10,1,100000,13690,14640,3610,1,1,100000,13500,0,0,0
12:27:32,پرتو,صندوق س.دینا-س,IRT3PATF0001,48818952524587858,صندوق سرمایه‌گذاری قابل معامله,68,100000000,1,2903400000000,,,27345,29035,28487,29035,28190,28487,29035,845,3.0,29034,844,2.99,20,1459095,42363933356,7,1,8,1,147803,1311292,8095,1451000,2,188822,29035,0,0,0,1,3500,28924,0,0,0,1,200,28601,0,0,0,1,10000,28582,0,0,0,1,10000,28522,0,0,0
12:23:32,سفارود,کارخانه فارسیت درود,IRO7SFAP0001,4686607974846832,سایر محصولات کانی غیرفلزی,54,120960000,1,817689600000,-584.0,-11.6,6500,6760,6510,6760,6630,6760,6760,130,1.96,6760,130,1.96,19,152209,1028791700,5,0,14,0,152209,0,152209,0,1,6511,6750,0,0,0,1,8000,6510,0,0,0,2,35000,6500,0,0,0,1,8790,5690,0,0,0,0,0,0,0,0,0
10:35:49,فرصت,صندوق س فرصت آفرین سرمایه-سهام,IRT1FRST0001,8602793697394313,صندوق سرمایه‌گذاری قابل معامله,68,200000000,1,3276400000000,,,15720,16692,16370,16680,16206,16370,16680,474,2.92,16382,176,1.09,19,266913,4372491955,2,1,9,0,57016,209897,266913,0,2,1150,15750,16500,56706,1,2,1380,15720,16597,43862,1,0,0,0,0,0,0,0,0,0,0,0,0,0,0,0,0,0,0
13:29:21,نیلی,صندوق س. نوع دوم نیلی دماوند-د,IRT3NLDF0001,31188566503248753,صندوق سرمایه‌گذاری قابل معامله,68,9000000000,1,90099000000000,,,9919,10531,10011,10012,10225,10011,10012,-213,-2.08,10011,-214,-2.09,19,53450,535103227,13,1,5,1,16926,36524,38673,14777,4,99966328,10011,10012,4985223,1,1,10000000,10010,10013,250000,1,1,10000000,10009,10014,250000,1,1,5000000,10008,10015,250000,1,1,5000000,10007,10016,250000,1
12:01:46,سمان,صندوق سرمایه گذاری قلک1-بخشی,IRT1SRVT0001,40473515538481093,صندوق سرمایه‌گذاری قابل معامله,68,1000000000,1,30297000000000,,,28533,30297,30297,30297,29415,30297,30297,882,3.0,30297,882,3.0,19,2939828,89067968916,6,0,8,4,2939828,0,20695,2919133,122,37938175,30297,30297,3000000,3,1,1000,29000,0,0,0,3,17030,28533,0,0,0,1,174,20893,0,0,0,1,1000,10600,0,0,0
12:23:40,صدف,صندوق س صدف سهام-سهام,IRT1SDAF0001,51285326016186930,صندوق سرمایه‌گذاری قابل معامله,68,100000000,1,2951300000000,,,28687,30461,29010,29670,29574,29500,29670,96,0.32,29513,-61,-0.21,19,106797,3151914713,7,1,11,1,106497,300,44633,62164,1,130,29401,29670,71905,2,1,60000,29100,30200,200,1,1,39000,29010,30461,577043,3,1,50,28687,0,0,0,0,0,0,0,0,0
12:25:05,وسپهح,ح . سرمایه‌گذاری‌ سپه,IRR1SPAH0101,54287510798838485,سرمایه‌گذاری‌ها,56,18300000000,1,76347600000000,0.0,0.0,4172,4430,4172,4172,4301,4172,4172,-129,-3.0,4172,-129,-3.0,19,222291,927398052,13,0,0,1,222291,0,0,222291,0,0,0,4172,10177709,26,0,0,0,0,0,0,0,0,0,0,0,0,0,0,0,0,0,0,0,0,0,0,0,0
12:17:01,آوید,صندوق س. مشترک امین آوید-س,IRT3AVDF0001,68536788290212877,صندوق سرمایه‌گذاری قابل معامله,68,500000000,1,5807000000000,,,11188,11878,11572,11878,11533,11583,11656,123,1.07,11614,81,0.7,19,904994,10510216956,6,1,7,1,838390,66604,129299,775695,1,933396,11679,11875,50000,1,0,0,0,11876,50000,1,0,0,0,11877,100000,1,0,0,0,11878,500000,1,0,0,0,0,0,0
12:29:32,پلوله,گازلوله,IRO7GAZP0001,29316948750916349,لاستیک و پلاستیک,25,1144000000,1,5162872000000,-373.0,-12.1,4253,4515,4499,4515,4384,4515,4499,115,2.62,4513,129,2.94,18,434241,1959513803,8,1,8,0,364909,69332,434241,0,1,30668,4499,4515,162046,6,1,35000,4386,4859,2000,1,1,50000,4384,5270,7000,1,1,12000,4300,5290,10000,1,1,11877,4253,6100,1500,1
12:20:46,سپنتارود,ص.س.د.ثابت ماه آفرید سپینود-د,IRT3SPTF0001,31379272181300633,صندوق سرمایه‌گذاری قابل معامله,68,200000000,1,3110200000000,,,15066,15996,15551,15552,15531,15552,15551,20,0.13,15551,20,0.13,18,4851908,75452027472,5,1,10,2,38510,4813398,986047,3865861,3,10957295,15551,15552,14994000,1,1,200000,15550,15553,10000,1,1,200000,15549,15554,10000,1,1,200000,15548,15555,10000,1,1,200000,15547,15556,10000,1
12:28:20,بذر,صندوق س بذر امید آفرین-سهام,IRT1BZRO0001,37222720235819361,صندوق سرمایه‌گذاری قابل معامله,68,700000000,1,181253100000000,,,247386,262688,255037,259937,255037,259937,255037,0,0.0,258933,3896,1.53,18,9371,2426459483,8,1,10,0,7161,2210,9371,0,1,20364,255037,258998,774,1,1,5,247387,262688,21000,2,2,53,247386,278539,10,1,0,0,0,282483,2000,1,0,0,0,0,0,0
12:22:36,وتوسکا,سرمایه گذاری توسعه توکا,IRO7TDIP0001,48457557221009333,سرمایه‌گذاری‌ها,56,20000000000,1,24440000000000,112.0,10.9,1222,1296,1222,1223,1259,1223,1222,-37,-2.94,1222,-37,-2.94,18,933796,1141228733,7,0,10,0,933796,0,933796,0,0,0,0,1222,535002,4,0,0,0,1223,27466,3,0,0,0,1259,30000,1,0,0,0,1268,50000,1,0,0,0,1269,50000,1
10:51:02,کمینا,شیشه سازی مینا,IRO7MIGP0001,54263829393913132,سایر محصولات کانی غیرفلزی,54,1273000000,1,10171270000000,260.0,30.7,7530,7990,7990,7990,7760,7990,7990,230,2.96,7990,230,2.96,18,727824,5815313760,4,0,9,0,727824,0,727824,0,11,1030086,7990,8310,50000,1,1,10000,7530,0,0,0,0,0,0,0,0,0,0,0,0,0,0,0,0,0,0,0,0,0
10:19:12,سکارون,سیمان کارون,IRO7KACP0001,15930821245168534,سیمان، آهک و گچ,53,5687423515,1,24592419278860,-325.0,-13.3,4074,4324,4324,4324,4199,4324,4324,125,2.98,4324,125,2.98,17,169779,734124396,2,0,15,0,169779,0,169779,0,9,948397,4324,0,0,0,0,0,0,0,0,0,0,0,0,0,0,0,0,0,0,0,0,0,0,0,0,0,0,0
12:16:58,آبنوس,صندوق س.سهامی سهام نگر کیمیا-س,IRT3ABSF0001,40912525017440979,صندوق سرمایه‌گذاری قابل معامله,68,500000000,1,9785000000000,,,18921,20091,19550,20087,19506,19551,19700,194,0.99,19570,64,0.33,17,373382,7306985885,5,1,12,1,315437,57945,65183,308199,1,100000,19640,20086,1,1,1,27205,19550,20087,3100,1,1,50000,19540,20088,50000,1,1,100000,19530,20089,100000,1,1,100000,19520,20090,500000,1
11:26:50,گپارس,امور رفاهی کارگزاران پارس,IRO7PBRP0001,59848307608894801,هتل و رستوران,55,15307007,1,3345346379850,-1095.0,-199.6,207450,220250,214000,220250,213850,220250,220250,6400,2.99,218550,4700,2.2,17,9313,2035563250,8,0,9,0,9313,0,9313,0,7,120176,220250,0,0,0,2,25940,214000,0,0,0,3,30237,213950,0,0,0,3,55000,207450,0,0,0,0,0,0,0,0,0
12:15:55,چتر,صندوق س.بخشی گستره فیروزه2-ب,IRT3GSBF0001,118005828419984,صندوق سرمایه‌گذاری قابل معامله,68,1000000000,1,12684000000000,,,12196,12950,12452,12705,12573,12452,12675,102,0.81,12684,111,0.88,16,104104,1320405725,4,1,4,1,103604,500,9611,94493,1,4687,12605,12708,500,1,1,15137,12600,12712,1000,1,0,0,0,12950,1048,5,0,0,0,13263,2580,2,0,0,0,0,0,0
12:13:51,وتعاون,بیمه تعاون,IRO3TAVZ0001,5920901446678689,بیمه و صندوق بازنشستگی به جز تامین اجتماعی,66,12000000000,1,25176000000000,63.0,33.3,2036,2160,2098,2110,2098,2098,2110,12,0.57,2098,0,0.0,16,1233643,2588403014,1,2,11,0,20000,1213643,1233643,0,1,400000,2100,2149,15000,1,7,1836357,2098,2150,100000,1,2,23737,2050,2156,209600,2,2,212471,2036,2157,5000,1,0,0,0,2158,510,1
12:26:48,قشکر,شکر,IRO1SHKR0001,35964395659427029,قند و شکر,38,2460093000,1,6556147845000,87.0,30.6,2511,2665,2665,2665,2588,2665,2665,77,2.98,2665,77,2.98,16,633752,1688949080,2,0,12,0,633752,0,633752,0,360,92043383,2665,0,0,0,1,30000,2659,0,0,0,1,4000,2595,0,0,0,1,2792,2592,0,0,0,10,1711521,2588,0,0,0
12:18:41,کشرق,صنعتی و معدنی شمال شرق شاهرود,IRO3KSGZ0001,42690477960659940,استخراج زغال سنگ,10,84000000,1,6900600000000,-20362.0,-4.0,77450,82150,82150,82150,79800,82150,82150,2350,2.94,82150,2350,2.94,16,3289,270191350,5,0,11,0,3289,0,3289,0,16,89115,82150,110400,1000,1,0,0,0,0,0,0,0,0,0,0,0,0,0,0,0,0,0,0,0,0,0,0,0,0
12:14:31,وسرمد,بیمه  سرمد,IRO7SRMP0001,43291783149314349,بیمه و صندوق بازنشستگی به جز تامین اجتماعی,66,14000000000,1,16254000000000,339.0,3.4,1134,1204,1150,1180,1169,1150,1169,0,0.0,1161,-8,-0.68,16,1107134,1285230723,7,1,8,0,772423,334711,1107134,0,2,437204,1157,1180,100000,1,2,948332,1156,1188,573057,1,0,0,0,1189,76734,1,0,0,0,1190,101735,2,0,0,0,1191,28300,2
13:19:31,اصیل2,صندوق درآمدثابت مشترک البرز-د,IRT3ALZF0002,55537729602532087,صندوق سرمایه‌گذاری قابل معامله,68,3000000000,1,3000000000,,,1,1,1,1,19726,1,1,-19725,-99.99,1,-19725,-99.99,16,137000000,137000000,0,1,0,1,0,137000000,0,137000000,0,0,0,0,0,0,0,0,0,0,0,0,0,0,0,0,0,0,0,0,0,0,0,0,0,0,0,0,0,0
13:17:00,دیبا,صندوق س اوراق دولتی صبا-ثابت,IRT1DIBA0001,70698996132397388,صندوق سرمایه‌گذاری قابل معامله,68,500000000,1,12006500000000,,,23262,24700,24013,24014,23981,24013,24013,32,0.13,24013,32,0.13,16,840418,20181279074,5,1,6,3,321850,518568,270778,569640,1,29481432,24013,24014,24680460,1,1,100000,24012,24015,100000,1,1,100000,24011,24016,100000,1,1,100000,24010,24017,100000,1,1,100000,24009,24018,100000,1
12:59:11,کرمان3,س. توسعه و عمران استان کرمان,IRO3KRMZ0003,20532920289788186,انبوه‌سازی، املاک و مستغلات,70,42620178000,1,46839575622000,0.0,0.0,1099,1099,1099,1099,1131,1099,1099,-32,-2.83,1099,-32,-2.83,15,824334,905943066,13,0,2,0,824334,0,824334,0,0,0,0,1099,775666,1,0,0,0,0,0,0,0,0,0,0,0,0,0,0,0,0,0,0,0,0,0,0,0,0
12:27:21,شارپیلن,پتروشیمی ارغوان گسترایلام,IRO1SHLN0001,27695838950009037,محصولات شیمیایی,44,29000000000,11600000,85289000000000,0.0,0.0,2849,3025,3025,3025,2937,3025,3025,88,3.0,2941,4,0.14,15,484418,1465364450,2,0,9,0,484418,0,484418,0,48,8863819,3025,0,0,0,1,155732,3008,0,0,0,1,2000,2849,0,0,0,0,0,0,0,0,0,0,0,0,0,0,0
13:20:10,نخل,صندوق س.خلیج فارس-د,IRT3NKHF0001,27797446447955609,صندوق سرمایه‌گذاری قابل معامله,68,10000000000,1,101300000000000,,,9812,10418,10130,10131,10115,10130,10131,16,0.16,10130,15,0.15,15,171929,1741656743,4,1,10,1,66983,104946,166356,5573,1,99895054,10130,10131,29994427,1,1,3000000,10129,10132,500000,1,1,3000000,10128,10133,500000,1,1,3000000,10127,10134,500000,1,1,3000000,10126,10135,500000,1
12:27:09,گکیش,توریستی ورفاهی آبادگران کیش,IRO7TRKP0001,44665761767777759,هتل و رستوران,55,409600000,1,2666496000000,296.0,22.0,6170,6550,6350,6540,6360,6480,6540,180,2.83,6510,150,2.36,15,81895,533276750,6,0,9,0,81895,0,81895,0,1,9341,6400,6540,7983,2,1,7340,6390,6550,17000,1,1,9000,6350,0,0,0,1,8120,6190,0,0,0,1,50000,6180,0,0,0
12:16:16,بهیر,س. توسعه تجارت هیرمند,IRO7HIRP0001,60289595205403229,سرمایه‌گذاری‌ها,56,600000000,1,1982400000000,223.0,14.8,3272,3404,3272,3404,3338,3272,3397,59,1.77,3304,-34,-1.02,15,701850,2318653760,5,0,11,0,701850,0,701850,0,1,20000,3315,3398,30000,1,1,88499,3301,0,0,0,2,786400,3300,0,0,0,1,15313,3281,0,0,0,1,151887,3280,0,0,0
12:12:19,رخش,صندوق س.سهامی ثروت البرز-س,IRT3RKSF0001,63886404454477678,صندوق سرمایه‌گذاری قابل معامله,68,100000000,1,2476900000000,,,23340,24782,24500,24782,24061,24782,24782,721,3.0,24769,708,2.94,15,37663,932874590,3,0,4,0,37663,0,37663,0,3,51636,23341,24780,505,1,2,348,23340,24781,313,1,0,0,0,24782,10000,1,0,0,0,0,0,0,0,0,0,0,0,0
11:24:29,ویسا,سرمایه گذاری ایساتیس پویا,IRO7ISTP0001,69472361926040823,سرمایه‌گذاری‌ها,56,2052000000,1,5784588000000,402.0,7.0,2785,2957,2786,2900,2871,2890,2900,29,1.01,2819,-52,-1.81,15,342000,964005922,5,0,9,1,342000,0,283736,58264,1,20000,2850,2910,15000,1,1,30000,2815,2951,20000,2,1,20000,2792,2952,10000,1,1,50000,2791,2953,40000,2,3,43763,2786,2954,54903,2
11:58:19,افق ملت,صندوق س در سهام افق ملت,IRT1OMEL0001,15451317146134956,صندوق سرمایه‌گذاری قابل معامله,68,100000000,1,37998000000000,,,358781,380973,373774,380973,369877,373774,374018,4141,1.12,379980,10103,2.73,14,34543,13125646030,3,1,12,0,34511,32,34543,0,1,138,374023,380973,1533,2,1,3,374022,383528,100,1,1,15000,374021,397750,50,1,2,820,374020,399270,100,1,1,10000,374019,403390,50,1
11:28:53,تپولا,مهندسی مرآت پولاد,IRO7TPOP0001,22308305646551497,خدمات فنی و مهندسی,74,125970000,1,1711932300000,-423.0,-32.1,13070,13870,13150,13870,13470,13470,13860,390,2.9,13590,120,0.89,14,64313,873722830,9,0,10,0,64313,0,64313,0,1,10000,13280,13860,24284,2,2,16000,13220,13870,47231,3,1,11594,13200,0,0,0,1,7600,13170,0,0,0,2,7324,13150,0,0,0
08:51:18,پاداش2,صندوق س. ارزش پاداش-د,IRT3PADF0002,24198960406596014,صندوق سرمایه‌گذاری قابل معامله,68,3600000000,1,3600000000,,,1,1,1,1,25889,1,1,-25888,-100.0,1,-25888,-100.0,14,138000000,138000000,0,2,0,2,0,138000000,0,138000000,0,0,0,0,0,0,0,0,0,0,0,0,0,0,0,0,0,0,0,0,0,0,0,0,0,0,0,0,0,0
09:57:08,دجابر,داروسازی‌ جابرابن‌حیان,IRO1DJBR0001,33406621820337161,مواد و محصولات دارویی,43,2268000000,1,23859360000000,1553.0,6.8,9920,10520,10520,10520,10220,10520,10520,300,2.94,10520,300,2.94,14,395667,4162416840,5,0,8,1,395667,0,195667,200000,1128,88979767,10520,0,0,0,4,60507,10510,0,0,0,2,1850,10500,0,0,0,1,2500,10400,0,0,0,1,500,10250,0,0,0
12:59:29,درپاد3,گروه صنعتی درپاد تبریز,IRO3SDPT0003,60578298916721922,فلزات اساسی,27,1500000000,1,14640000000000,663.0,14.7,9760,9760,9760,9760,9550,9760,9760,210,2.2,9760,210,2.2,14,4720,46067200,3,0,12,0,4720,0,4720,0,8,61597,9760,0,0,0,0,0,0,0,0,0,0,0,0,0,0,0,0,0,0,0,0,0,0,0,0,0,0,0
12:24:16,سپینود,صندوق س.سهامی سپینود-س,IRT3SPNF0001,3927545069816217,صندوق سرمایه‌گذاری قابل معامله,68,100000000,1,2042800000000,,,19687,20903,19687,20698,20295,19690,19695,-600,-2.96,20428,133,0.66,13,12611,257615674,7,0,8,0,12611,0,12611,0,0,0,0,20670,550,1,0,0,0,20680,23499,1,0,0,0,20698,23465,1,0,0,0,20798,272,1,0,0,0,0,0,0
11:07:50,پناه,صندوق س.بخشی شایسته فردا-ب,IRT3PNHF0001,7303159018400817,صندوق سرمایه‌گذاری قابل معامله,68,200000000,1,3827800000000,,,18204,19328,19139,19220,18766,19220,19139,373,1.99,19139,373,1.99,13,5239442,100277944240,2,1,1,1,3442,5236000,3442,5236000,1,14987,18672,19138,500,1,1,17700,18561,19188,100,1,1,19653,18509,19199,17154,1,1,32700,18324,19235,12500,1,1,37800,18204,19328,17894,1
12:18:47,هومان,صندوق س. سهامی ثروت هومان-س,IRT3HUMF0001,8912965520056581,صندوق سرمایه‌گذاری قابل معامله,68,1000000000,1,20583000000000,,,19686,20902,20401,20898,20294,20897,20854,560,2.76,20583,289,1.42,13,156606,3223478174,5,0,6,1,156606,0,155806,800,1,5000,20389,20854,51338,1,1,5000,20388,20855,20000,1,3,10271,20387,20856,79800,2,1,12300,20380,20857,49200,1,1,50000,20299,20862,200000,1
12:24:15,وملت,سرمایه گذاری ملت,IRO7MIVP0001,10055255678920880,سرمایه‌گذاری‌ها,56,1000000000,1,3423000000000,292.0,11.7,3357,3423,3423,3423,3390,3423,3423,33,0.97,3423,33,0.97,13,226995,777003885,1,0,12,0,226995,0,226995,0,22,1405151,3423,0,0,0,3,99000,3357,0,0,0,1,2500,3260,0,0,0,0,0,0,0,0,0,0,0,0,0,0,0
12:38:13,سیلور2,صندوق س.بازده نقره نوا,IRTKSILV0002,24865200855668752,صندوق سرمایه‌گذاری قابل معامله,68,4000000000,1,4000000000,,,1,1,1,1,13072,1,1,-13071,-99.99,1,-13071,-99.99,13,267000000,267000000,0,1,0,1,0,267000000,0,267000000,0,0,0,0,0,0,0,0,0,0,0,0,0,0,0,0,0,0,0,0,0,0,0,0,0,0,0,0,0,0
12:59:53,وصندوق3,سرمایه‌گذاری‌صندوق‌بازنشستگی,IRO1SAND0003,52508470851011956,شرکت‌های چند رشته‌ای صنعتی,39,40770000000,1,594426600000000,2979.0,4.9,14580,14580,14580,14580,15020,14580,14580,-440,-2.93,14580,-440,-2.93,13,50249,732630420,11,0,2,0,50249,0,50249,0,1,5382,14580,0,0,0,0,0,0,0,0,0,0,0,0,0,0,0,0,0,0,0,0,0,0,0,0,0,0,0
12:29:59,گنگین,گروه اقتصادی مالی نگین,IRO7NITP0001,59470107928175959,شرکت‌های چند رشته‌ای صنعتی,39,21000000000,1,198450000000000,1383.0,6.8,9380,9960,9380,9500,9670,9380,9410,-260,-2.69,9450,-220,-2.28,13,423596,4004163670,4,1,8,0,423061,535,423596,0,1,55087,9410,9800,30000,1,2,20000,9400,9810,200600,2,1,150010,9390,9840,20000,1,1,100000,9380,9850,10750,2,0,0,0,9860,47000,1
12:57:20,ورنا3,سرمایه‌گذاری‌ رنا(هلدینگ,IRO1RENA0003,65018252907856423,خودرو و ساخت قطعات,34,25000000000,1,126500000000000,233.0,21.7,5060,5060,5060,5060,5200,5060,5060,-140,-2.69,5060,-140,-2.69,13,415678,2103330680,7,0,4,0,415678,0,415678,0,0,0,0,5060,532453,8,0,0,0,0,0,0,0,0,0,0,0,0,0,0,0,0,0,0,0,0,0,0,0,0
12:58:37,فملی3,ملی‌ صنایع‌ مس‌ ایران,IRO1MSMI0003,29481688371731182,فلزات اساسی,27,1050000000000,1,19792500000000000,1023.0,18.4,18850,18850,18850,18850,18490,18850,18850,360,1.95,18850,360,1.95,12,40331,760239350,1,0,11,0,40331,0,40331,0,2055,165967870,18850,0,0,0,0,0,0,0,0,0,0,0,0,0,0,0,0,0,0,0,0,0,0,0,0,0,0,0
11:34:12,گنجینه,صندوق س. گنجینه داریوش-د,IRT3MEYF0001,47101579271117172,صندوق سرمایه‌گذاری قابل معامله,68,1000000000,1,19739000000000,,,19126,20308,19739,19740,19717,19740,19739,22,0.11,19739,22,0.11,12,17379,343044782,4,1,9,1,869,16510,16678,701,2,29984322,19739,19740,4999299,1,1,100000,19738,19741,100000,1,1,100000,19737,19742,100000,1,1,100000,19736,19743,100000,1,1,100000,19735,20308,1000,1
12:09:14,فن آوا,گروه فن آوا,IRO7FANP0001,55201604487356053,رایانه و فعالیت‌های وابسته به آن,72,8800000000,1,11404800000000,78.0,16.6,1222,1296,1296,1296,1259,1296,1296,37,2.94,1296,37,2.94,12,1068226,1384420896,2,0,4,1,1068226,0,31162,1037064,16,6364235,1296,0,0,0,1,172844,1222,0,0,0,1,800000,1058,0,0,0,0,0,0,0,0,0,0,0,0,0,0,0
12:58:29,شنفت3,نفت‌ پارس,IRO1NPRS0003,60037054541957690,فراورده‌های نفتی، کک و سوخت هسته‌ای,23,26000000000,1,381420000000000,2682.0,5.5,14670,14670,14670,14670,14620,14670,14670,50,0.34,14670,50,0.34,12,284771,4177590570,6,0,3,1,284771,0,19961,264810,26,1158972,14670,0,0,0,0,0,0,0,0,0,0,0,0,0,0,0,0,0,0,0,0,0,0,0,0,0,0,0
09:51:21,مانا2,صندوق س.مانا الگوریتم-سهام,IRT1MANA0002,62263074919716001,صندوق سرمایه‌گذاری قابل معامله,68,1000000000,1,1000000000,,,1,1,1,1,16171,1,1,-16170,-99.99,1,-16170,-99.99,12,12000000,12000000,0,1,0,1,0,12000000,0,12000000,0,0,0,0,0,0,0,0,0,0,0,0,0,0,0,0,0,0,0,0,0,0,0,0,0,0,0,0,0,0
12:56:15,رایکا,صندوق س نوع دوم رایکا- ثابت,IRT1RYKA0001,66105959479616770,صندوق سرمایه‌گذاری قابل معامله,68,1500000000,1,37866000000000,,,24460,25972,25244,25244,25216,25244,25244,28,0.11,25244,28,0.11,12,808185,20401822140,0,1,9,1,0,808185,473492,334693,1,610783,25244,25245,500000,1,1,100000,25243,25246,100000,1,1,100000,25242,25247,100000,1,1,100000,25241,25248,100000,1,1,100000,25240,25249,100000,1
11:28:41,فسا,پتروشیمی فسا,IRO7PFSP0001,318005355896147,محصولات شیمیایی,44,3486000000,1,2171778000000,16.0,38.9,623,647,623,623,635,623,623,-12,-1.89,623,-12,-1.89,11,953704,594157592,5,0,3,0,953704,0,953704,0,0,0,0,623,3891826,10,0,0,0,633,6952,1,0,0,0,638,9632,1,0,0,0,639,32420,1,0,0,0,647,109632,2
12:28:31,فارما کیان2,صندوق س. بخشی کیان1-ب,IRT3FMKF0002,8336106940667502,صندوق سرمایه‌گذاری قابل معامله,68,2000000000,1,2000000000,,,1,1,1,1,16978,1,1,-16977,-99.99,1,-16977,-99.99,11,11000000,11000000,0,1,0,1,0,11000000,0,11000000,0,0,0,0,0,0,0,0,0,0,0,0,0,0,0,0,0,0,0,0,0,0,0,0,0,0,0,0,0,0
12:13:34,زیتون2,صندوق س زیتون نماد پایا- مختلط,IRT1ZITN0002,10495792182142221,صندوق سرمایه‌گذاری قابل معامله,68,2000000000,1,2000000000,,,1,1,1,1,38506,1,1,-38505,-100.0,1,-38505,-100.0,11,32000000,32000000,0,1,0,1,0,32000000,0,32000000,0,0,0,0,0,0,0,0,0,0,0,0,0,0,0,0,0,0,0,0,0,0,0,0,0,0,0,0,0,0
12:15:01,دسینا,داروسازی‌ سینا,IRO1DSIN0001,11432067920374603,مواد و محصولات دارویی,43,2400000000,1,138840000000000,7979.0,7.3,54490,57850,57850,57850,56170,57850,57850,1680,2.99,57850,1680,2.99,11,185926,10755819100,4,0,6,1,185926,0,7926,178000,163,9993023,57850,0,0,0,1,1923,56180,0,0,0,3,6100,56170,0,0,0,3,1710,56010,0,0,0,1,3000,48480,0,0,0
12:07:08,جاودان,صندوق س جاویدان سهام مانی-سهام,IRT1JAVF0001,49531112577387255,صندوق سرمایه‌گذاری قابل معامله,68,100000000,1,2171200000000,,,20798,22084,21051,21797,21441,21051,21797,356,1.66,21712,271,1.26,11,129497,2811579969,7,2,2,1,115345,14152,6610,122887,1,50,21763,22082,100000,1,2,491508,21762,22083,666,1,1,50000,21370,22084,66773,2,1,48,21224,0,0,0,1,30194,21050,0,0,0
12:24:12,سلار,شرکت سیمان لارستان,IRO7LARP0001,61664227282090067,سیمان، آهک و گچ,53,3399999504,1,7942398841344,162.0,14.4,2200,2336,2336,2336,2268,2336,2336,68,3.0,2336,68,3.0,11,255035,595761760,2,0,9,0,255035,0,255035,0,51,7817011,2336,2392,105997,2,3,141666,2268,2702,20000,1,1,50000,2202,2732,20000,1,0,0,0,3094,10000,1,0,0,0,0,0,0
12:59:26,رمپنا3,گروه مپنا (سهامی عام),IRO1MAPN0003,68414552777985235,خدمات فنی و مهندسی,74,60000000000,1,835800000000000,3829.0,3.6,13930,13930,13930,13930,14280,13930,13930,-350,-2.45,13930,-350,-2.45,11,87289,1215935770,9,0,0,1,87289,0,0,87289,1,81338,13930,0,0,0,0,0,0,0,0,0,0,0,0,0,0,0,0,0,0,0,0,0,0,0,0,0,0,0
11:06:24,شگامرن,مجتمع پترو صنعت گامرون,IRO5PSGS0001,1050751214677134,محصولات شیمیایی,44,2975000000,1,55513500000000,226.0,82.6,17580,18660,18660,18660,18120,18660,18660,540,2.98,18660,540,2.98,10,19160,357525600,4,0,5,1,19160,0,12160,7000,7,73174,18660,0,0,0,1,17000,18160,0,0,0,1,2000,17580,0,0,0,0,0,0,0,0,0,0,0,0,0,0,0
12:19:39,سیلام,سیمان‌ ایلام,IRO1SEIL0001,14617104402836487,سیمان، آهک و گچ,53,1200000000,1,17652000000000,758.0,19.4,13870,14710,14710,14710,14290,14710,14710,420,2.94,14710,420,2.94,10,63337,931687270,1,0,10,0,63337,0,63337,0,55,1450219,14710,0,0,0,1,350,14290,0,0,0,3,196527,13870,0,0,0,1,383,13080,0,0,0,0,0,0,0,0,0
12:12:41,هم وزن2,صندوق س. شاخصی کیان-س,IRT3KNIF0002,16888365520630451,صندوق سرمایه‌گذاری قابل معامله,68,2000000000,1,2000000000,,,1,1,1,1,25398,1,1,-25397,-100.0,1,-25397,-100.0,10,9500000,9500000,0,2,0,2,0,9500000,0,9500000,0,0,0,0,0,0,0,0,0,0,0,0,0,0,0,0,0,0,0,0,0,0,0,0,0,0,0,0,0,0
12:57:55,وساپا3,سرمایه‌گذاری‌ سایپا,IRO1SSAP0003,26970557582570494,سرمایه‌گذاری‌ها,56,26000000000,1,150540000000000,2981.0,1.9,5790,5790,5790,5790,5930,5790,5790,-140,-2.36,5790,-140,-2.36,10,58924,341169960,7,0,5,0,58924,0,58924,0,26,3849701,5790,0,0,0,0,0,0,0,0,0,0,0,0,0,0,0,0,0,0,0,0,0,0,0,0,0,0,0
12:04:59,داراب,پتروشیمی داراب,IRO7PDRP0001,27299841173245405,محصولات شیمیایی,44,3408000000,1,2279952000000,213.0,3.1,663,689,664,688,676,664,671,-5,-0.74,669,-7,-1.04,10,593303,396866336,5,0,8,0,593303,0,593303,0,2,1260000,665,687,120000,1,2,184739,664,688,34877,3,0,0,0,689,306518,7,0,0,0,0,0,0,0,0,0,0,0,0
12:23:21,یلدا,صندوق س.مشترک سبحان-سهام,IRT1YLDA0001,34472339105893593,صندوق سرمایه‌گذاری قابل معامله,68,1000000000,1,18544000000000,,,17832,18934,18400,18930,18383,18500,18792,409,2.22,18544,161,0.88,10,289261,5363942542,3,1,4,1,26766,262495,262495,26766,1,478932,18651,18930,478,1,1,954155,18650,18931,104568,2,1,756983,18649,18932,25465,1,1,845625,18648,18933,21452,1,1,665237,18646,18934,211615,4
12:20:32,ترمه,صندوق سرمایه گذاری ترمه-سهام,IRT1TRMF0001,42705920381780437,صندوق سرمایه‌گذاری قابل معامله,68,100000000,1,2503100000000,,,24089,25579,24800,25579,24834,25200,25579,745,3.0,25031,197,0.79,10,79179,1981968305,1,1,5,1,495,78684,79076,103,1,21062,25360,25579,107181,5,1,21000,25260,0,0,0,1,40,25220,0,0,0,1,41256,25160,0,0,0,1,31250,25060,0,0,0
12:03:02,سیمانا,صندوق س صنایع دایا2-بخشی,IRT1SIMA0001,46918165794045813,صندوق سرمایه‌گذاری قابل معامله,68,1000000000,1,27800000000000,,,26182,27800,27800,27800,26991,27800,27800,809,3.0,27800,809,3.0,10,1057703,29404143400,4,0,6,1,1057703,0,57703,1000000,102,40363275,27800,27800,800000,1,1,190,27000,0,0,0,3,11497,26991,0,0,0,2,77907,26300,0,0,0,1,2000,22606,0,0,0
12:27:48,غشوکو,شوکو پارس,IRO7SPRP0001,51294484197536070,محصولات غذایی و آشامیدنی به جز قند و شکر,42,1000000000,1,5098000000000,858.0,5.9,4802,5098,5098,5098,4950,5098,5098,148,2.99,5098,148,2.99,10,466960,2380562080,2,0,6,2,466960,0,186960,280000,43,14719934,5098,0,0,0,3,432205,4950,0,0,0,1,1500,4662,0,0,0,0,0,0,0,0,0,0,0,0,0,0,0
12:59:38,ثفارس3,عمران‌وتوسعه‌فارس,IRO1OFRS0003,66898737532054255,انبوه‌سازی، املاک و مستغلات,70,4050000000,1,54148500000000,367.0,36.4,13370,13370,13370,13370,13730,13370,13370,-360,-2.62,13370,-360,-2.62,10,48900,653793000,4,0,6,0,48900,0,48900,0,1,3503,13370,0,0,0,0,0,0,0,0,0,0,0,0,0,0,0,0,0,0,0,0,0,0,0,0,0,0,0
12:27:11,کاریس2,صندوق س.سپند کاریزما-س,IRT3SSKF0002,67858991327059184,صندوق سرمایه‌گذاری قابل معامله,68,3200000000,1,3200000000,,,1,1,1,1,48531,1,1,-48530,-100.0,1,-48530,-100.0,10,9200000,9200000,0,1,0,1,0,9200000,0,9200000,0,0,0,0,0,0,0,0,0,0,0,0,0,0,0,0,0,0,0,0,0,0,0,0,0,0,0,0,0,0
12:07:24,اعتلاح,ح سرمایه گذاری اعتلاء البرز,IRR3ETLZ0101,2135047529277416,سرمایه‌گذاری‌ها,56,1800000000,1,1204200000000,0.0,0.0,669,709,669,669,689,669,669,-20,-2.9,669,-20,-2.9,9,206170,137927730,6,0,2,0,206170,0,206170,0,0,0,0,669,11169478,121,0,0,0,670,14400,1,0,0,0,689,191970,3,0,0,0,709,463743,9,0,0,0,710,9991,2
12:57:53,ختور3,رادیاتور ایران,IRO1RADI0003,21674353215379910,خودرو و ساخت قطعات,34,7350000000,1,13053600000000,351.0,5.1,1776,1776,1776,1776,1727,1776,1776,49,2.84,1776,49,2.84,9,143200,254323200,3,0,1,0,143200,0,143200,0,0,0,0,1776,56800,1,0,0,0,0,0,0,0,0,0,0,0,0,0,0,0,0,0,0,0,0,0,0,0,0
12:23:18,بتک,کارخانجات کابل سازی‌ تک,IRO7KTAP0001,54369290104873523,ماشین‌آلات و دستگاه‌های برقی,31,9000063,1,1500310502100,413.0,403.6,160200,166700,166700,166700,163450,166700,166700,3250,1.99,166700,3250,1.99,9,3545,590951500,1,0,6,0,3545,0,3545,0,5,26055,166700,0,0,0,0,0,0,0,0,0,0,0,0,0,0,0,0,0,0,0,0,0,0,0,0,0,0,0
13:18:07,هدف,ص.س.دثابت مشترک صبای هدف-د,IRT3HDAF0001,56712769076499345,صندوق سرمایه‌گذاری قابل معامله,68,500000000,1,7163500000000,,,13879,14737,14327,14328,14308,14327,14328,20,0.14,14327,19,0.13,9,54584,782025899,3,1,6,1,1002,53582,53653,931,25,24007462,14327,14328,10999069,11,1,10000,14326,14329,5000,1,1,10000,14325,14330,5000,1,1,10000,14324,14331,5000,1,1,10000,14323,14332,5000,1
12:02:24,سخند,صندوق س.سپهرخبرگان نفت-د,IRT3SSNF0001,59598536122397373,صندوق سرمایه‌گذاری قابل معامله,68,500000000,1,5538500000000,,,10732,11394,11077,11078,11063,11077,11077,14,0.13,11077,14,0.13,9,81711,905113062,4,1,7,1,10315,71396,81496,215,1,28604,11077,11078,103685,6,1,100000,11076,11088,100000,1,1,100000,11075,11098,100000,1,1,100000,11074,11108,100000,1,1,100000,11073,11118,100000,1
11:57:11,پادا,صندوق س.پاداش سرمایه پارس-س,IRT3PAPF0001,67522512921942106,صندوق سرمایه‌گذاری قابل معامله,68,50000000,1,13535200000000,,,262645,278891,269520,274200,270768,270000,274200,3432,1.27,270704,-64,-0.02,9,3681,996459885,2,2,3,1,147,3534,3519,162,1,4585,272500,274200,1057,1,2,2119,271985,274985,2000,1,1,1520,270130,275452,1320,1,1,1418,269520,276100,1500,1,1,50,269500,276101,881,1
11:26:38,اندوخته داریوش,ص.س.درآمدثابت اندوخته داریوش-د,IRT3ANDF0001,11540236653207133,صندوق سرمایه‌گذاری قابل معامله,68,200000000,1,2024000000000,,,9806,10412,10119,10120,10109,10119,10120,11,0.11,10120,11,0.11,8,2259957,22870480644,4,1,4,1,1976099,283858,284301,1975656,3,9716793,10119,10120,5002097,3,1,100000,10118,10121,100000,1,1,100000,10117,10122,100000,1,1,100000,10116,10123,100000,1,1,100000,10115,10124,100000,1
12:23:22,اعتبارسهام2,صندوق س.اعتبارسهام-سهام,IRT1ETBR0002,14592453058536390,صندوق سرمایه‌گذاری قابل معامله,68,500000000,1,500000000,,,1,1,1,1,71642,1,1,-71641,-100.0,1,-71641,-100.0,8,6200000,6200000,0,1,0,1,0,6200000,0,6200000,0,0,0,0,0,0,0,0,0,0,0,0,0,0,0,0,0,0,0,0,0,0,0,0,0,0,0,0,0,0
12:16:54,وآرین,گروه توسعه اقتصادی آرین,IRO7ARNP0001,24212636157410845,سرمایه‌گذاری‌ها,56,4000000000,1,6276000000000,-2.0,-784.5,1479,1569,1569,1569,1524,1569,1569,45,2.95,1569,45,2.95,8,871450,1367305050,3,0,5,1,871450,0,271450,600000,10,6475467,1569,1650,50000,1,1,32820,1524,0,0,0,1,134448,1479,0,0,0,0,0,0,0,0,0,0,0,0,0,0,0
12:29:35,تاراز,صندوق س آوای تاراز زاگرس-سهام,IRT1TRAZ0001,24651394045981418,صندوق سرمایه‌گذاری قابل معامله,68,500000000,1,16458500000000,,,31594,33548,32800,33200,32571,32850,33200,629,1.93,32917,346,1.06,8,209499,6896138630,2,1,5,1,321,209178,209448,51,0,0,0,33330,61176,1,0,0,0,0,0,0,0,0,0,0,0,0,0,0,0,0,0,0,0,0,0,0,0,0
12:59:58,کپرسپولیس3,مجتمع کاشی و سنگ پرسپولیس یزد,IRO3PRPT0003,50858076472521650,کاشی و سرامیک,49,6700000000,1,42411000000000,723.0,8.8,6330,6330,6330,6330,6500,6330,6330,-170,-2.62,6330,-170,-2.62,8,4238,26826540,1,0,8,0,4238,0,4238,0,2,9001,6330,0,0,0,0,0,0,0,0,0,0,0,0,0,0,0,0,0,0,0,0,0,0,0,0,0,0,0
09:01:44,سقاین,سیمان‌ قائن,IRO1SGEN0001,60654872678917533,سیمان، آهک و گچ,53,4000000000,1,61680000000000,2930.0,5.3,14540,15420,15420,15420,14980,15420,15420,440,2.94,15420,440,2.94,8,96688,1490928960,2,0,5,1,96688,0,28785,67903,0,0,0,0,0,0,0,0,0,0,0,0,0,0,0,0,0,0,0,0,0,0,0,0,0,0,0,0,0,0
10:53:45,ماکان,ص.س.درآمدثابت ثروت ماکان-د,IRT3MCN00001,62869646049188469,صندوق سرمایه‌گذاری قابل معامله,68,100000000,1,1233600000000,,,12285,13043,12287,13043,12664,13043,12290,-374,-2.95,12336,-328,-2.59,8,9380,115712686,6,0,5,1,9380,0,8130,1250,1,1235,12303,12681,17571,2,1,1000,12302,12688,6000,1,2,1390,12300,12752,35000,1,1,1083,12298,12935,58730,1,1,4000,12292,12936,5000,1
12:59:29,شاروم3,پتروشیمی ارومیه,IRO3URPZ0003,18612459832523599,محصولات شیمیایی,44,2000000000,1,21960000000000,1017.0,10.8,10980,10980,10980,10980,11280,10980,10980,-300,-2.66,10980,-300,-2.66,7,6696,73522080,5,0,3,0,6696,0,6696,0,0,0,0,10980,1494,1,0,0,0,0,0,0,0,0,0,0,0,0,0,0,0,0,0,0,0,0,0,0,0,0
11:30:28,فارمانی,صندوق س آرمان آتی- بخشی,IRT1FARM0001,31787507070992420,صندوق سرمایه‌گذاری قابل معامله,68,1000000000,1,16182000000000,,,15240,16182,16182,16182,15711,16182,16182,471,3.0,16182,471,3.0,7,501050,8107991100,3,1,3,1,301050,200000,1050,500000,41,10048788,16182,0,0,0,1,100000,15711,0,0,0,1,56547,15300,0,0,0,1,100000,15270,0,0,0,4,200223,15250,0,0,0
12:22:27,وثخوز,سرمایه گذاری و توسعه خوزستان,IRO7CKHP0001,40043919653526083,انبوه‌سازی، املاک و مستغلات,70,1105290000,1,6797533500000,-104.0,-59.1,6150,6530,6150,6150,6340,6150,6150,-190,-3.0,6150,-190,-3.0,7,128500,790275000,2,1,1,0,78500,50000,128500,0,0,0,0,6150,1817195,28,0,0,0,6340,354661,3,0,0,0,6530,265963,4,0,0,0,6940,10000,4,0,0,0,0,0,0
10:58:29,تابا,تابان نیرو سپاهان,IRO7TABP0001,51459202425114449,خدمات فنی و مهندسی,74,62000000,1,2049100000000,-1301.0,-25.4,33050,35050,33050,33050,34050,33050,33050,-1000,-2.94,33050,-1000,-2.94,7,11554,381859700,5,0,3,0,11554,0,11554,0,0,0,0,33050,210552,20,0,0,0,34050,1650,1,0,0,0,35000,16846,4,0,0,0,35050,38799,3,0,0,0,35750,50000,1
12:18:03,ناوگان,صندوق س.بخشی زمرد نو ویرا1-ب,IRT3NAVF0001,51539000543410496,صندوق سرمایه‌گذاری قابل معامله,68,400000000,1,4057600000000,,,9766,10370,10021,10370,10068,10370,10021,-47,-0.47,10144,76,0.75,7,7130,72323895,7,0,4,1,7130,0,2485,4645,1,1000,10021,10100,495355,1,1,500000,10005,10275,3,1,1,2000,10001,10300,702500,2,2,1002500,10000,10369,2000,1,1,1000,9932,10370,62121,3
12:57:39,خشرق3,الکتریک‌ خودرو شرق,IRO1KHSH0003,61721613753287033,خودرو و ساخت قطعات,34,5377430000,1,9034082400000,56.0,30.0,1680,1680,1680,1680,1721,1680,1680,-41,-2.38,1680,-41,-2.38,7,681306,1144594080,3,0,0,1,681306,0,0,681306,0,0,0,1680,1318694,4,0,0,0,0,0,0,0,0,0,0,0,0,0,0,0,0,0,0,0,0,0,0,0,0
10:30:02,هیوا,صندوق س. ثروت هیوا-س,IRT3HIVF0001,62845384302495432,صندوق سرمایه‌گذاری قابل معامله,68,500000000,1,14808500000000,,,28157,29897,29600,29897,29027,29600,29890,863,2.97,29617,590,2.03,7,106565,3156130130,2,1,3,1,6565,100000,6215,100350,1,10000,29700,29890,101,1,0,0,0,29897,501480,2,0,0,0,0,0,0,0,0,0,0,0,0,0,0,0,0,0,0
11:00:54,سیمانیا,صندوق س.بخشی صنایع داریا-ب,IRT3DRYF0001,66219723709595228,صندوق سرمایه‌گذاری قابل معامله,68,200000000,1,5034800000000,,,23708,25174,25174,25174,24441,25174,25174,733,3.0,25174,733,3.0,7,11631,292798794,3,0,5,0,11631,0,11631,0,84,18982399,25174,0,0,0,1,200000,24500,0,0,0,3,11600,24441,0,0,0,2,884,23708,0,0,0,0,0,0,0,0,0
12:57:18,آلومینا3,آلومینای ایران,IRO1ALMN0003,4862047438865569,فلزات اساسی,27,1999769035,1,284887096726100,16387.0,8.7,142460,142460,142460,142460,138960,142460,142460,3500,2.52,142460,3500,2.52,6,1961,279364060,1,0,6,0,1961,0,1961,0,39,1145201,142460,0,0,0,0,0,0,0,0,0,0,0,0,0,0,0,0,0,0,0,0,0,0,0,0,0,0,0
12:58:01,ملت3,بیمه ملت,IRO1BMEL0003,7181890548313534,بیمه و صندوق بازنشستگی به جز تامین اجتماعی,66,30657213899,1,65207893963173,154.0,13.8,2127,2127,2127,2127,2185,2127,2127,-58,-2.65,2127,-58,-2.65,6,79340,168756180,3,0,2,0,79340,0,79340,0,0,0,0,2127,178895,1,0,0,0,0,0,0,0,0,0,0,0,0,0,0,0,0,0,0,0,0,0,0,0,0
11:41:02,قاروم,قند ارومیه,IRO7GHUP0001,10831074117626896,قند و شکر,38,343200000,1,30630600000000,17284.0,5.2,87550,89250,89250,89250,88400,89250,89250,850,0.96,89250,850,0.96,6,5610,500692500,1,0,5,0,5610,0,5610,0,7,16997,89250,0,0,0,0,0,0,0,0,0,0,0,0,0,0,0,0,0,0,0,0,0,0,0,0,0,0,0
09:23:18,دکیمی,کیمیدارو,IRO1KIMI0001,20024911381434086,مواد و محصولات دارویی,43,576000000,1,13069440000000,1595.0,14.2,21370,22690,22690,22690,22030,22690,22690,660,3.0,22690,660,3.0,6,26634,604325460,1,0,5,1,26634,0,3187,23447,43,1445505,22690,0,0,0,2,1232,22640,0,0,0,1,10000,22030,0,0,0,1,300,18450,0,0,0,0,0,0,0,0,0
12:59:09,شگل3,گلتاش,IRO1GTSH0003,23923962184779699,محصولات شیمیایی,44,6149600000,1,19734066400000,512.0,6.3,3209,3209,3209,3209,3240,3209,3209,-31,-0.96,3209,-31,-0.96,6,346024,1110391016,6,0,0,1,346024,0,0,346024,0,0,0,0,0,0,0,0,0,0,0,0,0,0,0,0,0,0,0,0,0,0,0,0,0,0,0,0,0,0
12:26:58,وفردا,بیمه هوشمند فردا,IRO7HFIZ0001,36235343945196457,بیمه و صندوق بازنشستگی به جز تامین اجتماعی,66,3769116678,1,8129984674446,14.0,154.1,2157,2289,2157,2157,2223,2157,2157,-66,-2.97,2157,-66,-2.97,6,574120,1238376840,3,0,3,0,574120,0,574120,0,0,0,0,2157,44205338,261,0,0,0,2158,233618,2,0,0,0,2159,9000,1,0,0,0,2160,809000,3,0,0,0,2161,1209000,4
12:58:30,فخاس3,فولاد خراسان,IRO1FKAS0003,36587647219642999,فلزات اساسی,27,124500000000,1,258711000000000,368.0,5.6,2078,2078,2078,2078,2133,2078,2078,-55,-2.58,2078,-55,-2.58,6,84938,176501164,6,0,1,0,84938,0,84938,0,0,0,0,0,0,0,0,0,0,0,0,0,0,0,0,0,0,0,0,0,0,0,0,0,0,0,0,0,0,0
12:14:00,بانکدار2,صندوق س صنایع اعتبار1-بخشی,IRT1BANC0002,40141106680433538,صندوق سرمایه‌گذاری قابل معامله,68,500000000,1,500000000,,,1,1,1,1,15085,1,1,-15084,-99.99,1,-15084,-99.99,6,6000000,6000000,0,1,0,1,0,6000000,0,6000000,0,0,0,0,0,0,0,0,0,0,0,0,0,0,0,0,0,0,0,0,0,0,0,0,0,0,0,0,0,0
12:59:27,ثامید3,توسعه و عمران امید,IRO1TOOM0003,42405039422177379,انبوه‌سازی، املاک و مستغلات,70,52975000000,1,75065575000000,446.0,3.2,1417,1417,1417,1417,1445,1417,1417,-28,-1.94,1417,-28,-1.94,6,45410,64345970,1,0,6,0,45410,0,45410,0,50,15165398,1417,0,0,0,0,0,0,0,0,0,0,0,0,0,0,0,0,0,0,0,0,0,0,0,0,0,0,0
13:00:14,همگام,صندوق س. م.اوراق دولتی همگام-د,IRT3GAMF0001,49681831162536304,صندوق سرمایه‌گذاری قابل معامله,68,500000000,1,5648000000000,,,10943,11619,11296,11297,11281,11296,11297,16,0.14,11296,15,0.13,6,15230,172041210,4,1,3,1,3220,12010,15230,0,1,20887990,11296,11297,2542470,5,1,500000,11294,11298,100000,1,1,500000,11293,11299,100000,1,1,500000,11291,11300,100000,1,1,500000,11290,11301,100000,1
10:06:51,چاشنی2,صندوق س صنایع ویستا2-بخشی,IRT1CHSH0002,50617423217837534,صندوق سرمایه‌گذاری قابل معامله,68,1000000000,1,1000000000,,,1,1,1,1,13240,1,1,-13239,-99.99,1,-13239,-99.99,6,19200000,19200000,0,1,0,1,0,19200000,0,19200000,0,0,0,0,0,0,0,0,0,0,0,0,0,0,0,0,0,0,0,0,0,0,0,0,0,0,0,0,0,0
12:21:15,هم ارز2,صندوق س.سهم نگر جام جم-س,IRT3JMJF0002,53882645739315163,صندوق سرمایه‌گذاری قابل معامله,68,200000000,1,200000000,,,1,1,1,1,10000,1,1,-9999,-99.99,1,-9999,-99.99,6,5100000,5100000,0,1,0,1,0,5100000,0,5100000,0,0,0,0,0,0,0,0,0,0,0,0,0,0,0,0,0,0,0,0,0,0,0,0,0,0,0,0,0,0
12:58:58,وبوعلی3,سرمایه‌گذاری‌بوعلی,IRO1BALI0003,67502717939791589,سرمایه‌گذاری‌ها,56,12000000000,1,30372000000000,687.0,3.7,2531,2531,2531,2531,2463,2531,2531,68,2.76,2531,68,2.76,6,60000,151860000,3,0,1,0,60000,0,60000,0,0,0,0,2531,340000,1,0,0,0,0,0,0,0,0,0,0,0,0,0,0,0,0,0,0,0,0,0,0,0,0
11:05:18,سهامدار2,صندوق س. بازده سهام-س,IRT3SAHF0002,71806970632897,صندوق سرمایه‌گذاری قابل معامله,68,200000000,1,200000000,,,1,1,1,1,13286,1,1,-13285,-99.99,1,-13285,-99.99,5,703000,703000,0,1,0,1,0,703000,0,703000,0,0,0,0,0,0,0,0,0,0,0,0,0,0,0,0,0,0,0,0,0,0,0,0,0,0,0,0,0,0
12:25:47,فیروزا4,صندوق ارمغان فیروزه آسیا-ثابت,IRT1FIRO0004,2992846609726856,صندوق سرمایه‌گذاری قابل معامله,68,4250000000,1,352282500000000,,,79283,84187,82890,82890,82785,82890,82890,105,0.13,82890,105,0.13,5,27817700,2305809153000,1,4,0,1,331000,27486700,0,27817700,0,0,0,0,0,0,0,0,0,0,0,0,0,0,0,0,0,0,0,0,0,0,0,0,0,0,0,0,0,0
10:25:32,دیار,صندوق س.مشترک دیار-سهام,IRT1DIAR0001,6279426571085158,صندوق سرمایه‌گذاری قابل معامله,68,100000000,1,1244400000000,,,12444,13212,12444,12444,12828,12444,12444,-384,-2.99,12444,-384,-2.99,5,33841,421117404,5,0,2,0,33841,0,33841,0,1,801,12451,12825,2500,1,1,10000,12450,12826,1306,1,1,445,12448,13212,5321,3,2,1082,12447,0,0,0,1,1300,12446,0,0,0
12:58:28,داترا3,آترا زیست آرای,IRO1DTRA0003,7511105464125372,مواد و محصولات دارویی,43,5745000000,1,23836005000000,600.0,6.9,4149,4149,4149,4149,4203,4149,4149,-54,-1.28,4149,-54,-1.28,5,11469,47584881,2,0,5,0,11469,0,11469,0,6,16914,4149,0,0,0,0,0,0,0,0,0,0,0,0,0,0,0,0,0,0,0,0,0,0,0,0,0,0,0
12:24:05,کابگن,تولیدی و صنعتی آبگینه,IRO7ABGP0001,10654052153538617,سایر محصولات کانی غیرفلزی,54,93900000,1,3549420000000,2109.0,17.9,35600,37800,37800,37800,36700,37800,37800,1100,3.0,37800,1100,3.0,5,470,17766000,1,0,5,0,470,0,470,0,16,313453,37800,0,0,0,1,1400,36000,0,0,0,0,0,0,0,0,0,0,0,0,0,0,0,0,0,0,0,0,0
12:59:23,بانیان3,نیان باتری خاوران,IRO3NIAN0003,14999231580756915,ماشین‌آلات و دستگاه‌های برقی,31,1028358900,1,17029623384000,2165.0,7.6,16560,16560,16560,16560,16110,16560,16560,450,2.79,16560,450,2.79,5,3163,52379280,3,0,3,0,3163,0,3163,0,3,18000,16560,0,0,0,0,0,0,0,0,0,0,0,0,0,0,0,0,0,0,0,0,0,0,0,0,0,0,0
12:59:00,ثشرق3,سرمایه گذاری مسکن شمال شرق,IRO1PMSZ0003,16934170351493765,انبوه‌سازی، املاک و مستغلات,70,1100000000,1,23540000000000,953.0,22.5,21400,21400,21400,21400,22010,21400,21400,-610,-2.77,21400,-610,-2.77,5,16000,342400000,3,0,2,0,16000,0,16000,0,11,47847,21400,0,0,0,0,0,0,0,0,0,0,0,0,0,0,0,0,0,0,0,0,0,0,0,0,0,0,0
12:22:39,تکپاد2,صندوق س. مشترک آریان-س,IRT3AARF0002,30950197622714356,صندوق سرمایه‌گذاری قابل معامله,68,500000000,1,500000000,,,1,1,1,1,18830,1,1,-18829,-99.99,1,-18829,-99.99,5,7000000,7000000,0,1,0,1,0,7000000,0,7000000,0,0,0,0,0,0,0,0,0,0,0,0,0,0,0,0,0,0,0,0,0,0,0,0,0,0,0,0,0,0
12:58:23,شکربن3,کربن‌ ایران,IRO1CRBN0003,31169158442285306,محصولات شیمیایی,44,6385128000,1,41950290960000,1274.0,5.2,6570,6570,6570,6570,6770,6570,6570,-200,-2.95,6570,-200,-2.95,5,180000,1182600000,2,0,2,0,180000,0,180000,0,1,31000,6570,0,0,0,0,0,0,0,0,0,0,0,0,0,0,0,0,0,0,0,0,0,0,0,0,0,0,0
12:57:23,ونیرو3,سرمایه‌گذاری‌نیرو,IRO1SNRO0003,31465577703694433,عرضه برق، گاز، بخار و آب گرم,40,15750000000,1,40635000000000,488.0,5.3,2580,2580,2580,2580,2651,2580,2580,-71,-2.68,2580,-71,-2.68,5,89642,231276360,5,0,1,0,89642,0,89642,0,0,0,0,2580,10358,1,0,0,0,0,0,0,0,0,0,0,0,0,0,0,0,0,0,0,0,0,0,0,0,0
12:52:39,سرچشمه3,سرمایه گذاری مس سرچشمه,IRO3SARZ0003,33324638667989778,سرمایه‌گذاری‌ها,56,15000000000,1,75045000000000,775.0,6.5,5003,5003,5003,5003,4866,5003,5003,137,2.82,5003,137,2.82,5,347500,1738542500,1,0,3,0,347500,0,347500,0,85,30661595,5003,0,0,0,0,0,0,0,0,0,0,0,0,0,0,0,0,0,0,0,0,0,0,0,0,0,0,0
12:58:24,تجلی3,تجلی توسعه معادن و فلزات,IRO3TMMZ0003,41057958045993745,استخراج کانه‌های فلزی,13,117900000000,1,183570300000000,14.0,111.2,1557,1557,1557,1557,1578,1557,1557,-21,-1.33,1557,-21,-1.33,5,54173,84347361,4,0,1,0,54173,0,54173,0,0,0,0,1557,182217,1,0,0,0,0,0,0,0,0,0,0,0,0,0,0,0,0,0,0,0,0,0,0,0,0
12:56:46,ومدیر3,گ.مدیریت ارزش سرمایه ص ب کشوری,IRO1VMDR0003,41568878665604313,سرمایه‌گذاری‌ها,56,26000000000,1,55458000000000,667.0,3.2,2133,2133,2133,2133,2197,2133,2133,-64,-2.91,2133,-64,-2.91,5,71063,151577379,4,0,2,0,71063,0,71063,0,1,34437,2133,0,0,0,0,0,0,0,0,0,0,0,0,0,0,0,0,0,0,0,0,0,0,0,0,0,0,0
12:59:50,فهامون3,آلیاژ گستر هامون,IRO3AYHZ0003,50885758506315221,فلزات اساسی,27,3350000000,1,15138650000000,508.0,8.9,4519,4519,4519,4519,4437,4519,4519,82,1.85,4519,82,1.85,5,1015,4586785,1,0,5,0,1015,0,1015,0,10,176023,4519,0,0,0,0,0,0,0,0,0,0,0,0,0,0,0,0,0,0,0,0,0,0,0,0,0,0,0
10:56:15,لذیذ2,صندوق س صنایع سینا1-بخشی,IRT1LZIZ0002,50923619743956996,صندوق سرمایه‌گذاری قابل معامله,68,1000000000,1,1000000000,,,1,1,1,1,17151,1,1,-17150,-99.99,1,-17150,-99.99,5,5000000,5000000,0,1,0,1,0,5000000,0,5000000,0,0,0,0,0,0,0,0,0,0,0,0,0,0,0,0,0,0,0,0,0,0,0,0,0,0,0,0,0,0
12:59:40,ثبهساز3,بهساز کاشانه تهران,IRO1BEKA0003,55434192046439573,انبوه‌سازی، املاک و مستغلات,70,40261574000,1,53789462864000,413.0,3.2,1336,1336,1336,1336,1298,1336,1336,38,2.93,1336,38,2.93,5,286898,383295728,1,0,5,0,286898,0,286898,0,69,21719491,1336,0,0,0,0,0,0,0,0,0,0,0,0,0,0,0,0,0,0,0,0,0,0,0,0,0,0,0
12:56:46,فتوسا3,تولید و توسعه سرب روی ایرانیان,IRO3ILZZ0003,58902358608491197,فلزات اساسی,27,2700000000,1,7792200000000,297.0,9.7,2886,2886,2886,2886,2944,2886,2886,-58,-1.97,2886,-58,-1.97,5,875,2525250,1,0,5,0,875,0,875,0,8,90875,2886,0,0,0,0,0,0,0,0,0,0,0,0,0,0,0,0,0,0,0,0,0,0,0,0,0,0,0
13:04:18,یارا2,صندوق س. آریا-د,IRT3ARIF0002,60019488663765337,صندوق سرمایه‌گذاری قابل معامله,68,1000000000,1,1000000000,,,1,1,1,1,32202,1,1,-32201,-100.0,1,-32201,-100.0,5,30000000,30000000,0,1,0,1,0,30000000,0,30000000,0,0,0,0,0,0,0,0,0,0,0,0,0,0,0,0,0,0,0,0,0,0,0,0,0,0,0,0,0,0
12:56:23,ونیکی3,سرمایه‌گذاری‌ ملی‌ایران,IRO1NIKI0003,67426949147138411,شرکت‌های چند رشته‌ای صنعتی,39,80000000000,1,408000000000000,862.0,5.9,5100,5100,5100,5100,5240,5100,5100,-140,-2.67,5100,-140,-2.67,5,313380,1598238000,4,0,1,1,313380,0,166515,146865,0,0,0,5100,53135,1,0,0,0,0,0,0,0,0,0,0,0,0,0,0,0,0,0,0,0,0,0,0,0,0
09:32:00,سپیدما2,صندوق س. سپید دماوند-د,IRT3SEDF0002,69081464170052337,صندوق سرمایه‌گذاری قابل معامله,68,15000000000,1,15000000000,,,1,1,1,1,32605,1,1,-32604,-100.0,1,-32604,-100.0,5,46300000,46300000,0,1,0,1,0,46300000,0,46300000,0,0,0,0,0,0,0,0,0,0,0,0,0,0,0,0,0,0,0,0,0,0,0,0,0,0,0,0,0,0
12:57:51,وسپهر3,گروه سرمایه گذاری سپهر صادرات,IRO3SAIZ0003,7938050719939504,شرکت‌های چند رشته‌ای صنعتی,39,75000000000,1,310425000000000,1156.0,3.6,4139,4139,4139,4139,4127,4139,4139,12,0.29,4139,12,0.29,4,4197,17371383,1,0,4,0,4197,0,4197,0,12,563199,4139,0,0,0,0,0,0,0,0,0,0,0,0,0,0,0,0,0,0,0,0,0,0,0,0,0,0,0
12:10:55,داسوه,داروسازی‌ اسوه,IRO1DOSE0001,12387472624849835,مواد و محصولات دارویی,43,750000000,1,22642500000000,2817.0,10.7,28450,30190,30190,30190,29320,30190,30190,870,2.97,30190,870,2.97,4,16829,508067510,1,0,3,1,16829,0,1608,15221,54,2571638,30190,0,0,0,4,11759,29320,0,0,0,3,6176,28450,0,0,0,1,187,26850,0,0,0,0,0,0,0,0,0
12:55:06,وبهمن3,سرمایه‌گذاری‌بهمن,IRO1SBAH0003,16048397250177839,سرمایه‌گذاری‌ها,56,50000000000,1,88600000000000,444.0,4.0,1772,1772,1772,1772,1813,1772,1772,-41,-2.26,1772,-41,-2.26,4,10000,17720000,3,0,1,0,10000,0,10000,0,1,3000,1772,0,0,0,0,0,0,0,0,0,0,0,0,0,0,0,0,0,0,0,0,0,0,0,0,0,0,0
11:35:22,ثنا,صندوق س.زرین نهال ثنا-س,IRT3ZNSF0001,32112121249636248,صندوق سرمایه‌گذاری قابل معامله,68,100000000,1,3000000000000,,,29032,30826,30000,30500,29929,30500,30000,71,0.24,30000,71,0.24,4,167135,5014117500,2,1,1,1,170,166965,167000,135,1,34,29930,30500,10000,1,2,22667,29929,30826,100,1,2,17670,29900,0,0,0,1,10000,29800,0,0,0,0,0,0,0,0,0
12:29:56,پلاست,کارخانجات تولیدی پلاستیران,IRO3PLSP0001,34552750623263639,لاستیک و پلاستیک,25,7000000000,1,17276000000000,57.0,43.3,2326,2468,2468,2468,2397,2468,2468,71,2.96,2468,71,2.96,4,1221545,3014773060,4,0,1,1,1221545,0,21545,1200000,148,46064623,2468,0,0,0,2,17850,2326,0,0,0,0,0,0,0,0,0,0,0,0,0,0,0,0,0,0,0,0,0
10:31:35,کاج2,صندوق س. نوع دوم نو ویرا -د,IRT3KAJF0002,36847745437379950,صندوق سرمایه‌گذاری قابل معامله,68,3000000000,1,3000000000,,,1,1,1,1,26679,1,1,-26678,-100.0,1,-26678,-100.0,4,31200000,31200000,0,1,0,1,0,31200000,0,31200000,0,0,0,0,0,0,0,0,0,0,0,0,0,0,0,0,0,0,0,0,0,0,0,0,0,0,0,0,0,0
12:57:51,سخزر3,سیمان‌ خزر,IRO1SKAZ0003,36859999022477632,سیمان، آهک و گچ,53,9300000000,1,47802000000000,762.0,6.7,5140,5140,5140,5140,5171,5140,5140,-31,-0.6,5140,-31,-0.6,4,219801,1129777140,1,0,2,0,219801,0,219801,0,20,541096,5140,0,0,0,0,0,0,0,0,0,0,0,0,0,0,0,0,0,0,0,0,0,0,0,0,0,0,0
12:59:20,اوصتا2,صندوق اندیشه ورزان صباتامین -د,IRT3AVSF0002,42927746927909254,صندوق سرمایه‌گذاری قابل معامله,68,3000000000,1,3000000000,,,1,1,1,1,63640,1,1,-63639,-100.0,1,-63639,-100.0,4,9039953,9039953,0,1,0,1,0,9039953,0,9039953,0,0,0,0,0,0,0,0,0,0,0,0,0,0,0,0,0,0,0,0,0,0,0,0,0,0,0,0,0,0
12:55:20,بپویا3,دانش محور پویا نیرو,IRO1POYA0003,43403884381728399,ماشین‌آلات و دستگاه‌های برقی,31,9942147000,1,65916434610000,1147.0,5.8,6630,6630,6630,6630,6440,6630,6630,190,2.95,6630,190,2.95,4,2783,18451290,1,0,3,0,2783,0,2783,0,2,149800,6630,0,0,0,0,0,0,0,0,0,0,0,0,0,0,0,0,0,0,0,0,0,0,0,0,0,0,0
12:59:59,لپارس3,پارس‌ الکتریک,IRO1PELC0003,49538625612308540,ساخت دستگاه‌ها و وسایل ارتباطی,32,1000000000,1,20860000000000,562.0,37.1,20860,20860,20860,20860,20690,20860,20860,170,0.82,20860,170,0.82,4,9500,198170000,4,0,1,0,9500,0,9500,0,10,497413,20860,0,0,0,0,0,0,0,0,0,0,0,0,0,0,0,0,0,0,0,0,0,0,0,0,0,0,0
10:18:20,بازبیمه,صندوق س.بخشی بازده صنایع1-ب,IRT3BZBF0001,61483657213051835,صندوق سرمایه‌گذاری قابل معامله,68,1000000000,1,18201000000000,,,17203,18267,18000,18267,17735,18267,18000,265,1.49,18201,466,2.63,4,26872,489089200,2,0,1,2,26872,0,6672,20200,2,30060,17550,18130,79800,1,1,20000,17503,18140,200000,1,1,10000,17480,18150,285,1,1,5000,17350,18266,168,1,1,210000,17203,18267,234000,4
12:49:24,البرز3,بیمه البرز,IRO1BALB0003,63600824877528094,بیمه و صندوق بازنشستگی به جز تامین اجتماعی,66,70000000000,1,164500000000000,862.0,2.7,2350,2350,2350,2350,2327,2350,2350,23,0.99,2350,23,0.99,4,154564,363225400,4,0,1,0,154564,0,154564,0,5,440700,2350,0,0,0,0,0,0,0,0,0,0,0,0,0,0,0,0,0,0,0,0,0,0,0,0,0,0,0
12:57:26,حتاید3,تایدواترخاورمیانه,IRO1TAYD0003,65303613952235512,حمل و نقل، انبارداری و ارتباطات,60,22000000000,1,135520000000000,1242.0,5.0,6160,6160,6160,6160,6330,6160,6160,-170,-2.69,6160,-170,-2.69,4,20000,123200000,1,0,1,0,20000,0,20000,0,4,114760,6160,0,0,0,0,0,0,0,0,0,0,0,0,0,0,0,0,0,0,0,0,0,0,0,0,0,0,0
12:58:48,کاما3,باما,IRO1BAMA0003,66754435527963467,استخراج کانه‌های فلزی,13,42570000000,1,124389540000000,710.0,4.1,2922,2922,2922,2922,2950,2922,2922,-28,-0.95,2922,-28,-0.95,4,401106,1172031732,2,0,3,0,401106,0,401106,0,30,2084285,2922,0,0,0,0,0,0,0,0,0,0,0,0,0,0,0,0,0,0,0,0,0,0,0,0,0,0,0
12:16:52,اکسیژن2,صندوق س. سهامی اکسیژن-س,IRT3OXYF0002,67058613301003145,صندوق سرمایه‌گذاری قابل معامله,68,500000000,1,500000000,,,1,1,1,1,25934,1,1,-25933,-100.0,1,-25933,-100.0,4,3900000,3900000,0,1,0,1,0,3900000,0,3900000,0,0,0,0,0,0,0,0,0,0,0,0,0,0,0,0,0,0,0,0,0,0,0,0,0,0,0,0,0,0
12:59:37,ثاخت3,بین‌المللی‌توسعه‌ساختمان,IRO1BSTE0003,68460651873856595,انبوه‌سازی، املاک و مستغلات,70,82308512000,1,41401181536000,38.0,13.2,503,503,503,503,503,503,503,0,0.0,503,0,0.0,4,39930,20084790,4,0,0,1,39930,0,0,39930,0,0,0,0,0,0,0,0,0,0,0,0,0,0,0,0,0,0,0,0,0,0,0,0,0,0,0,0,0,0
12:56:06,فسبزوار3,پارس فولاد سبزوار,IRO1FSBZ0003,71935970481544219,فلزات اساسی,27,4000000000,1,177160000000000,13379.0,3.3,44290,44290,44290,44290,44530,44290,44290,-240,-0.54,44290,-240,-0.54,4,20273,897891170,1,0,4,0,20273,0,20273,0,53,1260139,44290,0,0,0,0,0,0,0,0,0,0,0,0,0,0,0,0,0,0,0,0,0,0,0,0,0,0,0
12:59:30,ونفت3,سرمایه‌گذاری‌ صنعت‌ نفت,IRO1NAFT0003,923771798610559,فراورده‌های نفتی، کک و سوخت هسته‌ای,23,6000000000,1,27576000000000,712.0,6.5,4596,4596,4596,4596,4724,4596,4596,-128,-2.71,4596,-128,-2.71,3,17700,81349200,3,0,1,0,17700,0,17700,0,0,0,0,4596,244180,2,0,0,0,0,0,0,0,0,0,0,0,0,0,0,0,0,0,0,0,0,0,0,0,0
11:47:48,گارانتی,صندوق تضمین ا.س. گیتی دماوند-م,IRT3GTYF0001,971068957336171,صندوق سرمایه‌گذاری قابل معامله,68,1000000000,1,23997000000000,,,23257,24695,23997,23997,23976,23997,23997,21,0.09,23997,21,0.09,3,1032,24764904,1,1,2,0,150,882,1032,0,4,3049118,23997,23998,200791,3,1,100000,23996,23999,200000,1,1,100000,23995,24000,200000,1,1,100000,23994,24001,200000,1,1,100000,23993,24002,200000,1
12:55:52,رافزا3,رایان هم افزا,IRO3RYHZ0003,1406028114337631,رایانه و فعالیت‌های وابسته به آن,72,2000000000,1,21700000000000,2557.0,4.2,10850,10850,10850,10850,10550,10850,10850,300,2.84,10850,300,2.84,3,33,358050,0,1,3,0,0,33,33,0,52,5001967,10850,0,0,0,0,0,0,0,0,0,0,0,0,0,0,0,0,0,0,0,0,0,0,0,0,0,0,0
12:52:14,کرازی3,کارخانجات‌تولیدی‌شیشه‌رازی,IRO1TSRZ0003,2418793833397935,سایر محصولات کانی غیرفلزی,54,49100000000,1,57741600000000,155.0,7.6,1176,1176,1176,1176,1173,1176,1176,3,0.26,1176,3,0.26,3,30000,35280000,2,0,1,0,30000,0,30000,0,3,582726,1176,0,0,0,0,0,0,0,0,0,0,0,0,0,0,0,0,0,0,0,0,0,0,0,0,0,0,0
10:16:14,رشدی کیان2,صندوق س آوای سهام کیان-سهام,IRT1ROSH0002,3786026493546675,صندوق سرمایه‌گذاری قابل معامله,68,400000000,1,400000000,,,1,1,1,1,111188,1,1,-111187,-100.0,1,-111187,-100.0,3,300000,300000,0,1,0,1,0,300000,0,300000,0,0,0,0,0,0,0,0,0,0,0,0,0,0,0,0,0,0,0,0,0,0,0,0,0,0,0,0,0,0
12:53:39,پتایر3,ایران‌ تایر,IRO1TAIR0003,6548476031590504,لاستیک و پلاستیک,25,18800000000,1,30888400000000,298.0,5.5,1643,1643,1643,1643,1675,1643,1643,-32,-1.91,1643,-32,-1.91,3,12800,21030400,1,0,2,0,12800,0,12800,0,9,332200,1643,0,0,0,0,0,0,0,0,0,0,0,0,0,0,0,0,0,0,0,0,0,0,0,0,0,0,0
12:55:26,وخارزم3,سرمایه گذاری خوارزمی,IRO1IKHR0003,7332885540476145,سرمایه‌گذاری‌ها,56,80000000000,1,310720000000000,544.0,7.1,3884,3884,3884,3884,3771,3884,3884,113,3.0,3884,113,3.0,3,30682,119168888,1,0,3,0,30682,0,30682,0,105,25701446,3884,0,0,0,0,0,0,0,0,0,0,0,0,0,0,0,0,0,0,0,0,0,0,0,0,0,0,0
12:49:53,زملارد3,کشاورزی و دامپروری ملارد شیر,IRO3MAHZ0003,12080092165422516,زراعت و خدمات وابسته,1,18862025000,1,18956335125000,135.0,7.4,1005,1005,1005,1005,976,1005,1005,29,2.97,1005,29,2.97,3,366,367830,1,0,3,0,366,0,366,0,61,29039270,1005,0,0,0,0,0,0,0,0,0,0,0,0,0,0,0,0,0,0,0,0,0,0,0,0,0,0,0
12:58:01,سیستم3,همکاران سیستم,IRO1SYSM0003,20950109158927622,رایانه و فعالیت‌های وابسته به آن,72,10000000000,1,379300000000000,3306.0,11.5,37930,37930,37930,37930,37180,37930,37930,750,2.02,37930,750,2.02,3,5000,189650000,3,0,1,0,5000,0,5000,0,4,8954,37930,0,0,0,0,0,0,0,0,0,0,0,0,0,0,0,0,0,0,0,0,0,0,0,0,0,0,0
12:28:04,رایا,بیمه اتکایی رایا,IRO7RYAZ0001,26958787408104156,بیمه و صندوق بازنشستگی به جز تامین اجتماعی,66,5000000000,1,11755000000000,1101.0,2.1,2215,2351,2351,2351,2283,2351,2351,68,2.98,2351,68,2.98,3,157583,370477633,1,0,3,0,157583,0,157583,0,91,31047580,2351,0,0,0,0,0,0,0,0,0,0,0,0,0,0,0,0,0,0,0,0,0,0,0,0,0,0,0
10:52:17,آکام2,صندوق س. نوع دوم آکام-د,IRT3AKMF0002,27849713918268133,صندوق سرمایه‌گذاری قابل معامله,68,500000000,1,500000000,,,1,1,1,1,10199,1,1,-10198,-99.99,1,-10198,-99.99,3,9000000,9000000,0,1,0,1,0,9000000,0,9000000,0,0,0,0,0,0,0,0,0,0,0,0,0,0,0,0,0,0,0,0,0,0,0,0,0,0,0,0,0,0
12:59:12,وتوکا3,سرمایه‌گذاری‌توکافولاد(هلدینگ,IRO1TOKA0003,28563710674070325,فلزات اساسی,27,20150000000,1,49266750000000,813.0,3.0,2445,2445,2445,2445,2425,2445,2445,20,0.82,2445,20,0.82,3,161000,393645000,1,0,2,0,161000,0,161000,0,0,0,0,2445,89000,2,0,0,0,0,0,0,0,0,0,0,0,0,0,0,0,0,0,0,0,0,0,0,0,0
10:27:00,میدکو2,توسعه معادن وص.معدنی خاورمیانه,IRO1MDKO0002,29890674238975015,فلزات اساسی,27,290000000000,1,1853100000000000,290.0,22.0,6286,6674,6390,6390,6480,6390,6390,-90,-1.39,6390,-90,-1.39,3,197307986,1260798030540,0,1,0,3,0,197307986,0,197307986,0,0,0,0,0,0,0,0,0,0,0,0,0,0,0,0,0,0,0,0,0,0,0,0,0,0,0,0,0,0
12:58:40,ولکار3,لیزینگ کارآفرین,IRO1LKAR0003,33398780841616972,سایر واسطه‌گری‌های مالی,58,2900000000,1,11457900000000,563.0,7.0,3951,3951,3951,3951,3958,3951,3951,-7,-0.18,3951,-7,-0.18,3,955,3773205,1,0,3,0,955,0,955,0,4,439045,3951,0,0,0,0,0,0,0,0,0,0,0,0,0,0,0,0,0,0,0,0,0,0,0,0,0,0,0
12:53:53,خاور3,ایران خودرو دیزل,IRO3IKDP0003,33400731879150699,خودرو و ساخت قطعات,34,111600000000,1,126666000000000,53.0,21.4,1135,1135,1135,1135,1148,1135,1135,-13,-1.13,1135,-13,-1.13,3,45804,51987540,2,0,2,0,45804,0,45804,0,15,996038,1135,0,0,0,0,0,0,0,0,0,0,0,0,0,0,0,0,0,0,0,0,0,0,0,0,0,0,0
12:58:43,بپیوند3,برق و انرژی پیوندگستر پارس,IRO3PGRZ0003,34572217024107032,عرضه برق، گاز، بخار و آب گرم,40,3000000000,1,42840000000000,1580.0,9.0,14280,14280,14280,14280,13910,14280,14280,370,2.66,14280,370,2.66,3,231,3298680,1,0,3,0,231,0,231,0,1,129,14280,0,0,0,0,0,0,0,0,0,0,0,0,0,0,0,0,0,0,0,0,0,0,0,0,0,0,0
12:53:04,وکبهمن3,مدیریت سرمایه گذاری کوثربهمن,IRO3KBIZ0003,37535754483154800,سرمایه‌گذاری‌ها,56,20000000000,1,47160000000000,582.0,4.1,2358,2358,2358,2358,2372,2358,2358,-14,-0.59,2358,-14,-0.59,3,1344,3169152,1,0,3,0,1344,0,1344,0,3,106656,2358,0,0,0,0,0,0,0,0,0,0,0,0,0,0,0,0,0,0,0,0,0,0,0,0,0,0,0
12:09:42,سها,صندوق س مشترک مبین سرمایه-سهام,IRT1SOHA0001,39710474979238367,صندوق سرمایه‌گذاری قابل معامله,68,20000000,1,16358780000000,,,798298,847676,815000,827050,822987,827050,815003,-7984,-0.97,817939,-5048,-0.61,3,41,33535515,1,1,3,0,15,26,41,0,1,59,815004,847674,36,1,1,62,815003,847675,1019,2,1,1474,815000,847676,4988,1,1,200,798298,0,0,0,0,0,0,0,0,0
13:04:14,سپر2,صندوق س سپر سرمایه بیدار- ثابت,IRT1SEPR0002,50358563627438461,صندوق سرمایه‌گذاری قابل معامله,68,11600000000,1,11600000000,,,1,1,1,1,42538,1,1,-42537,-100.0,1,-42537,-100.0,3,29700000,29700000,0,1,0,1,0,29700000,0,29700000,0,0,0,0,0,0,0,0,0,0,0,0,0,0,0,0,0,0,0,0,0,0,0,0,0,0,0,0,0,0
09:10:51,پارند2,صندوق س. پارند پایدار سپهر,IRT1FPAF0002,52212777017950879,صندوق سرمایه‌گذاری قابل معامله,68,10000000000,1,10000000000,,,1,1,1,1,10258,1,1,-10257,-99.99,1,-10257,-99.99,3,115800000,115800000,0,1,0,1,0,115800000,0,115800000,0,0,0,0,0,0,0,0,0,0,0,0,0,0,0,0,0,0,0,0,0,0,0,0,0,0,0,0,0,0
12:58:54,کتوسعه3,توسعه صنایع و معادن کوثر,IRO3KOMZ0003,53297008542977640,استخراج سایر معادن,14,1070000000,1,15622000000000,1582.0,9.2,14600,14600,14600,14600,14650,14600,14600,-50,-0.34,14600,-50,-0.34,3,133,1941800,2,0,3,0,133,0,133,0,1,9956,14600,0,0,0,0,0,0,0,0,0,0,0,0,0,0,0,0,0,0,0,0,0,0,0,0,0,0,0
12:50:01,وپویا3,سرمایه گذاری پویا,IRO3PIVZ0003,56285323075552031,سرمایه‌گذاری‌ها,56,11000000000,1,18403000000000,561.0,3.0,1673,1673,1673,1673,1657,1673,1673,16,0.97,1673,16,0.97,3,1075,1798475,1,0,3,0,1075,0,1075,0,3,178925,1673,0,0,0,0,0,0,0,0,0,0,0,0,0,0,0,0,0,0,0,0,0,0,0,0,0,0,0
12:59:10,اخابر3,مخابرات ایران,IRO1MKBT0003,63353841155485143,مخابرات,64,960511331644,1,513873562429540,50.0,10.7,535,535,535,535,544,535,535,-9,-1.65,535,-9,-1.65,3,29250,15648750,1,0,3,0,29250,0,29250,0,16,2953131,535,0,0,0,0,0,0,0,0,0,0,0,0,0,0,0,0,0,0,0,0,0,0,0,0,0,0,0
12:24:40,ویستا2,صندوق س. ویستا -س,IRT3VISF0002,64829187602318351,صندوق سرمایه‌گذاری قابل معامله,68,100000000,1,100000000,,,1,1,1,1,29228,1,1,-29227,-100.0,1,-29227,-100.0,3,2000000,2000000,0,1,0,1,0,2000000,0,2000000,0,0,0,0,0,0,0,0,0,0,0,0,0,0,0,0,0,0,0,0,0,0,0,0,0,0,0,0,0,0
12:11:11,وسرمدح,ح. بیمه سرمد,IRR7SRMP0101,65826018889855636,بیمه و صندوق بازنشستگی به جز تامین اجتماعی,66,4000000000,1,380000000000,0.0,0.0,89,99,89,99,94,99,89,-5,-5.32,95,1,1.06,3,1420000,134380000,3,0,0,1,1420000,0,0,1420000,0,0,0,89,8580000,1,0,0,0,0,0,0,0,0,0,0,0,0,0,0,0,0,0,0,0,0,0,0,0,0
12:59:04,سپیدار3,سپیدار سیستم آسیا,IRO3SSYZ0003,66242811461338992,رایانه و فعالیت‌های وابسته به آن,72,10350000000,1,107329500000000,789.0,13.1,10370,10370,10370,10370,10090,10370,10370,280,2.78,10370,280,2.78,3,240,2488800,1,0,3,0,240,0,240,0,7,82260,10370,0,0,0,0,0,0,0,0,0,0,0,0,0,0,0,0,0,0,0,0,0,0,0,0,0,0,0
09:02:07,سبجنو,سیمان‌ بجنورد,IRO1SBOJ0001,66295665969375744,سیمان، آهک و گچ,53,2000000000,1,86580000000000,7528.0,5.8,40770,43290,43290,43290,42030,43290,43290,1260,3.0,43290,1260,3.0,3,19802,857228580,1,0,2,1,19802,0,5140,14662,0,0,0,0,0,0,0,0,0,0,0,0,0,0,0,0,0,0,0,0,0,0,0,0,0,0,0,0,0,0
12:55:34,ولپارس3,لیزینگ پارسیان,IRO1LPRS0003,67850045213257224,سایر واسطه‌گری‌های مالی,58,4000000000,1,9980000000000,266.0,9.4,2495,2495,2495,2495,2571,2495,2495,-76,-2.96,2495,-76,-2.96,3,445,1110275,1,0,3,0,445,0,445,0,1,3226,2495,0,0,0,0,0,0,0,0,0,0,0,0,0,0,0,0,0,0,0,0,0,0,0,0,0,0,0
13:28:15,طلا2,صندوق س. کالای پارسیان,IRTKLOTF0002,68285083509815728,صندوق سرمایه‌گذاری قابل معامله,68,820000000,1,820000000,,,1,1,1,1,1315457,1,1,-1315456,-100.0,1,-1315456,-100.0,3,300000,300000,0,1,0,1,0,300000,0,300000,0,0,0,0,0,0,0,0,0,0,0,0,0,0,0,0,0,0,0,0,0,0,0,0,0,0,0,0,0,0
12:56:08,کرماشا3,صنایع پتروشیمی کرمانشاه,IRO1PKER0003,69685573062741368,محصولات شیمیایی,44,10587600000,1,514769112000000,6210.0,7.8,48620,48620,48620,48620,49430,48620,48620,-810,-1.64,48620,-810,-1.64,3,2191,106526420,1,0,2,0,2191,0,2191,0,77,3718536,48620,0,0,0,0,0,0,0,0,0,0,0,0,0,0,0,0,0,0,0,0,0,0,0,0,0,0,0
12:58:08,شبصیر3,تولیدات پتروشیمی قائد بصیر,IRO3BSRZ0003,71899719328152003,محصولات شیمیایی,44,10000000000,1,95900000000000,2242.0,4.3,9590,9590,9590,9590,9830,9590,9590,-240,-2.44,9590,-240,-2.44,3,10588,101538920,1,0,3,0,10588,0,10588,0,19,535997,9590,0,0,0,0,0,0,0,0,0,0,0,0,0,0,0,0,0,0,0,0,0,0,0,0,0,0,0
12:52:30,کیانا3,گروه مالی کیان,IRO1KYAN0003,1838821581145108,سرمایه‌گذاری‌ها,56,3575000000,1,40790750000000,1313.0,8.7,11410,11410,11410,11410,11090,11410,11410,320,2.89,11410,320,2.89,2,876,9995160,2,0,1,0,876,0,876,0,1,99772,11410,0,0,0,0,0,0,0,0,0,0,0,0,0,0,0,0,0,0,0,0,0,0,0,0,0,0,0
12:57:04,ولشرق3,لیزینگ ایران و شرق,IRO3ISLZ0003,4566294155837972,سایر واسطه‌گری‌های مالی,58,2000000000,1,6930000000000,332.0,10.4,3465,3465,3465,3465,3522,3465,3465,-57,-1.62,3465,-57,-1.62,2,4000,13860000,2,0,2,0,4000,0,4000,0,1,8000,3465,0,0,0,0,0,0,0,0,0,0,0,0,0,0,0,0,0,0,0,0,0,0,0,0,0,0,0
12:57:38,والبر3,سرمایه‌ گذاری‌ البرز(هلدینگ,IRO1ALBZ0003,8637262423298510,مواد و محصولات دارویی,43,31000000000,1,85002000000000,465.0,5.9,2742,2742,2742,2742,2665,2742,2742,77,2.89,2742,77,2.89,2,5099,13981458,1,0,2,0,5099,0,5099,0,59,18194554,2742,0,0,0,0,0,0,0,0,0,0,0,0,0,0,0,0,0,0,0,0,0,0,0,0,0,0,0
12:49:58,خنور3,نورایستا پلاستیک,IRO3NIPZ0003,8860699146781554,خودرو و ساخت قطعات,34,4250000000,1,35147500000000,735.0,11.3,8270,8270,8270,8270,8320,8270,8270,-50,-0.6,8270,-50,-0.6,2,383,3167410,1,0,2,0,383,0,383,0,31,1680118,8270,0,0,0,0,0,0,0,0,0,0,0,0,0,0,0,0,0,0,0,0,0,0,0,0,0,0,0
11:35:39,دابور2,داروسازی‌ ابوریحان,IRO1DABO0002,10690118788772181,مواد و محصولات دارویی,43,1800000000,1,61218000000000,4390.0,7.7,33330,35390,34010,34010,34360,34010,34010,-350,-1.02,34010,-350,-1.02,2,8217851,279489112510,0,2,0,1,0,8217851,0,8217851,0,0,0,0,0,0,0,0,0,0,0,0,0,0,0,0,0,0,0,0,0,0,0,0,0,0,0,0,0,0
12:55:39,اپال3,فرآوری معدنی اپال کانی پارس,IRO1OPAL0003,11749484356732328,استخراج کانه‌های فلزی,13,20000000000,1,177800000000000,1542.0,5.8,8890,8890,8890,8890,9060,8890,8890,-170,-1.88,8890,-170,-1.88,2,660,5867400,1,0,2,0,660,0,660,0,0,0,0,8890,140,1,0,0,0,0,0,0,0,0,0,0,0,0,0,0,0,0,0,0,0,0,0,0,0,0
12:54:59,بورس3,بورس اوراق بهادار تهران,IRO1BORS0003,12032707169263308,فعالیت‌های کمکی به نهادهای مالی واسط,67,24000000000,1,95496000000000,281.0,14.2,3979,3979,3979,3979,3872,3979,3979,107,2.76,3979,107,2.76,2,10000,39790000,1,0,2,0,10000,0,10000,0,26,6726208,3979,0,0,0,0,0,0,0,0,0,0,0,0,0,0,0,0,0,0,0,0,0,0,0,0,0,0,0
12:56:46,اردستان3,سیمان اردستان,IRO1ARDS0003,12491110820929615,سیمان، آهک و گچ,53,2270000000,1,66919600000000,4747.0,6.2,29480,29480,29480,29480,28740,29480,29480,740,2.57,29480,740,2.57,2,628,18513440,1,0,2,0,628,0,628,0,17,208498,29480,0,0,0,0,0,0,0,0,0,0,0,0,0,0,0,0,0,0,0,0,0,0,0,0,0,0,0
12:34:29,نهال2,صندوق س.کالای نوویرا,IRTKNAHL0002,16417568146230314,صندوق سرمایه‌گذاری قابل معامله,68,700000000,1,700000000,,,1,1,1,1,64396,1,1,-64395,-100.0,1,-64395,-100.0,2,900000,900000,0,1,0,1,0,900000,0,900000,0,0,0,0,0,0,0,0,0,0,0,0,0,0,0,0,0,0,0,0,0,0,0,0,0,0,0,0,0,0
12:56:34,غانیزان3,فرآورده های دامی ولبنی دالاهو,IRO1MNZN0003,20293906129792224,محصولات غذایی و آشامیدنی به جز قند و شکر,42,4885278236,1,34294653216720,744.0,9.4,7020,7020,7020,7020,6820,7020,7020,200,2.93,7020,200,2.93,2,151,1060020,1,0,2,0,151,0,151,0,37,6244839,7020,0,0,0,0,0,0,0,0,0,0,0,0,0,0,0,0,0,0,0,0,0,0,0,0,0,0,0
12:58:29,قشیر3,قند شیروان قوچان و بجنورد,IRO3GHSZ0003,24172920628097565,قند و شکر,38,778871856,1,9541180236000,1731.0,7.1,12250,12250,12250,12250,11910,12250,12250,340,2.85,12250,340,2.85,2,8988,110103000,2,0,1,0,8988,0,8988,0,0,0,0,12250,1012,1,0,0,0,0,0,0,0,0,0,0,0,0,0,0,0,0,0,0,0,0,0,0,0,0
12:59:42,مهر3,سرمایه گذاری مهر,IRO3MHRI0003,28295696926054253,سرمایه‌گذاری‌ها,56,6000000000,1,13530000000000,646.0,3.5,2255,2255,2255,2255,2319,2255,2255,-64,-2.76,2255,-64,-2.76,2,415,935825,1,0,2,0,415,0,415,0,1,1807,2255,0,0,0,0,0,0,0,0,0,0,0,0,0,0,0,0,0,0,0,0,0,0,0,0,0,0,0
12:54:20,فلامی3,لامیران,IRO1LAMI0003,28522629288512213,ساخت محصولات فلزی,28,1160000000,1,7888000000000,563.0,12.1,6800,6800,6800,6800,6980,6800,6800,-180,-2.58,6800,-180,-2.58,2,3901,26526800,1,0,2,0,3901,0,3901,0,1,196099,6800,0,0,0,0,0,0,0,0,0,0,0,0,0,0,0,0,0,0,0,0,0,0,0,0,0,0,0
12:55:07,فرآور3,فرآوری‌موادمعدنی‌ایران,IRO1FRVR0003,32614736362841960,فلزات اساسی,27,5000000000,1,29000000000000,301.0,19.3,5800,5800,5800,5800,5950,5800,5800,-150,-2.52,5800,-150,-2.52,2,30000,174000000,2,0,1,0,30000,0,30000,0,1,5720,5800,0,0,0,0,0,0,0,0,0,0,0,0,0,0,0,0,0,0,0,0,0,0,0,0,0,0,0
12:56:11,فسرب3,ملی‌ سرب‌وروی‌ ایران,IRO1SORB0003,34489082469167519,فلزات اساسی,27,11082120000,1,18850686120000,-81.0,-21.0,1701,1701,1701,1701,1672,1701,1701,29,1.73,1701,29,1.73,2,6055,10299555,1,0,2,0,6055,0,6055,0,4,541301,1701,0,0,0,0,0,0,0,0,0,0,0,0,0,0,0,0,0,0,0,0,0,0,0,0,0,0,0
13:26:03,گوهر2,صندوق س.کالای کیان,IRTKKIAN0002,35757908588761589,صندوق سرمایه‌گذاری قابل معامله,68,300000000,1,300000000,,,1,1,1,1,879750,1,1,-879749,-100.0,1,-879749,-100.0,2,50000,50000,0,1,0,1,0,50000,0,50000,0,0,0,0,0,0,0,0,0,0,0,0,0,0,0,0,0,0,0,0,0,0,0,0,0,0,0,0,0,0
12:57:10,وکار3,بانک‌ کارآفرین,IRO1KRAF0003,36210120445803868,بانک‌ها و موسسات اعتباری,57,94648643000,1,256213876601000,494.0,5.5,2707,2707,2707,2707,2741,2707,2707,-34,-1.24,2707,-34,-1.24,2,305000,825635000,1,0,1,0,305000,0,305000,0,6,669300,2707,0,0,0,0,0,0,0,0,0,0,0,0,0,0,0,0,0,0,0,0,0,0,0,0,0,0,0
11:15:19,سرو2,صندوق س سروسودمند مدبران-سهام,IRT1SARV0002,36273975537785965,صندوق سرمایه‌گذاری قابل معامله,68,2500000000,1,2500000000,,,1,1,1,1,27344,1,1,-27343,-100.0,1,-27343,-100.0,2,3000000,3000000,0,1,0,1,0,3000000,0,3000000,0,0,0,0,0,0,0,0,0,0,0,0,0,0,0,0,0,0,0,0,0,0,0,0,0,0,0,0,0,0
12:51:56,قمرو3,قند مرودشت,IRO1GMRO0003,36372427203775606,قند و شکر,38,5000000000,1,44800000000000,1812.0,4.9,8960,8960,8960,8960,9140,8960,8960,-180,-1.97,8960,-180,-1.97,2,9133,81831680,2,0,1,0,9133,0,9133,0,0,0,0,8960,897,1,0,0,0,0,0,0,0,0,0,0,0,0,0,0,0,0,0,0,0,0,0,0,0,0
12:51:30,غزر3,صنعتی زر ماکارون,IRO1ZARM0003,41250567677482189,محصولات غذایی و آشامیدنی به جز قند و شکر,42,43000000000,1,133816000000000,579.0,5.4,3112,3112,3112,3112,3024,3112,3112,88,2.91,3112,88,2.91,2,1714,5333968,1,0,2,0,1714,0,1714,0,28,7287297,3112,0,0,0,0,0,0,0,0,0,0,0,0,0,0,0,0,0,0,0,0,0,0,0,0,0,0,0
11:11:57,ابتکار2,صندوق س.پرتوابتکارهدف-س,IRT3ABTF0002,44028240495188776,صندوق سرمایه‌گذاری قابل معامله,68,200000000,1,200000000,,,1,1,1,1,14538,1,1,-14537,-99.99,1,-14537,-99.99,2,6400000,6400000,0,2,0,2,0,6400000,0,6400000,0,0,0,0,0,0,0,0,0,0,0,0,0,0,0,0,0,0,0,0,0,0,0,0,0,0,0,0,0,0
12:55:19,ثشاهد3,سرمایه‌ گذاری‌ شاهد,IRO1SAHD0003,44729747359596032,انبوه‌سازی، املاک و مستغلات,70,6290412000,1,50952337200000,477.0,17.0,8100,8100,8100,8100,7960,8100,8100,140,1.76,8100,140,1.76,2,7000,56700000,1,0,2,0,7000,0,7000,0,18,2151415,8100,0,0,0,0,0,0,0,0,0,0,0,0,0,0,0,0,0,0,0,0,0,0,0,0,0,0,0
12:54:09,پردیس3,سرمایه گذاری پردیس,IRO1AYEG0003,47915296881164515,سرمایه‌گذاری‌ها,56,10000000000,1,16940000000000,514.0,3.3,1694,1694,1694,1694,1709,1694,1694,-15,-0.88,1694,-15,-0.88,2,40000,67760000,1,1,1,0,10000,30000,40000,0,6,150000,1694,0,0,0,0,0,0,0,0,0,0,0,0,0,0,0,0,0,0,0,0,0,0,0,0,0,0,0
12:57:57,نیان3,نیان الکترونیک,IRO3NIAZ0003,48532473276927829,تولید محصولات کامپیوتری الکترونیکی و نوری,26,6244680000,1,32847016800000,1266.0,4.2,5260,5260,5260,5260,5120,5260,5260,140,2.73,5260,140,2.73,2,128,673280,1,0,2,0,128,0,128,0,2,179585,5260,0,0,0,0,0,0,0,0,0,0,0,0,0,0,0,0,0,0,0,0,0,0,0,0,0,0,0
12:59:11,کیسون3,شرکت کیسون,IRO3KSNP0003,49185475267044289,خدمات فنی و مهندسی,74,28000000000,1,36540000000000,165.0,7.9,1305,1305,1305,1305,1310,1305,1305,-5,-0.38,1305,-5,-0.38,2,8951,11681055,1,0,2,0,8951,0,8951,0,1,1049,1305,0,0,0,0,0,0,0,0,0,0,0,0,0,0,0,0,0,0,0,0,0,0,0,0,0,0,0
12:05:15,رز ترنج2,صندوق س.پشتوانه طلای رز,IRTKROSE0002,52072275543206224,صندوق سرمایه‌گذاری قابل معامله,68,4000000000,1,4000000000,,,1,1,1,1,22877,1,1,-22876,-100.0,1,-22876,-100.0,2,40000000,40000000,0,1,0,1,0,40000000,0,40000000,0,0,0,0,0,0,0,0,0,0,0,0,0,0,0,0,0,0,0,0,0,0,0,0,0,0,0,0,0,0
12:49:18,کاوه3,فولاد کاوه جنوب کیش,IRO1KVEH0003,52212680371338653,فلزات اساسی,27,61000000000,1,315370000000000,742.0,7.0,5170,5170,5170,5170,5110,5170,5170,60,1.17,5170,60,1.17,2,30000,155100000,2,0,1,0,30000,0,30000,0,85,15126360,5170,0,0,0,0,0,0,0,0,0,0,0,0,0,0,0,0,0,0,0,0,0,0,0,0,0,0,0
12:53:59,غسالم3,سالمین,IRO1SLMN0003,56920382113084873,محصولات غذایی و آشامیدنی به جز قند و شکر,42,6000000000,1,42180000000000,1102.0,6.4,7030,7030,7030,7030,6840,7030,7030,190,2.78,7030,190,2.78,2,23734,166850020,1,0,2,0,23734,0,23734,0,5,297693,7030,0,0,0,0,0,0,0,0,0,0,0,0,0,0,0,0,0,0,0,0,0,0,0,0,0,0,0
12:59:51,خیمن3,ایمن خودرو شرق,IRO3IKSZ0003,58695040447675899,خودرو و ساخت قطعات,34,7000000000,1,19264000000000,635.0,4.3,2752,2752,2752,2752,2773,2752,2752,-21,-0.76,2752,-21,-0.76,2,848,2333696,1,0,2,0,848,0,848,0,1,99152,2752,0,0,0,0,0,0,0,0,0,0,0,0,0,0,0,0,0,0,0,0,0,0,0,0,0,0,0
10:19:02,شیران2,س. صنایع‌شیمیایی‌ایران,IRO1SSIN0002,59750654860162208,محصولات شیمیایی,44,54433650000,1,403026744600000,1012.0,7.3,7072,7508,7350,7420,7290,7420,7350,60,0.82,7404,114,1.56,2,13000000,96250000000,0,2,0,2,0,13000000,0,13000000,0,0,0,0,0,0,0,0,0,0,0,0,0,0,0,0,0,0,0,0,0,0,0,0,0,0,0,0,0,0
13:28:07,آکورد2,صندوق س. آرمان آتی کوثر-د,IRT3FKOF0002,61218005473404311,صندوق سرمایه‌گذاری قابل معامله,68,800000000,1,800000000,,,1,1,1,1,113057,1,1,-113056,-100.0,1,-113056,-100.0,2,20000000,20000000,0,1,0,1,0,20000000,0,20000000,0,0,0,0,0,0,0,0,0,0,0,0,0,0,0,0,0,0,0,0,0,0,0,0,0,0,0,0,0,0
11:27:28,کاریز2,بیمه زندگی کاریزما,IRO7CMIZ0002,62997684185332544,بیمه و صندوق بازنشستگی به جز تامین اجتماعی,66,2400000000,1,26976000000000,1097.0,10.2,10593,11247,11240,11240,10920,11240,11240,320,2.93,11240,320,2.93,2,27000000,303480000000,0,2,0,2,0,27000000,0,27000000,0,0,0,0,0,0,0,0,0,0,0,0,0,0,0,0,0,0,0,0,0,0,0,0,0,0,0,0,0,0
11:24:03,تیام2,صندوق س.سهامی تیام-س,IRT3TIMF0002,63614644261600196,صندوق سرمایه‌گذاری قابل معامله,68,1000000000,1,1000000000,,,1,1,1,1,19118,1,1,-19117,-99.99,1,-19117,-99.99,2,3370000,3370000,0,2,0,2,0,3370000,0,3370000,0,0,0,0,0,0,0,0,0,0,0,0,0,0,0,0,0,0,0,0,0,0,0,0,0,0,0,0,0,0
12:08:12,زرفام2,صندوق س.کالای آشنا,IRTKZFAM0002,63946543522627720,صندوق سرمایه‌گذاری قابل معامله,68,1000000000,1,1000000000,,,1,1,1,1,136437,1,1,-136436,-100.0,1,-136436,-100.0,2,200000,200000,0,1,0,1,0,200000,0,200000,0,0,0,0,0,0,0,0,0,0,0,0,0,0,0,0,0,0,0,0,0,0,0,0,0,0,0,0,0,0
12:51:30,وسینا3,بانک سینا,IRO1VSIN0003,64638641624163007,بانک‌ها و موسسات اعتباری,57,78134333000,1,177833741908000,657.0,3.5,2276,2276,2276,2276,2296,2276,2276,-20,-0.87,2276,-20,-0.87,2,386607,879917532,1,0,2,0,386607,0,386607,0,28,8531681,2276,0,0,0,0,0,0,0,0,0,0,0,0,0,0,0,0,0,0,0,0,0,0,0,0,0,0,0
12:06:38,ولانا,شرکت لیزینگ آریا دانا,IRO7VLNP0001,66830065858417081,سایر واسطه‌گری‌های مالی,58,100000000,1,2735000000000,-53.0,-516.0,25850,27350,27350,27350,26600,27350,27350,750,2.82,27350,750,2.82,2,4000,109400000,1,0,2,0,4000,0,4000,0,9,260940,27350,0,0,0,1,25000,25850,0,0,0,0,0,0,0,0,0,0,0,0,0,0,0,0,0,0,0,0,0
12:59:40,زشریف3,کشت وصنعت شریف آباد,IRO3SAAZ0003,67554604946486301,زراعت و خدمات وابسته,1,2404787000,1,32007714970000,1850.0,7.2,13310,13310,13310,13310,12940,13310,13310,370,2.86,13310,370,2.86,2,383,5097730,1,0,2,0,383,0,383,0,10,751017,13310,0,0,0,0,0,0,0,0,0,0,0,0,0,0,0,0,0,0,0,0,0,0,0,0,0,0,0
12:59:41,وکغدیر3,بین المللی توسعه ص. معادن غدیر,IRO1TMGD0003,70357306059597129,شرکت‌های چند رشته‌ای صنعتی,39,100000000000,1,320000000000000,193.0,16.6,3200,3200,3200,3200,3267,3200,3200,-67,-2.05,3200,-67,-2.05,2,5080,16256000,0,1,2,0,0,5080,5080,0,50,19994920,3200,0,0,0,0,0,0,0,0,0,0,0,0,0,0,0,0,0,0,0,0,0,0,0,0,0,0,0
12:59:57,ولتجار3,واسپاری تجارایرانیان,IRO3GSIP0003,70950455017573298,سایر واسطه‌گری‌های مالی,58,5291193000,1,12963422850000,173.0,14.2,2450,2450,2450,2450,2495,2450,2450,-45,-1.8,2450,-45,-1.8,2,4200,10290000,1,0,1,0,4200,0,4200,0,1,32401,2450,0,0,0,0,0,0,0,0,0,0,0,0,0,0,0,0,0,0,0,0,0,0,0,0,0,0,0
12:57:40,فغدیر3,آهن و فولاد غدیر ایرانیان,IRO3GIRZ0003,2552436689742449,فلزات اساسی,27,42000000000,1,184590000000000,600.0,7.3,4395,4395,4395,4395,4530,4395,4395,-135,-2.98,4395,-135,-2.98,1,1200,5274000,1,0,1,0,1200,0,1200,0,0,0,0,4395,468800,3,0,0,0,0,0,0,0,0,0,0,0,0,0,0,0,0,0,0,0,0,0,0,0,0
12:53:13,واتی3,سرمایه‌ گذاری‌ آتیه‌ دماوند,IRO1ATDM0003,4376515674138628,سرمایه‌گذاری‌ها,56,15300000000,1,76500000000000,521.0,9.6,5000,5000,5000,5000,5017,5000,5000,-17,-0.34,5000,-17,-0.34,1,10000,50000000,1,0,1,0,10000,0,10000,0,0,0,0,5000,590000,3,0,0,0,0,0,0,0,0,0,0,0,0,0,0,0,0,0,0,0,0,0,0,0,0
12:50:45,سکرما3,سیمان‌ کرمان,IRO1SKER0003,4998669738488897,سیمان، آهک و گچ,53,1500000000,1,110670000000000,8381.0,8.8,73780,73780,73780,73780,75420,73780,73780,-1640,-2.17,73780,-1640,-2.17,1,1000,73780000,1,0,1,0,1000,0,1000,0,0,0,0,73780,41683,6,0,0,0,0,0,0,0,0,0,0,0,0,0,0,0,0,0,0,0,0,0,0,0,0
12:55:54,شهر3,گروه مالی شهر,IRO1GMSH0003,5160189347182842,سرمایه‌گذاری‌ها,56,50000000000,1,82000000000000,271.0,6.1,1640,1640,1640,1640,1672,1640,1640,-32,-1.91,1640,-32,-1.91,1,5270,8642800,1,0,1,0,5270,0,5270,0,2,11849,1640,0,0,0,0,0,0,0,0,0,0,0,0,0,0,0,0,0,0,0,0,0,0,0,0,0,0,0
13:10:58,پایش2,صندوق س.درآمد ثابت دینا-د,IRT3PASF0002,6669895329401799,صندوق سرمایه‌گذاری قابل معامله,68,2000000000,1,2000000000,,,1,1,1,1,19152,1,1,-19151,-99.99,1,-19151,-99.99,1,4000000,4000000,0,1,0,1,0,4000000,0,4000000,0,0,0,0,0,0,0,0,0,0,0,0,0,0,0,0,0,0,0,0,0,0,0,0,0,0,0,0,0,0
12:48:19,وگردش3,بانک گردشگری,IRO3GRDZ0003,7409578512174751,بانک‌ها و موسسات اعتباری,57,159450000000,1,161363400000000,504.0,2.0,1012,1012,1012,1012,983,1012,1012,29,2.95,1012,29,2.95,1,50000,50600000,1,0,1,0,50000,0,50000,0,63,47183941,1012,0,0,0,0,0,0,0,0,0,0,0,0,0,0,0,0,0,0,0,0,0,0,0,0,0,0,0
10:55:36,ارمغان2,ص سرمایه گذاری ارمغان ایرانیان,IRT1ARGH0002,7907432614475432,صندوق سرمایه‌گذاری قابل معامله,68,5000000000,1,5000000000,,,1,1,1,1,10262,1,1,-10261,-99.99,1,-10261,-99.99,1,100000000,100000000,0,1,0,1,0,100000000,0,100000000,0,0,0,0,0,0,0,0,0,0,0,0,0,0,0,0,0,0,0,0,0,0,0,0,0,0,0,0,0,0
12:12:28,پیروز2,صندوق س.سهامی امین نهایت نگر-س,IRT3NHYF0002,8261711970337244,صندوق سرمایه‌گذاری قابل معامله,68,1000000000,1,1000000000,,,1,1,1,1,17525,1,1,-17524,-99.99,1,-17524,-99.99,1,2556000,2556000,0,1,0,1,0,2556000,0,2556000,0,0,0,0,0,0,0,0,0,0,0,0,0,0,0,0,0,0,0,0,0,0,0,0,0,0,0,0,0,0
12:59:19,کگهر3,معدنی و صنعتی گهرزمین,IRO3GZIZ0003,9360656247065901,استخراج کانه‌های فلزی,13,210000000000,1,1089900000000000,752.0,6.9,5190,5190,5190,5190,5350,5190,5190,-160,-2.99,5190,-160,-2.99,1,100000,519000000,1,0,0,1,100000,0,0,100000,0,0,0,5190,9900000,50,0,0,0,0,0,0,0,0,0,0,0,0,0,0,0,0,0,0,0,0,0,0,0,0
09:53:43,کارا2,صندوق س. کارا -د,IRT3KARF0002,10368700486623325,صندوق سرمایه‌گذاری قابل معامله,68,15500000000,1,15500000000,,,1,1,1,1,33584,1,1,-33583,-100.0,1,-33583,-100.0,1,9300000,9300000,0,1,0,1,0,9300000,0,9300000,0,0,0,0,0,0,0,0,0,0,0,0,0,0,0,0,0,0,0,0,0,0,0,0,0,0,0,0,0,0
12:54:52,شفارس3,صنایع‌ شیمیایی‌ فارس,IRO1SHFS0003,10738897598547398,محصولات شیمیایی,44,11939454000,1,18541972062000,172.0,9.0,1553,1553,1553,1553,1513,1553,1553,40,2.64,1553,40,2.64,1,22000,34166000,1,0,1,0,22000,0,22000,0,24,6753344,1553,0,0,0,0,0,0,0,0,0,0,0,0,0,0,0,0,0,0,0,0,0,0,0,0,0,0,0
12:48:28,شاراک3,پتروشیمی شازند,IRO1PARK0003,11438521484460093,محصولات شیمیایی,44,17000000000,1,244290000000000,1834.0,7.8,14370,14370,14370,14370,13960,14370,14370,410,2.94,14370,410,2.94,1,500,7185000,1,0,1,0,500,0,500,0,15,291793,14370,0,0,0,0,0,0,0,0,0,0,0,0,0,0,0,0,0,0,0,0,0,0,0,0,0,0,0
12:56:33,خکمک3,کمک‌فنرایندامین,IRO1INDM0003,12547297802248766,خودرو و ساخت قطعات,34,4072453300,1,8381108891400,24.0,85.8,2058,2058,2058,2058,2050,2058,2058,8,0.39,2058,8,0.39,1,10000,20580000,1,0,1,0,10000,0,10000,0,0,0,0,0,0,0,0,0,0,0,0,0,0,0,0,0,0,0,0,0,0,0,0,0,0,0,0,0,0,0
12:57:36,شمس3,تولید انرژی برق شمس پاسارگاد,IRO3SMSZ0003,13354246340288764,عرضه برق، گاز، بخار و آب گرم,40,4000000000,1,22240000000000,778.0,7.1,5560,5560,5560,5560,5539,5560,5560,21,0.38,5560,21,0.38,1,234,1301040,1,0,1,0,234,0,234,0,1,2296,5560,0,0,0,0,0,0,0,0,0,0,0,0,0,0,0,0,0,0,0,0,0,0,0,0,0,0,0
12:49:03,بموتو3,موتوژن,IRO1MOTJ0003,13408155969693996,ماشین‌آلات و دستگاه‌های برقی,31,26000000000,1,59176000000000,441.0,5.2,2276,2276,2276,2276,2215,2276,2276,61,2.75,2276,61,2.75,1,17,38692,1,0,1,0,17,0,17,0,6,322285,2276,0,0,0,0,0,0,0,0,0,0,0,0,0,0,0,0,0,0,0,0,0,0,0,0,0,0,0
12:58:34,وآوا3,سرمایه گذاری آوا نوین,IRO3ANIZ0003,14106129690704599,سرمایه‌گذاری‌ها,56,3320000000,1,6902280000000,202.0,10.3,2079,2079,2079,2079,2128,2079,2079,-49,-2.3,2079,-49,-2.3,1,2500,5197500,1,0,1,0,2500,0,2500,0,0,0,0,2079,8724,2,0,0,0,0,0,0,0,0,0,0,0,0,0,0,0,0,0,0,0,0,0,0,0,0
12:54:22,سلیم3,سرمایه گذاری سلیم,IRO3SLIM0003,14695212455209656,سرمایه‌گذاری‌ها,56,18759000000,1,19040385000000,274.0,3.7,1015,1015,1015,1015,1002,1015,1015,13,1.3,1015,13,1.3,1,10000,10150000,1,0,1,0,10000,0,10000,0,4,86000,1015,0,0,0,0,0,0,0,0,0,0,0,0,0,0,0,0,0,0,0,0,0,0,0,0,0,0,0
12:56:00,خبرنا3,تولیدی برنا باطری,IRO3BRNZ0003,14920436074988163,خودرو و ساخت قطعات,34,5000000000,1,32200000000000,1244.0,5.2,6440,6440,6440,6440,6360,6440,6440,80,1.26,6440,80,1.26,1,518,3335920,0,1,1,0,0,518,518,0,80,15027673,6440,0,0,0,0,0,0,0,0,0,0,0,0,0,0,0,0,0,0,0,0,0,0,0,0,0,0,0
12:02:30,اعتبار2,صندوق س. نوع دوم اعتبار-د,IRT3ETBF0002,15519769256883158,صندوق سرمایه‌گذاری قابل معامله,68,2000000000,1,2000000000,,,1,1,1,1,26697,1,1,-26696,-100.0,1,-26696,-100.0,1,5853626,5853626,0,1,0,1,0,5853626,0,5853626,0,0,0,0,0,0,0,0,0,0,0,0,0,0,0,0,0,0,0,0,0,0,0,0,0,0,0,0,0,0
12:48:04,قرن3,پدیده شیمی قرن,IRO1GARN0003,16452902450894786,محصولات شیمیایی,44,17000000000,1,224740000000000,1314.0,10.1,13220,13220,13220,13220,12900,13220,13220,320,2.48,13220,320,2.48,1,2000,26440000,1,0,1,0,2000,0,2000,0,6,32992,13220,0,0,0,0,0,0,0,0,0,0,0,0,0,0,0,0,0,0,0,0,0,0,0,0,0,0,0
08:32:17,کامیاب2,صندوق س. کامیاب آشنا-د,IRT3KAAF0002,17880257387458062,صندوق سرمایه‌گذاری قابل معامله,68,2530000000,1,2530000000,,,1,1,1,1,35265,1,1,-35264,-100.0,1,-35264,-100.0,1,1000000,1000000,0,1,0,1,0,1000000,0,1000000,0,0,0,0,0,0,0,0,0,0,0,0,0,0,0,0,0,0,0,0,0,0,0,0,0,0,0,0,0,0
12:13:26,ثروین2,صندوق س.موج گستر ثروت-س,IRT3SRIF0002,18192815342457384,صندوق سرمایه‌گذاری قابل معامله,68,150000000,1,150000000,,,1,1,1,1,10316,1,1,-10315,-99.99,1,-10315,-99.99,1,4000000,4000000,0,1,0,1,0,4000000,0,4000000,0,0,0,0,0,0,0,0,0,0,0,0,0,0,0,0,0,0,0,0,0,0,0,0,0,0,0,0,0,0
11:37:01,دکیمی2,کیمیدارو,IRO1KIMI0002,19292344524682984,مواد و محصولات دارویی,43,576000000,1,13069440000000,1595.0,14.2,21370,22690,22690,22690,22030,22690,22690,660,3.0,22690,660,3.0,1,3500000,79415000000,0,1,0,1,0,3500000,0,3500000,0,0,0,0,0,0,0,0,0,0,0,0,0,0,0,0,0,0,0,0,0,0,0,0,0,0,0,0,0,0
08:40:55,بلوط2,صندوق س شکوه بامداد زاگرس-ثابت,IRT1BLOT0002,19452192920639600,صندوق سرمایه‌گذاری قابل معامله,68,1000000000,1,1000000000,,,1,1,1,1,10248,1,1,-10247,-99.99,1,-10247,-99.99,1,525226,525226,0,1,0,1,0,525226,0,525226,0,0,0,0,0,0,0,0,0,0,0,0,0,0,0,0,0,0,0,0,0,0,0,0,0,0,0,0,0,0
12:50:40,سدبیر3,س. تدبیرگران فارس وخوزستان,IRO3DBRZ0003,20667015724230210,سرمایه‌گذاری‌ها,56,250000000,1,6775000000000,-563.0,-48.1,27100,27100,27100,27100,26750,27100,27100,350,1.31,27100,350,1.31,1,2000,54200000,1,0,1,0,2000,0,2000,0,1,2000,27100,0,0,0,0,0,0,0,0,0,0,0,0,0,0,0,0,0,0,0,0,0,0,0,0,0,0,0
12:54:35,فرابورس3,فرابورس ایران,IRO3FRBZ0003,21492040057001953,فعالیت‌های کمکی به نهادهای مالی واسط,67,15800000000,1,74876200000000,295.0,16.1,4739,4739,4739,4739,4748,4739,4739,-9,-0.19,4739,-9,-0.19,1,10000,47390000,1,0,1,0,10000,0,10000,0,21,2194026,4739,0,0,0,0,0,0,0,0,0,0,0,0,0,0,0,0,0,0,0,0,0,0,0,0,0,0,0
12:59:19,بمولد3,مولد نیروگاهی تجارت فارس,IRO3FTJZ0003,22767642318870188,عرضه برق، گاز، بخار و آب گرم,40,8471000000,1,43879780000000,672.0,7.7,5180,5180,5180,5180,5040,5180,5180,140,2.78,5180,140,2.78,1,353,1828540,1,0,1,0,353,0,353,0,8,131680,5180,0,0,0,0,0,0,0,0,0,0,0,0,0,0,0,0,0,0,0,0,0,0,0,0,0,0,0
12:59:00,فنوال3,نورد آلومینیوم,IRO1NALM0003,23195060136357594,فلزات اساسی,27,11447107000,1,82533641470000,1086.0,6.6,7210,7210,7210,7210,7000,7210,7210,210,3.0,7210,210,3.0,1,5000,36050000,0,1,1,0,0,5000,5000,0,156,30996000,7210,0,0,0,0,0,0,0,0,0,0,0,0,0,0,0,0,0,0,0,0,0,0,0,0,0,0,0
12:59:55,شرانل3,نفت ایرانول,IRO3NOLZ0003,25898309006820988,فراورده‌های نفتی، کک و سوخت هسته‌ای,23,6000000000,1,431400000000000,10561.0,6.8,71900,71900,71900,71900,70000,71900,71900,1900,2.71,71900,1900,2.71,1,1000,71900000,1,0,1,0,1000,0,1000,0,9,175138,71900,0,0,0,0,0,0,0,0,0,0,0,0,0,0,0,0,0,0,0,0,0,0,0,0,0,0,0
12:58:08,فاراک3,ماشین‌ سازی‌ اراک,IRO1MARK0003,26657289776837276,ساخت محصولات فلزی,28,26820046000,1,36689822928000,457.0,3.0,1368,1368,1368,1368,1330,1368,1368,38,2.86,1368,38,2.86,1,5000,6840000,1,0,1,0,5000,0,5000,0,15,4620000,1368,0,0,0,0,0,0,0,0,0,0,0,0,0,0,0,0,0,0,0,0,0,0,0,0,0,0,0
12:57:14,پیزد3,مجتمع صنایع لاستیک یزد,IRO3YZTZ0003,27127632026386750,لاستیک و پلاستیک,25,9395000000,1,39562345000000,599.0,7.0,4211,4211,4211,4211,4257,4211,4211,-46,-1.08,4211,-46,-1.08,1,239,1006429,1,0,1,0,239,0,239,0,1,14761,4211,0,0,0,0,0,0,0,0,0,0,0,0,0,0,0,0,0,0,0,0,0,0,0,0,0,0,0
12:48:43,سامان3,بانک سامان,IRO3BSAP0003,27195136156956847,بانک‌ها و موسسات اعتباری,57,158000000000,1,706102000000000,588.0,7.6,4469,4469,4469,4469,4340,4469,4469,129,2.97,4469,129,2.97,1,13,58097,1,0,1,0,13,0,13,0,22,4282099,4469,0,0,0,0,0,0,0,0,0,0,0,0,0,0,0,0,0,0,0,0,0,0,0,0,0,0,0
12:08:03,ثمین2,صندوق س. ثروت افزون ثمین-س,IRT3SAEF0002,27510897859289217,صندوق سرمایه‌گذاری قابل معامله,68,500000000,1,500000000,,,1,1,1,1,45981,1,1,-45980,-100.0,1,-45980,-100.0,1,3000000,3000000,0,1,0,1,0,3000000,0,3000000,0,0,0,0,0,0,0,0,0,0,0,0,0,0,0,0,0,0,0,0,0,0,0,0,0,0,0,0,0,0
11:54:51,ثروت,ص.خ.ثروت آفرین فیروزه,IRT3PC020001,27812005859539773,صندوق سرمایه‌گذاری قابل معامله,68,1000000,1,999079000000,,,817429,999079,999079,999079,908254,999079,999079,90825,10.0,999079,90825,10.0,1,1000,999079000,1,0,1,0,1000,0,1000,0,0,0,0,0,0,0,0,0,0,0,0,0,0,0,0,0,0,0,0,0,0,0,0,0,0,0,0,0,0,0
11:13:26,وصنا2,گروه‌صنایع‌بهشهرایران,IRO1GBEH0002,29064731275980690,سرمایه‌گذاری‌ها,56,11650000000,1,28460950000000,713.0,3.4,2370,2516,2443,2443,2443,2443,2443,0,0.0,2443,0,0.0,1,50000000,122150000000,0,1,0,1,0,50000000,0,50000000,0,0,0,0,0,0,0,0,0,0,0,0,0,0,0,0,0,0,0,0,0,0,0,0,0,0,0,0,0,0
12:52:21,بجهرم3,توسعه مولد نیروگاهی جهرم,IRO3JPPZ0003,29338996888852015,عرضه برق، گاز، بخار و آب گرم,40,36545332082,1,71957758869458,331.0,5.9,1969,1969,1969,1969,1989,1969,1969,-20,-1.01,1969,-20,-1.01,1,998,1965062,1,0,1,0,998,0,998,0,4,621207,1969,0,0,0,0,0,0,0,0,0,0,0,0,0,0,0,0,0,0,0,0,0,0,0,0,0,0,0
12:49:58,تاصیکو3,سرمایه گذاری صدرتامین,IRO1SADR0003,29533952369848076,استخراج کانه‌های فلزی,13,95500000000,1,1168920000000000,783.0,15.6,12240,12240,12240,12240,12030,12240,12240,210,1.75,12240,210,1.75,1,500,6120000,1,0,1,0,500,0,500,0,506,47590303,12240,0,0,0,0,0,0,0,0,0,0,0,0,0,0,0,0,0,0,0,0,0,0,0,0,0,0,0
12:59:35,لابسا3,آبسال,IRO1ASAL0003,29574114458408702,ماشین‌آلات و تجهیزات,29,4860000000,1,18706140000000,244.0,15.8,3849,3849,3849,3849,3952,3849,3849,-103,-2.61,3849,-103,-2.61,1,1000,3849000,1,0,1,0,1000,0,1000,0,1,13319,3849,0,0,0,0,0,0,0,0,0,0,0,0,0,0,0,0,0,0,0,0,0,0,0,0,0,0,0
13:26:07,یاقوت2,صندوق س یاقوت آگاه-ثابت,IRT1YGHT0002,29884261753438378,صندوق سرمایه‌گذاری قابل معامله,68,13000000000,1,13000000000,,,1,1,1,1,42662,1,1,-42661,-100.0,1,-42661,-100.0,1,53444000,53444000,0,1,0,1,0,53444000,0,53444000,0,0,0,0,0,0,0,0,0,0,0,0,0,0,0,0,0,0,0,0,0,0,0,0,0,0,0,0,0,0
12:43:25,اخابر2,مخابرات ایران,IRO1MKBT0002,30253077234045270,مخابرات,64,960511331644,1,518676119087760,50.0,10.8,528,560,540,540,544,540,540,-4,-0.74,540,-4,-0.74,1,580000000,313200000000,1,0,0,1,580000000,0,0,580000000,0,0,0,0,0,0,0,0,0,0,0,0,0,0,0,0,0,0,0,0,0,0,0,0,0,0,0,0,0,0
10:51:07,انار2,صندوق س.انارنماد ارزش-درسهام,IRT1ANAR0002,30501058473529647,صندوق سرمایه‌گذاری قابل معامله,68,500000000,1,500000000,,,1,1,1,1,31939,1,1,-31938,-100.0,1,-31938,-100.0,1,1000000,1000000,0,1,0,1,0,1000000,0,1000000,0,0,0,0,0,0,0,0,0,0,0,0,0,0,0,0,0,0,0,0,0,0,0,0,0,0,0,0,0,0
09:14:59,مروارید,صندوق س. مروارید آتا-س,IRT3MBEF0001,31248540252187559,صندوق سرمایه‌گذاری قابل معامله,68,100000000,1,1349400000000,,,12974,13776,13494,13494,13375,13494,13494,119,0.89,13494,119,0.89,1,200,2698800,1,0,1,0,200,0,200,0,2,15000,13226,13494,6788,1,1,20000,13101,13510,20000,1,1,1000,12974,13776,21331,1,1,600,12239,0,0,0,0,0,0,0,0,0
11:37:35,ثنا2,صندوق س.زرین نهال ثنا-س,IRT3ZNSF0002,33015368452269758,صندوق سرمایه‌گذاری قابل معامله,68,100000000,1,100000000,,,1,1,1,1,29929,1,1,-29928,-100.0,1,-29928,-100.0,1,170000,170000,0,1,0,1,0,170000,0,170000,0,0,0,0,0,0,0,0,0,0,0,0,0,0,0,0,0,0,0,0,0,0,0,0,0,0,0,0,0,0
12:49:00,غشان3,شیرپاستوریزه‌پگاه‌خراسان,IRO1SPKH0003,33429141876094030,محصولات غذایی و آشامیدنی به جز قند و شکر,42,2363000000,1,14390670000000,983.0,6.2,6090,6090,6090,6090,6010,6090,6090,80,1.33,6090,80,1.33,1,5000,30450000,1,0,1,0,5000,0,5000,0,11,410900,6090,0,0,0,0,0,0,0,0,0,0,0,0,0,0,0,0,0,0,0,0,0,0,0,0,0,0,0
12:52:25,الکتروماد3,صنایع الکترونیک مادیران,IRO3MAAZ0003,33572783159887732,ماشین‌آلات و تجهیزات,29,9000000000,1,27963000000000,876.0,3.5,3107,3107,3107,3107,3042,3107,3107,65,2.14,3107,65,2.14,1,579,1798953,1,0,1,0,579,0,579,0,2,14421,3107,0,0,0,0,0,0,0,0,0,0,0,0,0,0,0,0,0,0,0,0,0,0,0,0,0,0,0
11:07:11,پناه2,صندوق س.بخشی شایسته فردا-ب,IRT3PNHF0002,33903462343209810,صندوق سرمایه‌گذاری قابل معامله,68,200000000,1,200000000,,,1,1,1,1,18766,1,1,-18765,-99.99,1,-18765,-99.99,1,5230000,5230000,0,1,0,1,0,5230000,0,5230000,0,0,0,0,0,0,0,0,0,0,0,0,0,0,0,0,0,0,0,0,0,0,0,0,0,0,0,0,0,0
10:52:05,بورس2,بورس اوراق بهادار تهران,IRO1BORS0002,34155263282704916,فعالیت‌های کمکی به نهادهای مالی واسط,67,24000000000,1,95712000000000,281.0,14.2,3756,3988,3988,3988,3872,3988,3988,116,3.0,3988,116,3.0,1,33164834,132261357992,0,1,0,1,0,33164834,0,33164834,0,0,0,0,0,0,0,0,0,0,0,0,0,0,0,0,0,0,0,0,0,0,0,0,0,0,0,0,0,0
12:15:09,تاراز2,صندوق س آوای تاراز زاگرس-سهام,IRT1TRAZ0002,34539190646780083,صندوق سرمایه‌گذاری قابل معامله,68,500000000,1,500000000,,,1,1,1,1,32571,1,1,-32570,-100.0,1,-32570,-100.0,1,117365,117365,0,1,0,1,0,117365,0,117365,0,0,0,0,0,0,0,0,0,0,0,0,0,0,0,0,0,0,0,0,0,0,0,0,0,0,0,0,0,0
10:36:45,زکشت2,کشاورزی مکانیزه اصفهان کشت,IRO3IKAZ0002,35832249825976722,زراعت و خدمات وابسته,1,1500000000,1,26535000000000,2952.0,6.0,16665,17695,17690,17690,17180,17690,17690,510,2.97,17690,510,2.97,1,10000000,176900000000,0,1,0,1,0,10000000,0,10000000,0,0,0,0,0,0,0,0,0,0,0,0,0,0,0,0,0,0,0,0,0,0,0,0,0,0,0,0,0,0
12:54:39,لطیف3,محصولات کاغذی لطیف,IRO3LPCZ0003,36499839999966933,محصولات کاغذی,21,6198659000,1,17821144625000,239.0,12.0,2875,2875,2875,2875,2805,2875,2875,70,2.5,2875,70,2.5,1,278,799250,1,0,1,0,278,0,278,0,1,19722,2875,0,0,0,0,0,0,0,0,0,0,0,0,0,0,0,0,0,0,0,0,0,0,0,0,0,0,0
12:59:27,سیمرغ3,سیمرغ,IRO1SMRG0003,37520527106122835,زراعت و خدمات وابسته,1,29194691000,1,83642789715000,312.0,9.2,2865,2865,2865,2865,2794,2865,2865,71,2.54,2865,71,2.54,1,11299,32371635,1,0,1,0,11299,0,11299,0,10,1219247,2865,0,0,0,0,0,0,0,0,0,0,0,0,0,0,0,0,0,0,0,0,0,0,0,0,0,0,0
11:47:05,رویش همراه2,صندوق س رویش همراه سرمایه-سهام,IRT1RYSH0002,39354015400238252,صندوق سرمایه‌گذاری قابل معامله,68,100000000,1,100000000,,,1,1,1,1,16420,1,1,-16419,-99.99,1,-16419,-99.99,1,700000,700000,0,1,0,1,0,700000,0,700000,0,0,0,0,0,0,0,0,0,0,0,0,0,0,0,0,0,0,0,0,0,0,0,0,0,0,0,0,0,0
12:23:23,لطیف2,محصولات کاغذی لطیف,IRO3LPCZ0002,40245805706034169,محصولات کاغذی,21,6198659000,1,17907925851000,239.0,12.1,2721,2889,2889,2889,2805,2889,2889,84,2.99,2889,84,2.99,1,7000000,20223000000,0,1,0,1,0,7000000,0,7000000,0,0,0,0,0,0,0,0,0,0,0,0,0,0,0,0,0,0,0,0,0,0,0,0,0,0,0,0,0,0
12:56:49,دپارس3,پارس‌ دارو,IRO1PDRO0003,41144123112442385,مواد و محصولات دارویی,43,2450000000,1,88690000000000,4640.0,7.8,36200,36200,36200,36200,35290,36200,36200,910,2.58,36200,910,2.58,1,140,5068000,0,1,1,0,0,140,140,0,26,2053160,36200,0,0,0,0,0,0,0,0,0,0,0,0,0,0,0,0,0,0,0,0,0,0,0,0,0,0,0
12:49:53,خرینگ3,رینگ‌سازی‌مشهد,IRO1RINM0003,41616216726277861,خودرو و ساخت قطعات,34,1000000000,1,10830000000000,880.0,12.3,10830,10830,10830,10830,10860,10830,10830,-30,-0.28,10830,-30,-0.28,1,12711,137660130,1,0,1,0,12711,0,12711,0,16,292265,10830,0,0,0,0,0,0,0,0,0,0,0,0,0,0,0,0,0,0,0,0,0,0,0,0,0,0,0
12:52:20,کماسه3,تامین‌ ماسه‌ ریخته‌گری,IRO1TAMI0003,42774626900888998,استخراج سایر معادن,14,6000000000,1,14070000000000,263.0,8.9,2345,2345,2345,2345,2386,2345,2345,-41,-1.72,2345,-41,-1.72,1,3000,7035000,1,0,1,0,3000,0,3000,0,7,482000,2345,0,0,0,0,0,0,0,0,0,0,0,0,0,0,0,0,0,0,0,0,0,0,0,0,0,0,0
11:01:36,ولقمان2,گروه سرمایه گذاری لقمان,IRO7LOIP0002,42800652722333289,سرمایه‌گذاری‌ها,56,5430600000,1,14190157800000,247.0,10.6,2535,2691,2613,2613,2613,2613,2613,0,0.0,2613,0,0.0,1,23200000,60621600000,0,1,0,1,0,23200000,0,23200000,0,0,0,0,0,0,0,0,0,0,0,0,0,0,0,0,0,0,0,0,0,0,0,0,0,0,0,0,0,0
11:48:51,یکم2,صندوق س. درسهام اطلس-س,IRT3YKMF0002,43150470806840731,صندوق سرمایه‌گذاری قابل معامله,68,400000000,1,400000000,,,1,1,1,1,10157,1,1,-10156,-99.99,1,-10156,-99.99,1,500000,500000,0,1,0,1,0,500000,0,500000,0,0,0,0,0,0,0,0,0,0,0,0,0,0,0,0,0,0,0,0,0,0,0,0,0,0,0,0,0,0
12:48:10,وتوصا3,گروه س توسعه صنعتی ایران,IRO1TOSA0003,43648999871661146,سرمایه‌گذاری‌ها,56,35000000000,1,62650000000000,673.0,2.7,1790,1790,1790,1790,1747,1790,1790,43,2.46,1790,43,2.46,1,278524,498557960,1,0,1,0,278524,0,278524,0,12,2211476,1790,0,0,0,0,0,0,0,0,0,0,0,0,0,0,0,0,0,0,0,0,0,0,0,0,0,0,0
12:03:11,دعبید2,لابراتوارداروسازی‌  دکترعبیدی,IRO1ABDI0002,44573833355728012,مواد و محصولات دارویی,43,56000000000,1,627760000000000,1090.0,10.3,10564,11216,11210,11210,10890,11210,11210,320,2.94,11210,320,2.94,1,550000000,6165500000000,0,1,0,1,0,550000000,0,550000000,0,0,0,0,0,0,0,0,0,0,0,0,0,0,0,0,0,0,0,0,0,0,0,0,0,0,0,0,0,0
09:10:40,تفیرو,مهندسی فیروزا,IRO7FROP0001,45062188442385800,ماشین‌آلات و تجهیزات,29,12000000,1,2159400000000,1358.0,132.5,172950,179950,179950,179950,176450,179950,179950,3500,1.98,179950,3500,1.98,1,1,179950,1,0,1,0,1,0,1,0,9,55081,179950,0,0,0,2,50000,176450,0,0,0,3,50500,173000,0,0,0,0,0,0,0,0,0,0,0,0,0,0,0
12:56:16,غشهد3,شهد ایران,IRO1SHAD0003,45351719508336831,محصولات غذایی و آشامیدنی به جز قند و شکر,42,1900000000,1,15428000000000,1487.0,5.5,8120,8120,8120,8120,7960,8120,8120,160,2.01,8120,160,2.01,1,700,5684000,1,0,1,0,700,0,700,0,2,207677,8120,0,0,0,0,0,0,0,0,0,0,0,0,0,0,0,0,0,0,0,0,0,0,0,0,0,0,0
11:22:33,همای2,صندوق س همای آگاه-ثابت,IRT1HOMA0002,45928267225042656,صندوق سرمایه‌گذاری قابل معامله,68,10000000000,1,10000000000,,,1,1,1,1,10120,1,1,-10119,-99.99,1,-10119,-99.99,1,21554000,21554000,0,1,0,1,0,21554000,0,21554000,0,0,0,0,0,0,0,0,0,0,0,0,0,0,0,0,0,0,0,0,0,0,0,0,0,0,0,0,0,0
12:51:40,مدیریت3,س. و خدمات مدیریت صند. ب کشوری,IRO3ISMZ0003,47442919607006919,سرمایه‌گذاری‌ها,56,3750000000,1,12225000000000,1217.0,2.7,3260,3260,3260,3260,3195,3260,3260,65,2.03,3260,65,2.03,1,61200,199512000,1,0,1,0,61200,0,61200,0,0,0,0,3260,63274,2,0,0,0,0,0,0,0,0,0,0,0,0,0,0,0,0,0,0,0,0,0,0,0,0
12:49:40,چدن3,تولیدی چدن سازان,IRO1CHDN0003,47807856067663530,ساخت محصولات فلزی,28,20000000000,1,42280000000000,384.0,5.5,2114,2114,2114,2114,2073,2114,2114,41,1.98,2114,41,1.98,1,30112,63656768,0,1,1,0,0,30112,30112,0,53,19866967,2114,0,0,0,0,0,0,0,0,0,0,0,0,0,0,0,0,0,0,0,0,0,0,0,0,0,0,0
11:18:17,سبزوا4,سیمان لار سبزوار,IRO3SBZZ0004,48393107210915946,سیمان، آهک و گچ,53,3757797579,1,33820178211000,615.0,14.6,9000,99990,9000,9000,7790,9000,9000,1210,15.53,9000,1210,15.53,1,91146423,820317807000,0,1,0,1,0,91146423,0,91146423,0,0,0,0,0,0,0,0,0,0,0,0,0,0,0,0,0,0,0,0,0,0,0,0,0,0,0,0,0,0
12:22:59,دماوند2,تولید نیروی برق دماوند,IRO3BDMZ0002,48628570391754652,عرضه برق، گاز، بخار و آب گرم,40,13000000000,1,119990000000000,1197.0,7.7,8827,9373,9230,9230,9100,9230,9230,130,1.43,9230,130,1.43,1,10795028,99638108440,0,1,0,1,0,10795028,0,10795028,0,0,0,0,0,0,0,0,0,0,0,0,0,0,0,0,0,0,0,0,0,0,0,0,0,0,0,0,0,0
11:10:17,حگهر2,حمل و نقل گهرترابر سیرجان,IRO3GTTZ0002,50392642911072931,حمل و نقل، انبارداری و ارتباطات,60,21960000000,1,43810200000000,272.0,7.3,1936,2054,1995,1995,1995,1995,1995,0,0.0,1995,0,0.0,1,219000000,436905000000,0,1,0,1,0,219000000,0,219000000,0,0,0,0,0,0,0,0,0,0,0,0,0,0,0,0,0,0,0,0,0,0,0,0,0,0,0,0,0,0
12:18:47,بهپاک2,صنعتی بهپاک,IRO3BHPZ0002,51516685379773986,محصولات غذایی و آشامیدنی به جز قند و شکر,42,5332000000,1,66543360000000,3147.0,4.0,11757,12483,12480,12480,12120,12480,12480,360,2.97,12480,360,2.97,1,11000000,137280000000,0,1,0,1,0,11000000,0,11000000,0,0,0,0,0,0,0,0,0,0,0,0,0,0,0,0,0,0,0,0,0,0,0,0,0,0,0,0,0,0
12:48:59,آباد3,توریستی ورفاهی آبادگران ایران,IRO1ABAD0003,52585045032985661,هتل و رستوران,55,11862388000,1,8813754284000,3.0,247.7,743,743,743,743,764,743,743,-21,-2.75,743,-21,-2.75,1,20000,14860000,1,0,1,0,20000,0,20000,0,0,0,0,743,780000,2,0,0,0,0,0,0,0,0,0,0,0,0,0,0,0,0,0,0,0,0,0,0,0,0
10:22:20,پایا2,صندوق س.پایا قلک پویا-د,IRT3PAYF0002,52806889703092757,صندوق سرمایه‌گذاری قابل معامله,68,4000000000,1,4000000000,,,1,1,1,1,25651,1,1,-25650,-100.0,1,-25650,-100.0,1,1300000,1300000,0,1,0,1,0,1300000,0,1300000,0,0,0,0,0,0,0,0,0,0,0,0,0,0,0,0,0,0,0,0,0,0,0,0,0,0,0,0,0,0
12:51:56,کویر3,تولیدی فولاد سپید فراب کویر,IRO1KVIR0003,53261379985770270,فلزات اساسی,27,72000000000,1,98424000000000,193.0,7.1,1367,1367,1367,1367,1383,1367,1367,-16,-1.16,1367,-16,-1.16,1,5000,6835000,1,0,1,0,5000,0,5000,0,13,4021147,1367,0,0,0,0,0,0,0,0,0,0,0,0,0,0,0,0,0,0,0,0,0,0,0,0,0,0,0
12:48:16,کحافظ3,کاشی‌ وسرامیک‌ حافظ,IRO1KHFZ0003,53929238485050304,کاشی و سرامیک,49,22005719934,1,36265426451232,323.0,5.1,1648,1648,1648,1648,1627,1648,1648,21,1.29,1648,21,1.29,1,3549,5848752,1,0,1,0,3549,0,3549,0,27,7665831,1648,0,0,0,0,0,0,0,0,0,0,0,0,0,0,0,0,0,0,0,0,0,0,0,0,0,0,0
12:55:44,فولاژ3,فولاد آلیاژی ایران,IRO1FAIR0003,55128878093228671,فلزات اساسی,27,58000000000,1,209322000000000,343.0,10.5,3609,3609,3609,3609,3710,3609,3609,-101,-2.72,3609,-101,-2.72,1,5000,18045000,1,0,1,0,5000,0,5000,0,2,7000,3609,0,0,0,0,0,0,0,0,0,0,0,0,0,0,0,0,0,0,0,0,0,0,0,0,0,0,0
12:21:50,قاسم2,قاسم ایران,IRO3GASZ0002,56857491343560173,خرده‌فروشی، به‌استثنای وسایل نقلیه موتوری,47,41345695847,1,77357796929737,276.0,6.8,1763,1871,1871,1871,1817,1871,1871,54,2.97,1871,54,2.97,1,80000000,149680000000,0,1,0,1,0,80000000,0,80000000,0,0,0,0,0,0,0,0,0,0,0,0,0,0,0,0,0,0,0,0,0,0,0,0,0,0,0,0,0,0
12:52:44,اسیاتک3,انتقال داده های آسیاتک,IRO1ASTC0003,57896457971749928,اطلاعات و ارتباطات,73,11500000000,1,25242500000000,754.0,2.9,2195,2195,2195,2195,2200,2195,2195,-5,-0.23,2195,-5,-0.23,1,1118,2454010,1,0,1,0,1118,0,1118,0,105,37255533,2195,0,0,0,0,0,0,0,0,0,0,0,0,0,0,0,0,0,0,0,0,0,0,0,0,0,0,0
12:56:14,نمرینو3,ایران‌ مرینوس,IRO1MRIN0003,58375368401823035,منسوجات,17,1500000000,1,11235000000000,815.0,9.2,7490,7490,7490,7490,7650,7490,7490,-160,-2.09,7490,-160,-2.09,1,3926,29405740,1,0,1,0,3926,0,3926,0,1,9685,7490,0,0,0,0,0,0,0,0,0,0,0,0,0,0,0,0,0,0,0,0,0,0,0,0,0,0,0
12:59:55,کزغال3,زغال سنگ پروده طبس,IRO3TPCZ0003,58772638864783929,استخراج زغال سنگ,10,15000000000,1,69105000000000,47.0,98.0,4607,4607,4607,4607,4552,4607,4607,55,1.21,4607,55,1.21,1,40,184280,1,0,1,0,40,0,40,0,0,0,0,0,0,0,0,0,0,0,0,0,0,0,0,0,0,0,0,0,0,0,0,0,0,0,0,0,0,0
12:52:12,شوینده3,مدیریت صنعت شوینده ت.ص.بهشهر,IRO1SHOY0003,59291155825353717,محصولات شیمیایی,44,1000000000,1,24290000000000,2426.0,10.0,24290,24290,24290,24290,24310,24290,24290,-20,-0.08,24290,-20,-0.08,1,450,10930500,1,0,1,0,450,0,450,0,2,2323,24290,0,0,0,0,0,0,0,0,0,0,0,0,0,0,0,0,0,0,0,0,0,0,0,0,0,0,0
10:40:25,وخارزم2,سرمایه گذاری خوارزمی,IRO1IKHR0002,60947086334338335,سرمایه‌گذاری‌ها,56,80000000000,1,310720000000000,544.0,7.1,3658,3884,3884,3884,3771,3884,3884,113,3.0,3884,113,3.0,1,115500000,448602000000,0,1,0,1,0,115500000,0,115500000,0,0,0,0,0,0,0,0,0,0,0,0,0,0,0,0,0,0,0,0,0,0,0,0,0,0,0,0,0,0
10:24:52,ثابت اکسیژن2,ص.س.درآمد ثابت اکسیژن-د,IRT3SOXF0002,60996557641329487,صندوق سرمایه‌گذاری قابل معامله,68,500000000,1,500000000,,,1,1,1,1,17774,1,1,-17773,-99.99,1,-17773,-99.99,1,1200000,1200000,0,1,0,1,0,1200000,0,1200000,0,0,0,0,0,0,0,0,0,0,0,0,0,0,0,0,0,0,0,0,0,0,0,0,0,0,0,0,0,0
12:57:12,فجهان3,جهان فولاد سیرجان,IRO3SJSZ0003,61128203133478104,فلزات اساسی,27,153000000000,1,257805000000000,138.0,12.2,1685,1685,1685,1685,1670,1685,1685,15,0.9,1685,15,0.9,1,1381,2326985,1,0,1,0,1381,0,1381,0,2,469435,1685,0,0,0,0,0,0,0,0,0,0,0,0,0,0,0,0,0,0,0,0,0,0,0,0,0,0,0
12:50:13,وامید3,گروه مدیریت سرمایه گذاری امید,IRO1OIMC0003,62416578659939589,شرکت‌های چند رشته‌ای صنعتی,39,375000000000,1,2223750000000000,676.0,8.8,5930,5930,5930,5930,6010,5930,5930,-80,-1.33,5930,-80,-1.33,1,15238,90361340,1,0,0,1,15238,0,0,15238,0,0,0,5930,39989762,201,0,0,0,0,0,0,0,0,0,0,0,0,0,0,0,0,0,0,0,0,0,0,0,0
12:57:09,هانیکو3,هامون نایزه,IRO3HANI0003,63103672136972540,ساخت محصولات فلزی,28,6550000000,1,53579000000000,1166.0,7.0,8180,8180,8180,8180,7970,8180,8180,210,2.63,8180,210,2.63,1,350,2863000,2,0,2,0,450,0,450,0,1,1900,8180,0,0,0,0,0,0,0,0,0,0,0,0,0,0,0,0,0,0,0,0,0,0,0,0,0,0,0
12:23:55,زرین2,صندوق س. سهام زرین کوروش-س,IRT3ZAKF0002,65057395525025408,صندوق سرمایه‌گذاری قابل معامله,68,200000000,1,200000000,,,1,1,1,1,43798,1,1,-43797,-100.0,1,-43797,-100.0,1,1200000,1200000,0,1,0,1,0,1200000,0,1200000,0,0,0,0,0,0,0,0,0,0,0,0,0,0,0,0,0,0,0,0,0,0,0,0,0,0,0,0,0,0
12:48:50,زدشت3,کشت و صنعت دشت خرم دره,IRO3DKHZ0003,65928440734176379,زراعت و خدمات وابسته,1,4200000000,1,31458000000000,1010.0,7.4,7490,7490,7490,7490,7680,7490,7490,-190,-2.47,7490,-190,-2.47,1,1000,7490000,1,0,1,0,1000,0,1000,0,2,4000,7490,0,0,0,0,0,0,0,0,0,0,0,0,0,0,0,0,0,0,0,0,0,0,0,0,0,0,0
11:56:27,وبملت2,بانک ملت,IRO1BMLT0002,66264163366013063,بانک‌ها و موسسات اعتباری,57,3382000000000,1,4021198000000000,559.0,2.1,1121,1189,1189,1189,1155,1189,1189,34,2.94,1189,34,2.94,1,235000000,279415000000,0,1,1,0,0,235000000,235000000,0,0,0,0,0,0,0,0,0,0,0,0,0,0,0,0,0,0,0,0,0,0,0,0,0,0,0,0,0,0,0
12:24:48,پرتو2,صندوق س.دینا-س,IRT3PATF0002,67342541966222478,صندوق سرمایه‌گذاری قابل معامله,68,100000000,1,100000000,,,1,1,1,1,28190,1,1,-28189,-100.0,1,-28189,-100.0,1,1440583,1440583,0,1,0,1,0,1440583,0,1440583,0,0,0,0,0,0,0,0,0,0,0,0,0,0,0,0,0,0,0,0,0,0,0,0,0,0,0,0,0,0
12:53:44,شلعاب3,لعابیران,IRO1LEAB0003,71530920269483031,محصولات شیمیایی,44,7857486000,1,7315319466000,57.0,16.3,931,931,931,931,914,931,931,17,1.86,931,17,1.86,1,297,276507,1,0,1,0,297,0,297,0,1,399703,931,0,0,0,0,0,0,0,0,0,0,0,0,0,0,0,0,0,0,0,0,0,0,0,0,0,0,0
06:11:09,پاکشو3,گروه صنعتی پاکشو,IRO1PASH0003,1045014002501174,محصولات شیمیایی,44,80000000000,1,488800000000000,650.0,9.4,6270,6270,0,0,6110,0,6120,0,0.0,6110,0,0.0,0,0,0,0,0,0,0,0,0,0,0,37,7011000,6270,0,0,0,0,0,0,0,0,0,0,0,0,0,0,0,0,0,0,0,0,0,0,0,0,0,0,0
06:11:05,غدشت3,دشت‌ مرغاب,IRO1DMOR0003,1662931506892107,محصولات غذایی و آشامیدنی به جز قند و شکر,42,4820000000,1,12951340000000,357.0,7.5,2763,2763,0,0,2687,0,2725,0,0.0,2687,0,0.0,0,0,0,0,0,0,0,0,0,0,0,7,1797459,2763,0,0,0,0,0,0,0,0,0,0,0,0,0,0,0,0,0,0,0,0,0,0,0,0,0,0,0
06:11:09,کساپا3,سایپاشیشه,IRO1SISH0003,2190132536413193,سایر محصولات کانی غیرفلزی,54,3550000000,1,10298550000000,62.0,46.8,2866,2866,0,0,2901,0,2891,0,0.0,2901,0,0.0,0,0,0,0,0,0,0,0,0,0,0,19,2210074,2866,0,0,0,0,0,0,0,0,0,0,0,0,0,0,0,0,0,0,0,0,0,0,0,0,0,0,0
06:11:09,لوتوس3,تامین سرمایه لوتوس پارسیان,IRO1LTOS0003,2291439585162601,فعالیت‌های کمکی به نهادهای مالی واسط,67,85000000000,1,215135000000000,535.0,4.7,2571,2571,0,0,2531,0,2531,0,0.0,2531,0,0.0,0,0,0,0,0,0,0,0,0,0,0,13,137224,2571,0,0,0,0,0,0,0,0,0,0,0,0,0,0,0,0,0,0,0,0,0,0,0,0,0,0,0
06:11:09,کمنگنز3,معادن‌منگنزایران,IRO1MNGZ0003,2308153763974554,استخراج کانه‌های فلزی,13,4500000000,1,23850000000000,704.0,7.5,5340,5340,0,0,5300,0,5260,0,0.0,5300,0,0.0,0,0,0,0,0,0,0,0,0,0,0,4,129597,5340,0,0,0,0,0,0,0,0,0,0,0,0,0,0,0,0,0,0,0,0,0,0,0,0,0,0,0
06:11:09,پرداخت3,به پرداخت ملت,IRO1PRKT0003,2831162561734862,رایانه و فعالیت‌های وابسته به آن,72,10000000000,1,53000000000000,553.0,9.6,5170,5170,0,0,5300,0,5230,0,0.0,5300,0,0.0,0,0,0,0,0,0,0,0,0,0,0,1,10000,5170,0,0,0,0,0,0,0,0,0,0,0,0,0,0,0,0,0,0,0,0,0,0,0,0,0,0,0
06:11:05,وپست3,پست بانک ایران,IRO1BPST0003,3537629878156121,بانک‌ها و موسسات اعتباری,57,49545000000,1,364651200000000,1903.0,3.9,7580,7580,0,0,7360,0,7380,0,0.0,7360,0,0.0,0,0,0,0,0,0,0,0,0,0,0,136,24679921,7580,0,0,0,0,0,0,0,0,0,0,0,0,0,0,0,0,0,0,0,0,0,0,0,0,0,0,0
06:10:40,ساینا3,صنایع بهداشتی ساینا,IRO3SYNZ0003,3808653081327624,محصولات شیمیایی,44,2100000000,1,10038000000000,840.0,5.7,4921,4921,0,0,4780,0,4817,0,0.0,4780,0,0.0,0,0,0,0,0,0,0,0,0,0,0,3,600000,4921,0,0,0,0,0,0,0,0,0,0,0,0,0,0,0,0,0,0,0,0,0,0,0,0,0,0,0
06:11:09,تپمپی3,پمپ‌ سازی‌ ایران,IRO1PIRN0003,3958706486436215,ماشین‌آلات و تجهیزات,29,9900000000,1,44619300000000,454.0,9.9,4634,4634,0,0,4507,0,4496,0,0.0,4507,0,0.0,0,0,0,0,0,0,0,0,0,0,0,1,2056,4634,0,0,0,0,0,0,0,0,0,0,0,0,0,0,0,0,0,0,0,0,0,0,0,0,0,0,0
06:11:09,شکلر3,نیروکلر,IRO1NKOL0003,4489872021628330,محصولات شیمیایی,44,4000000000,1,64680000000000,2360.0,6.9,16650,16650,0,0,16170,0,16560,0,0.0,16170,0,0.0,0,0,0,0,0,0,0,0,0,0,0,4,139314,16650,0,0,0,0,0,0,0,0,0,0,0,0,0,0,0,0,0,0,0,0,0,0,0,0,0,0,0
06:10:38,ولبهمن3,شرکت بهمن لیزینگ,IRO3BHLZ0003,4957534863955555,سایر واسطه‌گری‌های مالی,58,10300000000,1,24544900000000,671.0,3.6,2326,2326,0,0,2383,0,2381,0,0.0,2383,0,0.0,0,0,0,0,0,0,0,0,0,0,0,0,0,0,2326,5000,1,0,0,0,0,0,0,0,0,0,0,0,0,0,0,0,0,0,0,0,0,0,0,0,0
06:11:09,ثمسکن3,سرمایه‌گذاری‌ مسکن,IRO1MSKN0003,5561929580646205,انبوه‌سازی، املاک و مستغلات,70,15800000000,1,38473000000000,258.0,9.4,2379,2379,0,0,2435,0,2431,0,0.0,2435,0,0.0,0,0,0,0,0,0,0,0,0,0,0,26,2428614,2379,0,0,0,0,0,0,0,0,0,0,0,0,0,0,0,0,0,0,0,0,0,0,0,0,0,0,0
06:10:40,ثرود3,سرمایه‌گذاری مسکن زاینده رود,IRO3ZNDZ0003,6024627090410241,انبوه‌سازی، املاک و مستغلات,70,1250000000,1,7350000000000,914.0,6.4,5910,5910,0,0,5880,0,5870,0,0.0,5880,0,0.0,0,0,0,0,0,0,0,0,0,0,0,2,20000,5910,0,0,0,0,0,0,0,0,0,0,0,0,0,0,0,0,0,0,0,0,0,0,0,0,0,0,0
06:11:09,میدکو3,توسعه معادن وص.معدنی خاورمیانه,IRO1MDKO0003,6375951461729203,فلزات اساسی,27,290000000000,1,1879200000000000,290.0,22.3,6360,6360,0,0,6480,0,6480,0,0.0,6480,0,0.0,0,0,0,0,0,0,0,0,0,0,0,2,107000,6360,0,0,0,0,0,0,0,0,0,0,0,0,0,0,0,0,0,0,0,0,0,0,0,0,0,0,0
06:11:04,کسرا3,سرامیک‌های‌صنعتی‌اردکان,IRO1ARDK0003,6831606715470062,سایر محصولات کانی غیرفلزی,54,6570000000,1,19585170000000,343.0,8.7,2966,2966,0,0,2981,0,2990,0,0.0,2981,0,0.0,0,0,0,0,0,0,0,0,0,0,0,11,1788000,2966,0,0,0,0,0,0,0,0,0,0,0,0,0,0,0,0,0,0,0,0,0,0,0,0,0,0,0
06:10:39,دقاضی3,داروسازی شهید قاضی,IRO3GPHP0003,7232107337781762,مواد و محصولات دارویی,43,10390000000,1,109302800000000,1524.0,6.9,10830,10830,0,0,10520,0,10520,0,0.0,10520,0,0.0,0,0,0,0,0,0,0,0,0,0,0,87,9102738,10830,0,0,0,0,0,0,0,0,0,0,0,0,0,0,0,0,0,0,0,0,0,0,0,0,0,0,0
06:10:43,ثاصفا,شرکت‌ ساختمان‌ اصفهان,IRO7SESP0001,7503669593172728,انبوه‌سازی، املاک و مستغلات,70,160000000,1,2712000000000,30.0,565.0,16450,17450,0,0,16950,0,16370,0,0.0,16950,0,0.0,0,0,0,0,0,0,0,0,0,0,0,0,0,0,16450,907209,18,0,0,0,16950,39091,1,0,0,0,17350,6057,1,0,0,0,17360,2974,1,0,0,0,17440,4640,1
06:11:05,قزوین3,کارخانجات‌ قند قزوین,IRO1GGAZ0003,7704284916968051,قند و شکر,38,4000000000,1,39920000000000,1250.0,8.0,9950,9950,0,0,9980,0,9910,0,0.0,9980,0,0.0,0,0,0,0,0,0,0,0,0,0,0,4,128130,9950,0,0,0,0,0,0,0,0,0,0,0,0,0,0,0,0,0,0,0,0,0,0,0,0,0,0,0
06:11:05,چکارن3,کارتن‌ ایران,IRO1KRTI0003,8078852554207280,محصولات کاغذی,21,2957295000,1,11341226325000,313.0,12.3,3871,3871,0,0,3835,0,3819,0,0.0,3835,0,0.0,0,0,0,0,0,0,0,0,0,0,0,0,0,0,3871,350000,1,0,0,0,0,0,0,0,0,0,0,0,0,0,0,0,0,0,0,0,0,0,0,0,0
06:11:09,کترام3,تولیدی‌ کاشی‌ تکسرام,IRO1TKSM0003,8585876850509584,کاشی و سرامیک,49,2696407000,1,6196343286000,15.0,153.2,2253,2253,0,0,2298,0,2298,0,0.0,2298,0,0.0,0,0,0,0,0,0,0,0,0,0,0,1,90000,2253,0,0,0,0,0,0,0,0,0,0,0,0,0,0,0,0,0,0,0,0,0,0,0,0,0,0,0
06:10:40,فن افزار3,توسعه فن افزار توسن,IRO3TOTZ0003,8696001170891278,رایانه و فعالیت‌های وابسته به آن,72,6000000000,1,21402000000000,1289.0,2.8,3647,3647,0,0,3567,0,3578,0,0.0,3567,0,0.0,0,0,0,0,0,0,0,0,0,0,0,20,1343589,3647,0,0,0,0,0,0,0,0,0,0,0,0,0,0,0,0,0,0,0,0,0,0,0,0,0,0,0
06:10:40,کتوکا3,تولیدی و خدمات صنایع نسوز توکا,IRO3TUKZ0003,9050415909189504,سایر محصولات کانی غیرفلزی,54,3500000000,1,12526500000000,552.0,6.5,3680,3680,0,0,3579,0,3586,0,0.0,3579,0,0.0,0,0,0,0,0,0,0,0,0,0,0,2,20000,3680,0,0,0,0,0,0,0,0,0,0,0,0,0,0,0,0,0,0,0,0,0,0,0,0,0,0,0
06:11:05,خزر3,فنرسازی‌زر,IRO1FNAR0003,9642452316520919,خودرو و ساخت قطعات,34,9000000000,1,11520000000000,364.0,3.5,1310,1310,0,0,1280,0,1274,0,0.0,1280,0,0.0,0,0,0,0,0,0,0,0,0,0,0,7,1234077,1310,0,0,0,0,0,0,0,0,0,0,0,0,0,0,0,0,0,0,0,0,0,0,0,0,0,0,0
06:11:09,ولساپا3,لیزینگ رایان‌ سایپا,IRO1RSAP0003,9682986263857372,سایر واسطه‌گری‌های مالی,58,19629000000,1,14623605000000,337.0,2.2,753,753,0,0,745,0,744,0,0.0,745,0,0.0,0,0,0,0,0,0,0,0,0,0,0,8,1126753,753,0,0,0,0,0,0,0,0,0,0,0,0,0,0,0,0,0,0,0,0,0,0,0,0,0,0,0
06:11:09,امین3,تامین سرمایه امین,IRO1TSAN0003,10505863048176451,فعالیت‌های کمکی به نهادهای مالی واسط,67,32000000000,1,64544000000000,384.0,5.3,2072,2072,0,0,2017,0,2025,0,0.0,2017,0,0.0,0,0,0,0,0,0,0,0,0,0,0,0,0,0,2072,1096,4,0,0,0,0,0,0,0,0,0,0,0,0,0,0,0,0,0,0,0,0,0,0,0,0
06:11:05,فجام3,جام‌دارو,IRO1JAMD0003,11426217028122315,ساخت محصولات فلزی,28,1200000000,1,12924000000000,1823.0,5.9,10900,10900,0,0,10770,0,10860,0,0.0,10770,0,0.0,0,0,0,0,0,0,0,0,0,0,0,4,182362,10900,0,0,0,0,0,0,0,0,0,0,0,0,0,0,0,0,0,0,0,0,0,0,0,0,0,0,0
06:10:39,اوان3,مبین وان کیش,IRO3MOBZ0003,11743539761381317,اطلاعات و ارتباطات,73,1000000000,1,9140000000000,19.0,481.1,9390,9390,0,0,9140,0,9190,0,0.0,9140,0,0.0,0,0,0,0,0,0,0,0,0,0,0,0,0,0,9390,2000,2,0,0,0,0,0,0,0,0,0,0,0,0,0,0,0,0,0,0,0,0,0,0,0,0
06:11:09,شسینا3,صنایع‌شیمیایی‌سینا,IRO1SHSI0003,13742476235028993,محصولات شیمیایی,44,4800000000,1,13694400000000,526.0,5.4,2925,2925,0,0,2853,0,2875,0,0.0,2853,0,0.0,0,0,0,0,0,0,0,0,0,0,0,12,4011733,2925,0,0,0,0,0,0,0,0,0,0,0,0,0,0,0,0,0,0,0,0,0,0,0,0,0,0,0
06:11:09,خپویش3,سازه‌ پویش,IRO1SZPO0003,14158922295346416,خودرو و ساخت قطعات,34,5567544680,1,15271775057240,138.0,19.9,2713,2713,0,0,2743,0,2774,0,0.0,2743,0,0.0,0,0,0,0,0,0,0,0,0,0,0,1,2500,2713,0,0,0,0,0,0,0,0,0,0,0,0,0,0,0,0,0,0,0,0,0,0,0,0,0,0,0
06:11:04,وبانک3,سرمایه گذاری گروه توسعه ملی,IRO1BANK0003,14273430536039831,شرکت‌های چند رشته‌ای صنعتی,39,50250000000,1,438682500000000,1906.0,4.6,8660,8660,0,0,8730,0,8730,0,0.0,8730,0,0.0,0,0,0,0,0,0,0,0,0,0,0,941,10123271,8660,0,0,0,0,0,0,0,0,0,0,0,0,0,0,0,0,0,0,0,0,0,0,0,0,0,0,0
06:10:48,رویش,ص.س.جسورانه رویش لوتوس,IRT3VC010001,15124889255100138,صندوق سرمایه‌گذاری قابل معامله,68,500000,1,1315000000000,,,2367000,2893000,0,0,2630000,0,2630000,0,0.0,2630000,0,0.0,0,0,0,0,0,0,0,0,0,0,0,1,1200,2367000,0,0,0,0,0,0,0,0,0,0,0,0,0,0,0,0,0,0,0,0,0,0,0,0,0,0,0
06:11:05,تکمبا3,کمباین‌ سازی‌ ایران,IRO1COMB0003,15699960917398204,ماشین‌آلات و تجهیزات,29,1723027501,1,11578744806720,510.0,13.2,6890,6890,0,0,6720,0,6730,0,0.0,6720,0,0.0,0,0,0,0,0,0,0,0,0,0,0,2,70730,6890,0,0,0,0,0,0,0,0,0,0,0,0,0,0,0,0,0,0,0,0,0,0,0,0,0,0,0
06:11:05,بکام3,کارخانجات تولیدی شهید قندی,IRO1KGND0003,16662877137476564,ماشین‌آلات و دستگاه‌های برقی,31,17678827639,1,37408399284124,6.0,352.7,2092,2092,0,0,2116,0,2102,0,0.0,2116,0,0.0,0,0,0,0,0,0,0,0,0,0,0,1,10000,2092,0,0,0,0,0,0,0,0,0,0,0,0,0,0,0,0,0,0,0,0,0,0,0,0,0,0,0
06:10:39,زکشت3,کشاورزی مکانیزه اصفهان کشت,IRO3IKAZ0003,17168651758599916,زراعت و خدمات وابسته,1,1500000000,1,25770000000000,2952.0,5.8,17670,17670,0,0,17180,0,17420,0,0.0,17180,0,0.0,0,0,0,0,0,0,0,0,0,0,0,11,168498,17670,0,0,0,0,0,0,0,0,0,0,0,0,0,0,0,0,0,0,0,0,0,0,0,0,0,0,0
06:11:09,سدور3,سیمان‌ دورود,IRO1SDOR0003,18473950610949088,سیمان، آهک و گچ,53,641697305,1,10331326610500,-1083.0,-14.9,16550,16550,0,0,16100,0,16170,0,0.0,16100,0,0.0,0,0,0,0,0,0,0,0,0,0,0,4,31768,16550,0,0,0,0,0,0,0,0,0,0,0,0,0,0,0,0,0,0,0,0,0,0,0,0,0,0,0
06:11:09,فلوله3,لوله‌وماشین‌سازی‌ایران,IRO1LMIR0003,21368785037502653,فلزات اساسی,27,9300000000,1,21892200000000,271.0,8.7,2287,2287,0,0,2354,0,2354,0,0.0,2354,0,0.0,0,0,0,0,0,0,0,0,0,0,0,2,8000,2287,0,0,0,0,0,0,0,0,0,0,0,0,0,0,0,0,0,0,0,0,0,0,0,0,0,0,0
06:11:09,چافست3,افست,IRO1OFST0003,21728674512421545,انتشار، چاپ و تکثیر,22,1930000000,1,24125000000000,2700.0,4.6,12690,12690,0,0,12500,0,12490,0,0.0,12500,0,0.0,0,0,0,0,0,0,0,0,0,0,0,8,604625,12690,0,0,0,0,0,0,0,0,0,0,0,0,0,0,0,0,0,0,0,0,0,0,0,0,0,0,0
06:11:04,شپارس3,بین‌ المللی‌ محصولات‌  پارس,IRO1BMPS0003,23227920015110283,محصولات شیمیایی,44,11400000000,1,14535000000000,219.0,5.8,1251,1251,0,0,1275,0,1275,0,0.0,1275,0,0.0,0,0,0,0,0,0,0,0,0,0,0,7,450000,1251,0,0,0,0,0,0,0,0,0,0,0,0,0,0,0,0,0,0,0,0,0,0,0,0,0,0,0
06:11:09,شیران3,س. صنایع‌شیمیایی‌ایران,IRO1SSIN0003,23505364492553137,محصولات شیمیایی,44,54433650000,1,396821308500000,1012.0,7.2,7450,7450,0,0,7290,0,7290,0,0.0,7290,0,0.0,0,0,0,0,0,0,0,0,0,0,0,174,33950393,7450,0,0,0,0,0,0,0,0,0,0,0,0,0,0,0,0,0,0,0,0,0,0,0,0,0,0,0
06:11:05,قصفها3,قنداصفهان,IRO1GESF0003,25609133508401280,قند و شکر,38,30190976755,1,45105319271970,188.0,7.9,1508,1508,0,0,1494,0,1514,0,0.0,1494,0,0.0,0,0,0,0,0,0,0,0,0,0,0,9,1068134,1508,0,0,0,0,0,0,0,0,0,0,0,0,0,0,0,0,0,0,0,0,0,0,0,0,0,0,0
06:10:48,دیوان,صندوق خصوصی دیوان ارزش35%تادیه,IRT3PC040001,26547362091465395,صندوق سرمایه‌گذاری قابل معامله,68,10000000,1,6000000000000,,,540000,660000,0,0,600000,0,600000,0,0.0,600000,0,0.0,0,0,0,0,0,0,0,0,0,0,0,1,4000,600000,0,0,0,0,0,0,0,0,0,0,0,0,0,0,0,0,0,0,0,0,0,0,0,0,0,0,0
06:10:39,انتخاب3,گروه انتخاب الکترونیک آرمان,IRO3EELZ0003,26656080901712513,ماشین‌آلات و تجهیزات,29,153340603000,1,161620995562000,217.0,4.9,1082,1082,0,0,1054,0,1062,0,0.0,1054,0,0.0,0,0,0,0,0,0,0,0,0,0,0,16,1424187,1082,0,0,0,0,0,0,0,0,0,0,0,0,0,0,0,0,0,0,0,0,0,0,0,0,0,0,0
06:11:05,پارسیان3,بیمه پارسیان,IRO1IPAR0003,26748728514541238,بیمه و صندوق بازنشستگی به جز تامین اجتماعی,66,50000000000,1,64100000000000,844.0,1.5,1283,1283,0,0,1282,0,1273,0,0.0,1282,0,0.0,0,0,0,0,0,0,0,0,0,0,0,1,20000,1283,0,0,0,0,0,0,0,0,0,0,0,0,0,0,0,0,0,0,0,0,0,0,0,0,0,0,0
06:11:05,همراه3,شرکت ارتباطات سیار ایران,IRO1HMRZ0003,26903953606361138,مخابرات,64,89200000000,1,456793200000000,1017.0,5.0,5270,5270,0,0,5121,0,5125,0,0.0,5121,0,0.0,0,0,0,0,0,0,0,0,0,0,0,2,31000,5270,0,0,0,0,0,0,0,0,0,0,0,0,0,0,0,0,0,0,0,0,0,0,0,0,0,0,0
06:11:05,قلرست3,قند لرستان,IRO1GLOR0003,27459180508571926,قند و شکر,38,1800000000,1,30528000000000,3057.0,5.5,17450,17450,0,0,16960,0,16960,0,0.0,16960,0,0.0,0,0,0,0,0,0,0,0,0,0,0,0,0,0,17450,82484,1,0,0,0,0,0,0,0,0,0,0,0,0,0,0,0,0,0,0,0,0,0,0,0,0
06:11:09,کاذر3,فرآورده‌های‌نسوزآذر,IRO1NSAZ0003,27503519887936155,سایر محصولات کانی غیرفلزی,54,4000000000,1,10052000000000,540.0,4.7,2563,2563,0,0,2513,0,2513,0,0.0,2513,0,0.0,0,0,0,0,0,0,0,0,0,0,0,5,35812,2563,0,0,0,0,0,0,0,0,0,0,0,0,0,0,0,0,0,0,0,0,0,0,0,0,0,0,0
06:11:05,دابور3,داروسازی‌ ابوریحان,IRO1DABO0003,27585674857461132,مواد و محصولات دارویی,43,1800000000,1,61848000000000,4390.0,7.8,33810,33810,0,0,34360,0,33990,0,0.0,34360,0,0.0,0,0,0,0,0,0,0,0,0,0,0,6,31600,33810,0,0,0,0,0,0,0,0,0,0,0,0,0,0,0,0,0,0,0,0,0,0,0,0,0,0,0
06:10:40,شصدف3,صنعتی دوده فام,IRO3SDFZ0003,27693979433712935,محصولات شیمیایی,44,2000000000,1,24740000000000,2071.0,6.0,12010,12010,0,0,12370,0,12370,0,0.0,12370,0,0.0,0,0,0,0,0,0,0,0,0,0,0,0,0,0,12010,50459,2,0,0,0,0,0,0,0,0,0,0,0,0,0,0,0,0,0,0,0,0,0,0,0,0
06:11:09,وساخت3,سرمایه‌ گذاری‌ ساختمان‌ایران,IRO1SAKH0003,28792201580672944,انبوه‌سازی، املاک و مستغلات,70,30842726351,1,38676778844154,125.0,10.0,1289,1289,0,0,1254,0,1272,0,0.0,1254,0,0.0,0,0,0,0,0,0,0,0,0,0,0,205,80131355,1289,0,0,0,0,0,0,0,0,0,0,0,0,0,0,0,0,0,0,0,0,0,0,0,0,0,0,0
06:10:39,مادیرا3,صنایع مادیران,IRO3IOMZ0003,28854935814625231,تولید محصولات کامپیوتری الکترونیکی و نوری,26,23400000000,1,50637600000000,274.0,7.9,2194,2194,0,0,2164,0,2162,0,0.0,2164,0,0.0,0,0,0,0,0,0,0,0,0,0,0,6,64887,2194,0,0,0,0,0,0,0,0,0,0,0,0,0,0,0,0,0,0,0,0,0,0,0,0,0,0,0
06:11:05,های وب3,داده گسترعصرنوین-های وب,IRO1HWEB0003,30256187931361746,اطلاعات و ارتباطات,73,71400000000,1,23562000000000,-55.0,-6.0,334,334,0,0,330,0,330,0,0.0,330,0,0.0,0,0,0,0,0,0,0,0,0,0,0,8,2000963,334,0,0,0,0,0,0,0,0,0,0,0,0,0,0,0,0,0,0,0,0,0,0,0,0,0,0,0
06:11:09,شپاکسا3,پاکسان,IRO1PAKS0003,31819104823146965,محصولات شیمیایی,44,17800000000,1,33820000000000,383.0,5.0,1915,1915,0,0,1900,0,1900,0,0.0,1900,0,0.0,0,0,0,0,0,0,0,0,0,0,0,1,400000,1915,0,0,0,0,0,0,0,0,0,0,0,0,0,0,0,0,0,0,0,0,0,0,0,0,0,0,0
06:10:39,ثپردیس3,سرمایه گذاری مسکن پردیس,IRO3MPRZ0003,32176927086632321,انبوه‌سازی، املاک و مستغلات,70,4500000000,1,12730500000000,163.0,17.4,2775,2775,0,0,2829,0,2829,0,0.0,2829,0,0.0,0,0,0,0,0,0,0,0,0,0,0,4,414836,2775,0,0,0,0,0,0,0,0,0,0,0,0,0,0,0,0,0,0,0,0,0,0,0,0,0,0,0
06:10:40,زشگزا3,شیر و گوشت زاگرس شهرکرد,IRO3ZMMZ0003,32177617282575647,زراعت و خدمات وابسته,1,960000000,1,28560000000000,4237.0,7.0,30100,30100,0,0,29750,0,29900,0,0.0,29750,0,0.0,0,0,0,0,0,0,0,0,0,0,0,26,234484,30100,0,0,0,0,0,0,0,0,0,0,0,0,0,0,0,0,0,0,0,0,0,0,0,0,0,0,0
06:11:09,بنیرو3,نیروترانس,IRO1NIRO0003,32445921896646652,ماشین‌آلات و دستگاه‌های برقی,31,23800000000,1,57381800000000,552.0,4.4,2447,2447,0,0,2411,0,2406,0,0.0,2411,0,0.0,0,0,0,0,0,0,0,0,0,0,0,2,4120,2447,0,0,0,0,0,0,0,0,0,0,0,0,0,0,0,0,0,0,0,0,0,0,0,0,0,0,0
06:11:05,وصنا3,گروه‌صنایع‌بهشهرایران,IRO1GBEH0003,32868673449406770,سرمایه‌گذاری‌ها,56,11650000000,1,28460950000000,713.0,3.4,2480,2480,0,0,2443,0,2448,0,0.0,2443,0,0.0,0,0,0,0,0,0,0,0,0,0,0,205,80147352,2480,0,0,0,0,0,0,0,0,0,0,0,0,0,0,0,0,0,0,0,0,0,0,0,0,0,0,0
06:11:09,وآذر3,سرمایه‌گذاری‌توسعه‌آذربایجان,IRO1TAZB0003,33023678468394438,انبوه‌سازی، املاک و مستغلات,70,1789000000,1,8284859000000,-40.0,-115.8,4754,4754,0,0,4631,0,4614,0,0.0,4631,0,0.0,0,0,0,0,0,0,0,0,0,0,0,0,0,0,4754,3264,1,0,0,0,0,0,0,0,0,0,0,0,0,0,0,0,0,0,0,0,0,0,0,0,0
06:11:05,داتام3,گروه مالی داتام,IRO1DTAM0003,33147475612613507,سرمایه‌گذاری‌ها,56,12000000000,1,45684000000000,1416.0,2.7,3910,3910,0,0,3807,0,3821,0,0.0,3807,0,0.0,0,0,0,0,0,0,0,0,0,0,0,0,0,0,3910,901,1,0,0,0,0,0,0,0,0,0,0,0,0,0,0,0,0,0,0,0,0,0,0,0,0
06:11:04,دامین3,داروسازی‌ امین,IRO1AMIN0003,33267382570714473,مواد و محصولات دارویی,43,9130000000,1,98512700000000,203.0,53.2,11090,11090,0,0,10790,0,10790,0,0.0,10790,0,0.0,0,0,0,0,0,0,0,0,0,0,0,9,273654,11090,0,0,0,0,0,0,0,0,0,0,0,0,0,0,0,0,0,0,0,0,0,0,0,0,0,0,0
06:11:05,دیران3,ایران‌دارو,IRO1IRDR0003,33411623986547832,مواد و محصولات دارویی,43,1780000000,1,8118580000000,204.0,22.4,4697,4697,0,0,4561,0,4561,0,0.0,4561,0,0.0,0,0,0,0,0,0,0,0,0,0,0,1,1500,4697,0,0,0,0,0,0,0,0,0,0,0,0,0,0,0,0,0,0,0,0,0,0,0,0,0,0,0
06:11:09,خموتور3,موتورسازان‌تراکتورسازی‌ایران,IRO1MSTI0003,33674227399336451,خودرو و ساخت قطعات,34,14415000000,1,23799165000000,346.0,4.8,1644,1644,0,0,1651,0,1651,0,0.0,1651,0,0.0,0,0,0,0,0,0,0,0,0,0,0,6,1049205,1644,0,0,0,0,0,0,0,0,0,0,0,0,0,0,0,0,0,0,0,0,0,0,0,0,0,0,0
06:11:04,کبافق3,معادن‌ بافق,IRO1BAFG0003,34702374984856002,استخراج کانه‌های فلزی,13,1215000000,1,34287300000000,1694.0,16.7,28940,28940,0,0,28220,0,28540,0,0.0,28220,0,0.0,0,0,0,0,0,0,0,0,0,0,0,4,91660,28940,0,0,0,0,0,0,0,0,0,0,0,0,0,0,0,0,0,0,0,0,0,0,0,0,0,0,0
06:11:09,خلنت3,لنت‌ ترمزایران,IRO1LENT0003,35507785435505060,خودرو و ساخت قطعات,34,3800000000,1,14668000000000,802.0,4.8,3962,3962,0,0,3860,0,3900,0,0.0,3860,0,0.0,0,0,0,0,0,0,0,0,0,0,0,1,10000,3962,0,0,0,0,0,0,0,0,0,0,0,0,0,0,0,0,0,0,0,0,0,0,0,0,0,0,0
06:11:09,وصنعت3,سرمایه گذاری توسعه صنعت وتجارت,IRO1SNMA0003,35960793251510641,سرمایه‌گذاری‌ها,56,34000000000,1,59738000000000,874.0,2.0,1765,1765,0,0,1757,0,1758,0,0.0,1757,0,0.0,0,0,0,0,0,0,0,0,0,0,0,20,5697488,1765,0,0,0,0,0,0,0,0,0,0,0,0,0,0,0,0,0,0,0,0,0,0,0,0,0,0,0
06:10:38,داوه3,داروسازی آوه سینا,IRO3AVLZ0003,37897620495590579,مواد و محصولات دارویی,43,2100000000,1,9441600000000,491.0,9.2,4605,4605,0,0,4496,0,4530,0,0.0,4496,0,0.0,0,0,0,0,0,0,0,0,0,0,0,10,1007100,4605,0,0,0,0,0,0,0,0,0,0,0,0,0,0,0,0,0,0,0,0,0,0,0,0,0,0,0
06:11:09,ختراک3,ریخته‌گری‌ تراکتورسازی‌ ایران,IRO1RTIR0003,38219604220417707,خودرو و ساخت قطعات,34,15430000000,1,21771730000000,303.0,4.7,1431,1431,0,0,1411,0,1408,0,0.0,1411,0,0.0,0,0,0,0,0,0,0,0,0,0,0,19,6282600,1431,0,0,0,0,0,0,0,0,0,0,0,0,0,0,0,0,0,0,0,0,0,0,0,0,0,0,0
06:11:05,وملی3,گروه‌ صنعتی‌ ملی‌ (هلدینگ,IRO1GMEL0003,38229118525940937,دباغی، پرداخت چرم و ساخت انواع پاپوش,19,247360140,1,52049520658800,4193.0,50.2,205870,205870,0,0,210420,0,208260,0,0.0,210420,0,0.0,0,0,0,0,0,0,0,0,0,0,0,2,1300,205870,0,0,0,0,0,0,0,0,0,0,0,0,0,0,0,0,0,0,0,0,0,0,0,0,0,0,0
06:11:09,بشهاب3,لامپ‌  پارس‌ شهاب,IRO1LAPS0003,38240429486040441,ماشین‌آلات و دستگاه‌های برقی,31,2700000000,1,20628000000000,1011.0,7.6,7850,7850,0,0,7640,0,7660,0,0.0,7640,0,0.0,0,0,0,0,0,0,0,0,0,0,0,1,50000,7850,0,0,0,0,0,0,0,0,0,0,0,0,0,0,0,0,0,0,0,0,0,0,0,0,0,0,0
06:11:09,پلاسک3,پلاسکوکار,IRO1PLKK0003,38914218471764487,لاستیک و پلاستیک,25,1460188183,1,6605891339892,-4528.0,-1.0,4409,4409,0,0,4524,0,4514,0,0.0,4524,0,0.0,0,0,0,0,0,0,0,0,0,0,0,1,400000,4409,0,0,0,0,0,0,0,0,0,0,0,0,0,0,0,0,0,0,0,0,0,0,0,0,0,0,0
06:11:09,غپاک3,لبنیات‌ پاک,IRO1LPAK0003,40149571318090913,محصولات غذایی و آشامیدنی به جز قند و شکر,42,13313210596,1,22299627748300,210.0,8.0,1692,1692,0,0,1675,0,1658,0,0.0,1675,0,0.0,0,0,0,0,0,0,0,0,0,0,0,15,1175032,1692,0,0,0,0,0,0,0,0,0,0,0,0,0,0,0,0,0,0,0,0,0,0,0,0,0,0,0
06:11:05,ما3,بیمه  ما,IRO1BVMA0003,41053250694154401,بیمه و صندوق بازنشستگی به جز تامین اجتماعی,66,15000000000,1,42150000000000,623.0,4.5,2849,2849,0,0,2810,0,2820,0,0.0,2810,0,0.0,0,0,0,0,0,0,0,0,0,0,0,0,0,0,2849,2000,1,0,0,0,0,0,0,0,0,0,0,0,0,0,0,0,0,0,0,0,0,0,0,0,0
06:11:09,کگاز3,شیشه‌ و گاز,IRO1SGAZ0003,42137912699349379,سایر محصولات کانی غیرفلزی,54,850000000,1,28602500000000,4499.0,7.5,34650,34650,0,0,33650,0,33720,0,0.0,33650,0,0.0,0,0,0,0,0,0,0,0,0,0,0,3,13000,34650,0,0,0,0,0,0,0,0,0,0,0,0,0,0,0,0,0,0,0,0,0,0,0,0,0,0,0
06:11:05,کنور3,توسعه معدنی و صنعتی صبانور,IRO1KNRZ0003,45071768407593960,استخراج کانه‌های فلزی,13,69300000000,1,250311600000000,672.0,5.4,3644,3644,0,0,3612,0,3637,0,0.0,3612,0,0.0,0,0,0,0,0,0,0,0,0,0,0,9,1938742,3644,0,0,0,0,0,0,0,0,0,0,0,0,0,0,0,0,0,0,0,0,0,0,0,0,0,0,0
06:10:48,اکسیر2,ص.خ.اکسیر زیست پارسیان70%تادیه,IRT3PC050002,45557870249762640,صندوق سرمایه‌گذاری قابل معامله,68,3500000,1,3381000000000,,,869400,1062600,0,0,966000,0,966000,0,0.0,966000,0,0.0,0,0,0,0,0,0,0,0,0,0,0,4,726,1062600,0,0,0,1,86,869400,0,0,0,0,0,0,0,0,0,0,0,0,0,0,0,0,0,0,0,0,0
06:11:05,خکار3,ایرکا پارت صنعت,IRO1KRIR0003,45957386076757593,خودرو و ساخت قطعات,34,11200000000,1,14638400000000,415.0,3.1,1327,1327,0,0,1307,0,1307,0,0.0,1307,0,0.0,0,0,0,0,0,0,0,0,0,0,0,10,1382385,1327,0,0,0,0,0,0,0,0,0,0,0,0,0,0,0,0,0,0,0,0,0,0,0,0,0,0,0
06:10:39,دکپسول3,تولید ژلاتین کپسول ایران,IRO3IGCZ0003,48405354611439815,مواد و محصولات دارویی,43,300000000,1,50700000000000,17967.0,9.4,172900,172900,0,0,169000,0,169050,0,0.0,169000,0,0.0,0,0,0,0,0,0,0,0,0,0,0,5,6136,172900,0,0,0,0,0,0,0,0,0,0,0,0,0,0,0,0,0,0,0,0,0,0,0,0,0,0,0
06:11:09,کیمیا3,ص. معدنی کیمیای زنجان گستران,IRO1KZGZ0003,48776464046609203,فلزات اساسی,27,5000000000,1,11290000000000,147.0,15.4,2266,2266,0,0,2258,0,2278,0,0.0,2258,0,0.0,0,0,0,0,0,0,0,0,0,0,0,3,445000,2266,0,0,0,0,0,0,0,0,0,0,0,0,0,0,0,0,0,0,0,0,0,0,0,0,0,0,0
06:10:48,پویا,ص.ج.پویا الگوریتم70%تادیه,IRT3VC100001,48970598895465763,صندوق سرمایه‌گذاری قابل معامله,68,500000,1,326560500000,,,587809,718433,0,0,653121,0,653121,0,0.0,653121,0,0.0,0,0,0,0,0,0,0,0,0,0,0,0,0,0,794640,1000,1,0,0,0,0,0,0,0,0,0,0,0,0,0,0,0,0,0,0,0,0,0,0,0,0
06:11:14,ولنوین3,لیزینگ اقتصاد نوین,IRO1VALE0003,49056001059210982,سایر واسطه‌گری‌های مالی,58,12000000000,1,25620000000000,304.0,7.0,2071,2071,0,0,2135,0,2131,0,0.0,2135,0,0.0,0,0,0,0,0,0,0,0,0,0,0,0,0,0,2071,411,1,0,0,0,0,0,0,0,0,0,0,0,0,0,0,0,0,0,0,0,0,0,0,0,0
06:10:39,غپآذر3,شیر پگاه آذربایجان شرقی,IRO3GHPZ0003,50037264990575889,محصولات غذایی و آشامیدنی به جز قند و شکر,42,1000000000,1,12550000000000,1866.0,6.7,12850,12850,0,0,12550,0,12550,0,0.0,12550,0,0.0,0,0,0,0,0,0,0,0,0,0,0,11,165510,12850,0,0,0,0,0,0,0,0,0,0,0,0,0,0,0,0,0,0,0,0,0,0,0,0,0,0,0
06:10:40,زاگرس3,پتروشیمی زاگرس,IRO3PZGZ0003,50043787917446233,محصولات شیمیایی,44,2400000000,1,223920000000000,6744.0,13.8,93250,93250,0,0,93300,0,93300,0,0.0,93300,0,0.0,0,0,0,0,0,0,0,0,0,0,0,130,1595754,93250,0,0,0,0,0,0,0,0,0,0,0,0,0,0,0,0,0,0,0,0,0,0,0,0,0,0,0
06:11:09,ولصنم3,لیزینگ‌صنعت‌ومعدن,IRO1LSMD0003,50429033970702846,سایر واسطه‌گری‌های مالی,58,6000000000,1,15852000000000,379.0,7.0,2579,2579,0,0,2642,0,2635,0,0.0,2642,0,0.0,0,0,0,0,0,0,0,0,0,0,0,3,112324,2579,0,0,0,0,0,0,0,0,0,0,0,0,0,0,0,0,0,0,0,0,0,0,0,0,0,0,0
06:11:09,فسپا3,گروه‌صنعتی‌سپاهان,IRO1SEPA0003,50431694706114236,فلزات اساسی,27,12500000000,1,35662500000000,496.0,5.8,2894,2894,0,0,2853,0,2855,0,0.0,2853,0,0.0,0,0,0,0,0,0,0,0,0,0,0,1,10000,2894,0,0,0,0,0,0,0,0,0,0,0,0,0,0,0,0,0,0,0,0,0,0,0,0,0,0,0
06:11:05,مداران3,داده‌پردازی‌ایران,IRO1DADE0003,50631730421206996,رایانه و فعالیت‌های وابسته به آن,72,5800000000,1,20729200000000,466.0,7.7,3477,3477,0,0,3574,0,3537,0,0.0,3574,0,0.0,0,0,0,0,0,0,0,0,0,0,0,0,0,0,3477,72123,1,0,0,0,0,0,0,0,0,0,0,0,0,0,0,0,0,0,0,0,0,0,0,0,0
06:11:09,وایران3,لیزینگ ایرانیان,IRO1LIRZ0003,51199016780782768,سایر واسطه‌گری‌های مالی,58,2130000000,1,9133440000000,164.0,26.1,4416,4416,0,0,4288,0,4298,0,0.0,4288,0,0.0,0,0,0,0,0,0,0,0,0,0,0,5,600922,4416,0,0,0,0,0,0,0,0,0,0,0,0,0,0,0,0,0,0,0,0,0,0,0,0,0,0,0
06:11:04,دعبید3,لابراتوارداروسازی‌  دکترعبیدی,IRO1ABDI0003,51293756044181812,مواد و محصولات دارویی,43,56000000000,1,609840000000000,1090.0,10.0,11210,11210,0,0,10890,0,10890,0,0.0,10890,0,0.0,0,0,0,0,0,0,0,0,0,0,0,1881,186825194,11210,0,0,0,0,0,0,0,0,0,0,0,0,0,0,0,0,0,0,0,0,0,0,0,0,0,0,0
06:11:04,پکرمان3,گروه‌ صنعتی‌ بارز,IRO1BARZ0003,51749387130694916,لاستیک و پلاستیک,25,19693000000,1,129776870000000,1517.0,4.3,6590,6590,0,0,6590,0,6580,0,0.0,6590,0,0.0,0,0,0,0,0,0,0,0,0,0,0,6,343858,6590,0,0,0,0,0,0,0,0,0,0,0,0,0,0,0,0,0,0,0,0,0,0,0,0,0,0,0
06:11:05,حپترو3,حمل و نقل پتروشیمی( سهامی عام,IRO1HJPT0003,52046336661749484,حمل و نقل، انبارداری و ارتباطات,60,1398000000,1,18369720000000,647.0,20.3,12800,12800,0,0,13140,0,13140,0,0.0,13140,0,0.0,0,0,0,0,0,0,0,0,0,0,0,1,640,12800,0,0,0,0,0,0,0,0,0,0,0,0,0,0,0,0,0,0,0,0,0,0,0,0,0,0,0
06:10:40,آریان3,سرمایه گذاری پارس آریان,IRO3PAIP0003,52287683804811132,سرمایه‌گذاری‌ها,56,150000000000,1,682500000000000,319.0,14.3,4430,4430,0,0,4550,0,4550,0,0.0,4550,0,0.0,0,0,0,0,0,0,0,0,0,0,0,3,26000,4430,0,0,0,0,0,0,0,0,0,0,0,0,0,0,0,0,0,0,0,0,0,0,0,0,0,0,0
06:11:05,حفارس3,حمل و نقل بین المللی خلیج فارس,IRO1HFRS0003,52768171542745872,حمل و نقل، انبارداری و ارتباطات,60,19749339000,1,90965455434000,180.0,25.6,4475,4475,0,0,4606,0,4604,0,0.0,4606,0,0.0,0,0,0,0,0,0,0,0,0,0,0,2,20000,4475,0,0,0,0,0,0,0,0,0,0,0,0,0,0,0,0,0,0,0,0,0,0,0,0,0,0,0
06:11:05,غچین3,کشت‌ و صنعت‌ چین‌ چین,IRO1CHCH0003,53254721657145377,محصولات غذایی و آشامیدنی به جز قند و شکر,42,4500000000,1,12429000000000,424.0,6.5,2844,2844,0,0,2762,0,2764,0,0.0,2762,0,0.0,0,0,0,0,0,0,0,0,0,0,0,2,20012,2844,0,0,0,0,0,0,0,0,0,0,0,0,0,0,0,0,0,0,0,0,0,0,0,0,0,0,0
06:11:09,سخاش3,سیمان‌خاش,IRO1SKHS0003,53393468648784277,سیمان، آهک و گچ,53,5300000000,1,61003000000000,1631.0,7.1,11700,11700,0,0,11510,0,11510,0,0.0,11510,0,0.0,0,0,0,0,0,0,0,0,0,0,0,50,786136,11700,0,0,0,0,0,0,0,0,0,0,0,0,0,0,0,0,0,0,0,0,0,0,0,0,0,0,0
06:11:09,کفپارس3,فرآورده‌های‌ نسوز پارس,IRO1NSPS0003,54956274961126212,سایر محصولات کانی غیرفلزی,54,2500000000,1,7942500000000,351.0,9.1,3200,3200,0,0,3177,0,3177,0,0.0,3177,0,0.0,0,0,0,0,0,0,0,0,0,0,0,5,555109,3200,0,0,0,0,0,0,0,0,0,0,0,0,0,0,0,0,0,0,0,0,0,0,0,0,0,0,0
06:11:09,لسرما3,سرما آفرین,IRO1SRMA0003,55369322610046458,ماشین‌آلات و تجهیزات,29,1417000000,1,5962736000000,334.0,12.6,4144,4144,0,0,4208,0,4202,0,0.0,4208,0,0.0,0,0,0,0,0,0,0,0,0,0,0,1,10000,4144,0,0,0,0,0,0,0,0,0,0,0,0,0,0,0,0,0,0,0,0,0,0,0,0,0,0,0
06:11:09,امید3,تامین سرمایه امید,IRO1OMID0003,56240485701958521,فعالیت‌های کمکی به نهادهای مالی واسط,67,34779000000,1,105762939000000,625.0,4.9,2985,2985,0,0,3041,0,3039,0,0.0,3041,0,0.0,0,0,0,0,0,0,0,0,0,0,0,26,4053782,2985,0,0,0,0,0,0,0,0,0,0,0,0,0,0,0,0,0,0,0,0,0,0,0,0,0,0,0
06:11:09,بترانس3,ایران‌ ترانسفو,IRO1TRNS0003,56469700226529175,ماشین‌آلات و دستگاه‌های برقی,31,90000000000,1,254520000000000,690.0,4.1,2827,2827,0,0,2828,0,2828,0,0.0,2828,0,0.0,0,0,0,0,0,0,0,0,0,0,0,42,12235419,2827,0,0,0,0,0,0,0,0,0,0,0,0,0,0,0,0,0,0,0,0,0,0,0,0,0,0,0
06:10:48,ونچر,ص.ج.فیروزه,IRT3VC080001,57585821705408565,صندوق سرمایه‌گذاری قابل معامله,68,500000,1,757000000000,,,1362600,1665400,0,0,1514000,0,1514000,0,0.0,1514000,0,0.0,0,0,0,0,0,0,0,0,0,0,0,1,1000,1514000,1550000,1000,1,1,1000,1512000,1580000,1000,1,1,1000,1508000,1600000,1000,1,1,1000,1503000,1620000,1000,1,1,1000,1500000,1665400,1000,1
06:11:05,پدرخش3,درخشان‌ تهران,IRO1DRKH0003,57895397980551983,لاستیک و پلاستیک,25,1130735000,1,5658197940000,403.0,12.4,5050,5050,0,0,5004,0,5004,0,0.0,5004,0,0.0,0,0,0,0,0,0,0,0,0,0,0,34,1774995,5050,0,0,0,0,0,0,0,0,0,0,0,0,0,0,0,0,0,0,0,0,0,0,0,0,0,0,0
06:10:39,غفارس3,شیر پاستوریزه پگاه فارس,IRO3GFRZ0003,58017354665581814,محصولات غذایی و آشامیدنی به جز قند و شکر,42,1704275773,1,15508909534300,1288.0,7.1,9250,9250,0,0,9100,0,9010,0,0.0,9100,0,0.0,0,0,0,0,0,0,0,0,0,0,0,11,279449,9250,0,0,0,0,0,0,0,0,0,0,0,0,0,0,0,0,0,0,0,0,0,0,0,0,0,0,0
06:10:40,غگلستا3,شیر پاستوریزه پگاه گلستان,IRO3PGLZ0003,58883372595289893,محصولات غذایی و آشامیدنی به جز قند و شکر,42,1115000000,1,12220400000000,1571.0,7.0,10860,10860,0,0,10960,0,11060,0,0.0,10960,0,0.0,0,0,0,0,0,0,0,0,0,0,0,15,395651,10860,0,0,0,0,0,0,0,0,0,0,0,0,0,0,0,0,0,0,0,0,0,0,0,0,0,0,0
06:10:48,کمان,س.خ.کمان کاریزما 35% تادیه,IRT3PC030001,58965710006903807,صندوق سرمایه‌گذاری قابل معامله,68,10000000,1,5500000000000,,,495000,605000,0,0,550000,0,550000,0,0.0,550000,0,0.0,0,0,0,0,0,0,0,0,0,0,0,0,0,0,550000,1000,1,0,0,0,573500,88500,1,0,0,0,0,0,0,0,0,0,0,0,0,0,0,0,0,0,0
06:11:05,فروس3,فروسیلیس‌ ایران,IRO1FRIS0003,59452355153330500,فلزات اساسی,27,8000000000,1,21888000000000,283.0,9.7,2818,2818,0,0,2736,0,2736,0,0.0,2736,0,0.0,0,0,0,0,0,0,0,0,0,0,0,2,800000,2818,0,0,0,0,0,0,0,0,0,0,0,0,0,0,0,0,0,0,0,0,0,0,0,0,0,0,0
06:11:04,آسیا3,بیمه آسیا,IRO1ASIA0003,59677105780248145,بیمه و صندوق بازنشستگی به جز تامین اجتماعی,66,35000000000,1,86835000000000,1701.0,1.5,2554,2554,0,0,2481,0,2505,0,0.0,2481,0,0.0,0,0,0,0,0,0,0,0,0,0,0,95,36421449,2554,0,0,0,0,0,0,0,0,0,0,0,0,0,0,0,0,0,0,0,0,0,0,0,0,0,0,0
06:11:14,زپارس3,ملی کشت و صنعت و دامپروری پارس,IRO1ZPRS0003,59973172339696617,زراعت و خدمات وابسته,1,1395340000,1,36836976000000,956.0,27.6,27010,27010,0,0,26400,0,26000,0,0.0,26400,0,0.0,0,0,0,0,0,0,0,0,0,0,0,3,12144,27010,0,0,0,0,0,0,0,0,0,0,0,0,0,0,0,0,0,0,0,0,0,0,0,0,0,0,0
06:11:09,تایرا3,تراکتورسازی‌ایران,IRO1TRIR0003,60148153641790288,ماشین‌آلات و تجهیزات,29,55800000000,1,114724800000000,602.0,3.4,2092,2092,0,0,2056,0,2053,0,0.0,2056,0,0.0,0,0,0,0,0,0,0,0,0,0,0,7,918402,2092,0,0,0,0,0,0,0,0,0,0,0,0,0,0,0,0,0,0,0,0,0,0,0,0,0,0,0
06:11:04,کلوند3,کاشی‌ الوند,IRO1ALVN0003,60298476338592154,کاشی و سرامیک,49,5350000000,1,25246650000000,898.0,5.3,4721,4721,0,0,4719,0,4731,0,0.0,4719,0,0.0,0,0,0,0,0,0,0,0,0,0,0,235,87591383,4721,0,0,0,0,0,0,0,0,0,0,0,0,0,0,0,0,0,0,0,0,0,0,0,0,0,0,0
06:11:05,لخزر3,پارس‌ خزر,IRO1KHAZ0003,61883242210888838,ماشین‌آلات و تجهیزات,29,6237000000,1,34428240000000,1425.0,3.9,5680,5680,0,0,5520,0,5520,0,0.0,5520,0,0.0,0,0,0,0,0,0,0,0,0,0,0,2,238369,5680,0,0,0,0,0,0,0,0,0,0,0,0,0,0,0,0,0,0,0,0,0,0,0,0,0,0,0
06:11:09,سصفها3,سیمان‌اصفهان,IRO1SEFH0003,62013429461571970,سیمان، آهک و گچ,53,3000000000,1,68460000000000,1640.0,13.9,23500,23500,0,0,22820,0,22830,0,0.0,22820,0,0.0,0,0,0,0,0,0,0,0,0,0,0,16,279655,23500,0,0,0,0,0,0,0,0,0,0,0,0,0,0,0,0,0,0,0,0,0,0,0,0,0,0,0
06:11:09,پی پاد3,پرداخت الکترونیک پاسارگاد,IRO1PYPD0003,62391845484334747,رایانه و فعالیت‌های وابسته به آن,72,7000000000,1,21616000000000,693.0,4.5,3013,3013,0,0,3088,0,3040,0,0.0,3088,0,0.0,0,0,0,0,0,0,0,0,0,0,0,8,855017,3013,0,0,0,0,0,0,0,0,0,0,0,0,0,0,0,0,0,0,0,0,0,0,0,0,0,0,0
06:11:05,غگل3,گلوکوزان,IRO1GCOZ0003,62539634098245906,محصولات غذایی و آشامیدنی به جز قند و شکر,42,15000000000,1,95100000000000,519.0,12.2,6510,6510,0,0,6340,0,6390,0,0.0,6340,0,0.0,0,0,0,0,0,0,0,0,0,0,0,9,271366,6510,0,0,0,0,0,0,0,0,0,0,0,0,0,0,0,0,0,0,0,0,0,0,0,0,0,0,0
06:11:05,ختوقا3,قطعات‌ اتومبیل‌ ایران,IRO1GHAT0003,64113430299387793,خودرو و ساخت قطعات,34,6201312000,1,24526188960000,227.0,17.4,3989,3989,0,0,3955,0,3953,0,0.0,3955,0,0.0,0,0,0,0,0,0,0,0,0,0,0,18,2730331,3989,0,0,0,0,0,0,0,0,0,0,0,0,0,0,0,0,0,0,0,0,0,0,0,0,0,0,0
06:10:38,ثغرب3,شرکت سرمایه گذاری مسکن شمالغرب,IRO3CGRZ0003,64713619755505784,انبوه‌سازی، املاک و مستغلات,70,2400000000,1,12504000000000,420.0,12.4,5360,5360,0,0,5210,0,5215,0,0.0,5210,0,0.0,0,0,0,0,0,0,0,0,0,0,0,2,10294,5360,0,0,0,0,0,0,0,0,0,0,0,0,0,0,0,0,0,0,0,0,0,0,0,0,0,0,0
06:10:39,کلر3,کلر پارس,IRO3CHPZ0003,64969599336655725,محصولات شیمیایی,44,7364331440,1,69519288793600,1461.0,6.5,9720,9720,0,0,9440,0,9440,0,0.0,9440,0,0.0,0,0,0,0,0,0,0,0,0,0,0,69,10230611,9720,0,0,0,0,0,0,0,0,0,0,0,0,0,0,0,0,0,0,0,0,0,0,0,0,0,0,0
06:10:40,ثالوند3,سرمایه گذاری مسکن الوند,IRO3SLVZ0003,65130756955225803,انبوه‌سازی، املاک و مستغلات,70,3200000000,1,13664000000000,73.0,58.5,4159,4159,0,0,4270,0,4246,0,0.0,4270,0,0.0,0,0,0,0,0,0,0,0,0,0,0,6,42600,4159,0,0,0,0,0,0,0,0,0,0,0,0,0,0,0,0,0,0,0,0,0,0,0,0,0,0,0
06:11:05,قنیشا3,قند  نیشابور,IRO1GNBO0003,65166813612670443,قند و شکر,38,4000000000,1,8748000000000,164.0,13.3,2241,2241,0,0,2187,0,2232,0,0.0,2187,0,0.0,0,0,0,0,0,0,0,0,0,0,0,3,825000,2241,0,0,0,0,0,0,0,0,0,0,0,0,0,0,0,0,0,0,0,0,0,0,0,0,0,0,0
06:11:09,خنصیر3,مهندسی‌نصیرماشین,IRO1MNSR0003,65737022972832642,خودرو و ساخت قطعات,34,2600000000,1,8057400000000,516.0,6.0,3172,3172,0,0,3099,0,3090,0,0.0,3099,0,0.0,0,0,0,0,0,0,0,0,0,0,0,4,164945,3172,0,0,0,0,0,0,0,0,0,0,0,0,0,0,0,0,0,0,0,0,0,0,0,0,0,0,0
06:11:09,سغرب3,سیمان‌غرب,IRO1SGRB0003,65772856032071687,سیمان، آهک و گچ,53,5650000000,1,46386500000000,1082.0,7.6,8440,8440,0,0,8210,0,8240,0,0.0,8210,0,0.0,0,0,0,0,0,0,0,0,0,0,0,12,182769,8440,0,0,0,0,0,0,0,0,0,0,0,0,0,0,0,0,0,0,0,0,0,0,0,0,0,0,0
06:10:40,وسبحان3,سرمایه گذاری سبحان,IRO3SOBZ0003,65881670700969848,سرمایه‌گذاری‌ها,56,16000000000,1,26112000000000,736.0,2.2,1675,1675,0,0,1632,0,1639,0,0.0,1632,0,0.0,0,0,0,0,0,0,0,0,0,0,0,3,1204000,1675,0,0,0,0,0,0,0,0,0,0,0,0,0,0,0,0,0,0,0,0,0,0,0,0,0,0,0
06:10:40,درهآور3,دارویی ره آورد تامین,IRO3RAPZ0003,65964705156218813,مواد و محصولات دارویی,43,2675294000,1,31247433920000,1633.0,7.2,11970,11970,0,0,11680,0,11670,0,0.0,11680,0,0.0,0,0,0,0,0,0,0,0,0,0,0,2,200000,11970,0,0,0,0,0,0,0,0,0,0,0,0,0,0,0,0,0,0,0,0,0,0,0,0,0,0,0
06:11:09,رکیش3,کارت اعتباری ایران کیش,IRO1RKSH0003,66002357231333102,رایانه و فعالیت‌های وابسته به آن,72,10000000000,1,16760000000000,126.0,13.3,1696,1696,0,0,1676,0,1675,0,0.0,1676,0,0.0,0,0,0,0,0,0,0,0,0,0,0,1,10000,1696,0,0,0,0,0,0,0,0,0,0,0,0,0,0,0,0,0,0,0,0,0,0,0,0,0,0,0
06:11:04,خاذین3,سایپاآذین,IRO1AZIN0003,67323019483083232,خودرو و ساخت قطعات,34,4455692846,1,8898018613462,-334.0,-6.0,2040,2040,0,0,1997,0,1984,0,0.0,1997,0,0.0,0,0,0,0,0,0,0,0,0,0,0,1,2451,2040,0,0,0,0,0,0,0,0,0,0,0,0,0,0,0,0,0,0,0,0,0,0,0,0,0,0,0
06:11:09,فاما3,صنعتی‌ آما,IRO1SAMA0003,68273571877673611,ساخت محصولات فلزی,28,12500000000,1,45825000000000,683.0,5.4,3716,3716,0,0,3666,0,3616,0,0.0,3666,0,0.0,0,0,0,0,0,0,0,0,0,0,0,5,350603,3716,0,0,0,0,0,0,0,0,0,0,0,0,0,0,0,0,0,0,0,0,0,0,0,0,0,0,0
06:11:09,غشاذر3,پگاه‌آذربایجان‌غربی,IRO1SHPZ0003,68841321577159127,محصولات غذایی و آشامیدنی به جز قند و شکر,42,1714137648,1,23089434118560,2153.0,6.3,13870,13870,0,0,13470,0,13590,0,0.0,13470,0,0.0,0,0,0,0,0,0,0,0,0,0,0,2,110000,13870,0,0,0,0,0,0,0,0,0,0,0,0,0,0,0,0,0,0,0,0,0,0,0,0,0,0,0
06:10:40,حسینا3,توسعه خدمات دریایی وبندری سینا,IRO3SMBZ0003,69761013953030582,حمل و نقل، انبارداری و ارتباطات,60,8995118000,1,116666680460000,2603.0,5.0,13110,13110,0,0,12970,0,12960,0,0.0,12970,0,0.0,0,0,0,0,0,0,0,0,0,0,0,20,844700,13110,0,0,0,0,0,0,0,0,0,0,0,0,0,0,0,0,0,0,0,0,0,0,0,0,0,0,0
06:11:09,ساراب3,سیمان‌ داراب,IRO1SDAB0003,69784233554967940,سیمان، آهک و گچ,53,1260000000,1,76860000000000,6741.0,9.0,62820,62820,0,0,61000,0,61000,0,0.0,61000,0,0.0,0,0,0,0,0,0,0,0,0,0,0,5,75060,62820,0,0,0,0,0,0,0,0,0,0,0,0,0,0,0,0,0,0,0,0,0,0,0,0,0,0,0
06:11:05,قپیرا3,فرآورده‌های‌غدایی‌وقندپیرانشهر,IRO1GPSH0003,70004670678482730,قند و شکر,38,2529129000,1,34421445690000,1836.0,7.4,14000,14000,0,0,13610,0,13740,0,0.0,13610,0,0.0,0,0,0,0,0,0,0,0,0,0,0,1,5000,14000,0,0,0,0,0,0,0,0,0,0,0,0,0,0,0,0,0,0,0,0,0,0,0,0,0,0,0
06:10:38,حآسا3,آسیا سیر ارس,IRO3ASAZ0003,70719580338530080,حمل و نقل، انبارداری و ارتباطات,60,3800000000,1,11939600000000,197.0,15.9,3058,3058,0,0,3142,0,3123,0,0.0,3142,0,0.0,0,0,0,0,0,0,0,0,0,0,0,3,118000,3058,0,0,0,0,0,0,0,0,0,0,0,0,0,0,0,0,0,0,0,0,0,0,0,0,0,0,0
06:10:38,والماس3,س. الماس حکمت ایرانیان,IRO3AHIZ0003,71997616531391295,سرمایه‌گذاری‌ها,56,6600000000,1,11266200000000,393.0,4.3,1756,1756,0,0,1707,0,1743,0,0.0,1707,0,0.0,0,0,0,0,0,0,0,0,0,0,0,2,52556,1756,0,0,0,0,0,0,0,0,0,0,0,0,0,0,0,0,0,0,0,0,0,0,0,0,0,0,0
06:10:40,فسوژ3,سوژمیران,IRO3SOJZ0003,72028609344780100,فلزات اساسی,27,2400000000,1,22152000000000,2575.0,3.6,9490,9490,0,0,9230,0,9230,0,0.0,9230,0,0.0,0,0,0,0,0,0,0,0,0,0,0,40,3630036,9490,0,0,0,0,0,0,0,0,0,0,0,0,0,0,0,0,0,0,0,0,0,0,0,0,0,0,0
